source,target,type,relationship_type,source_type,priority_score
41811383,4168837,SAME_TYPE,ENTITY,synthetic,
41811383,417087,SAME_TYPE,ENTITY,synthetic,
41811383,41711967,SAME_TYPE,ENTITY,synthetic,
41811383,41721803,SAME_TYPE,ENTITY,synthetic,
41811383,41787264,SAME_TYPE,ENTITY,synthetic,
41811383,41791519,SAME_TYPE,ENTITY,synthetic,
41811383,41913794,SAME_TYPE,ENTITY,synthetic,
41811383,41843450,SAME_TYPE,ENTITY,synthetic,
41811383,41954257,SAME_TYPE,ENTITY,synthetic,
41811383,42064801,SAME_TYPE,ENTITY,synthetic,
41811383,42091301,SAME_TYPE,ENTITY,synthetic,
41811383,42106373,SAME_TYPE,ENTITY,synthetic,
41811383,42162738,SAME_TYPE,ENTITY,synthetic,
41811383,42164534,SAME_TYPE,ENTITY,synthetic,
41811383,42187699,SAME_TYPE,ENTITY,synthetic,
41811383,42271,SAME_TYPE,ENTITY,synthetic,
41811383,4238484,SAME_TYPE,ENTITY,synthetic,
41811383,42403762,SAME_TYPE,ENTITY,synthetic,
41811383,42405088,SAME_TYPE,ENTITY,synthetic,
41811383,42253272,SAME_TYPE,ENTITY,synthetic,
41811383,42419933,SAME_TYPE,ENTITY,synthetic,
41811383,42428263,SAME_TYPE,ENTITY,synthetic,
41811383,4249765,SAME_TYPE,ENTITY,synthetic,
41811383,42508934,SAME_TYPE,ENTITY,synthetic,
41811383,42297368,SAME_TYPE,ENTITY,synthetic,
41811383,426549,SAME_TYPE,ENTITY,synthetic,
41811383,42654916,SAME_TYPE,ENTITY,synthetic,
41811383,42662412,SAME_TYPE,ENTITY,synthetic,
41811383,42690068,SAME_TYPE,ENTITY,synthetic,
41811383,42703173,SAME_TYPE,ENTITY,synthetic,
41811383,42629029,SAME_TYPE,ENTITY,synthetic,
41811383,4280465,SAME_TYPE,ENTITY,synthetic,
41811383,428181,SAME_TYPE,ENTITY,synthetic,
41811383,42779199,SAME_TYPE,ENTITY,synthetic,
41811383,42980506,SAME_TYPE,ENTITY,synthetic,
418203,41827513,SAME_TYPE,ENTITY,synthetic,
418203,416818,SAME_TYPE,ENTITY,synthetic,
418203,416875,SAME_TYPE,ENTITY,synthetic,
418203,417087,SAME_TYPE,ENTITY,synthetic,
418203,41720592,SAME_TYPE,ENTITY,synthetic,
418203,41919362,SAME_TYPE,ENTITY,synthetic,
418203,418358,SAME_TYPE,ENTITY,synthetic,
418203,41883603,SAME_TYPE,ENTITY,synthetic,
418203,4196892,SAME_TYPE,ENTITY,synthetic,
418203,420595,SAME_TYPE,ENTITY,synthetic,
418203,420618,SAME_TYPE,ENTITY,synthetic,
418203,42062675,SAME_TYPE,ENTITY,synthetic,
418203,42166088,SAME_TYPE,ENTITY,synthetic,
418203,421717,SAME_TYPE,ENTITY,synthetic,
418203,42205304,SAME_TYPE,ENTITY,synthetic,
418203,42256685,SAME_TYPE,ENTITY,synthetic,
418203,42271,SAME_TYPE,ENTITY,synthetic,
418203,4238484,SAME_TYPE,ENTITY,synthetic,
418203,423940,SAME_TYPE,ENTITY,synthetic,
418203,42284392,SAME_TYPE,ENTITY,synthetic,
418203,42428263,SAME_TYPE,ENTITY,synthetic,
418203,4245955,SAME_TYPE,ENTITY,synthetic,
418203,42508934,SAME_TYPE,ENTITY,synthetic,
418203,42539895,SAME_TYPE,ENTITY,synthetic,
418203,42684039,SAME_TYPE,ENTITY,synthetic,
418203,42691457,SAME_TYPE,ENTITY,synthetic,
418203,42629769,SAME_TYPE,ENTITY,synthetic,
418203,4279567,SAME_TYPE,ENTITY,synthetic,
418203,428041,SAME_TYPE,ENTITY,synthetic,
418203,42783540,SAME_TYPE,ENTITY,synthetic,
418203,43003219,SAME_TYPE,ENTITY,synthetic,
418222,417087,SAME_TYPE,ENTITY,synthetic,
418222,41720592,SAME_TYPE,ENTITY,synthetic,
418222,4191386,SAME_TYPE,ENTITY,synthetic,
418222,4192496,SAME_TYPE,ENTITY,synthetic,
418222,41865645,SAME_TYPE,ENTITY,synthetic,
418222,41895944,SAME_TYPE,ENTITY,synthetic,
418222,41937497,SAME_TYPE,ENTITY,synthetic,
418222,41941887,SAME_TYPE,ENTITY,synthetic,
418222,41966522,SAME_TYPE,ENTITY,synthetic,
418222,4196892,SAME_TYPE,ENTITY,synthetic,
418222,41985844,SAME_TYPE,ENTITY,synthetic,
418222,42005270,SAME_TYPE,ENTITY,synthetic,
418222,42055230,SAME_TYPE,ENTITY,synthetic,
418222,42164534,SAME_TYPE,ENTITY,synthetic,
418222,4218310,SAME_TYPE,ENTITY,synthetic,
418222,421860,SAME_TYPE,ENTITY,synthetic,
418222,42256448,SAME_TYPE,ENTITY,synthetic,
418222,423809,SAME_TYPE,ENTITY,synthetic,
418222,423833,SAME_TYPE,ENTITY,synthetic,
418222,423940,SAME_TYPE,ENTITY,synthetic,
418222,42162273,SAME_TYPE,ENTITY,synthetic,
418222,42253272,SAME_TYPE,ENTITY,synthetic,
418222,42602167,SAME_TYPE,ENTITY,synthetic,
418222,42428263,SAME_TYPE,ENTITY,synthetic,
418222,42455270,SAME_TYPE,ENTITY,synthetic,
418222,42456331,SAME_TYPE,ENTITY,synthetic,
418222,42457863,SAME_TYPE,ENTITY,synthetic,
418222,4249942,SAME_TYPE,ENTITY,synthetic,
418222,42508934,SAME_TYPE,ENTITY,synthetic,
418222,42518724,SAME_TYPE,ENTITY,synthetic,
418222,42292727,SAME_TYPE,ENTITY,synthetic,
418222,42321260,SAME_TYPE,ENTITY,synthetic,
418222,42657825,SAME_TYPE,ENTITY,synthetic,
418222,42697847,SAME_TYPE,ENTITY,synthetic,
418222,42795668,SAME_TYPE,ENTITY,synthetic,
418222,427628,SAME_TYPE,ENTITY,synthetic,
418222,42978254,SAME_TYPE,ENTITY,synthetic,
41827513,41829157,SAME_TYPE,ENTITY,synthetic,
41827513,417087,SAME_TYPE,ENTITY,synthetic,
41827513,41774947,SAME_TYPE,ENTITY,synthetic,
41827513,41843450,SAME_TYPE,ENTITY,synthetic,
41827513,42053995,SAME_TYPE,ENTITY,synthetic,
41827513,42055230,SAME_TYPE,ENTITY,synthetic,
41827513,42062675,SAME_TYPE,ENTITY,synthetic,
41827513,42091301,SAME_TYPE,ENTITY,synthetic,
41827513,421206,SAME_TYPE,ENTITY,synthetic,
41827513,42164534,SAME_TYPE,ENTITY,synthetic,
41827513,421896,SAME_TYPE,ENTITY,synthetic,
41827513,42199196,SAME_TYPE,ENTITY,synthetic,
41827513,42266980,SAME_TYPE,ENTITY,synthetic,
41827513,42268800,SAME_TYPE,ENTITY,synthetic,
41827513,42275214,SAME_TYPE,ENTITY,synthetic,
41827513,423809,SAME_TYPE,ENTITY,synthetic,
41827513,4238484,SAME_TYPE,ENTITY,synthetic,
41827513,422074,SAME_TYPE,ENTITY,synthetic,
41827513,42428263,SAME_TYPE,ENTITY,synthetic,
41827513,42433646,SAME_TYPE,ENTITY,synthetic,
41827513,4245955,SAME_TYPE,ENTITY,synthetic,
41827513,4249942,SAME_TYPE,ENTITY,synthetic,
41827513,42618611,SAME_TYPE,ENTITY,synthetic,
41827513,42760,SAME_TYPE,ENTITY,synthetic,
41827513,42972262,SAME_TYPE,ENTITY,synthetic,
41827513,43003219,SAME_TYPE,ENTITY,synthetic,
41829157,41830743,SAME_TYPE,ENTITY,synthetic,
41829157,416875,SAME_TYPE,ENTITY,synthetic,
41829157,4168837,SAME_TYPE,ENTITY,synthetic,
41829157,41774947,SAME_TYPE,ENTITY,synthetic,
41829157,41787264,SAME_TYPE,ENTITY,synthetic,
41829157,41795296,SAME_TYPE,ENTITY,synthetic,
41829157,41905605,SAME_TYPE,ENTITY,synthetic,
41829157,419069,SAME_TYPE,ENTITY,synthetic,
41829157,4191386,SAME_TYPE,ENTITY,synthetic,
41829157,41876304,SAME_TYPE,ENTITY,synthetic,
41829157,41936963,SAME_TYPE,ENTITY,synthetic,
41829157,41963727,SAME_TYPE,ENTITY,synthetic,
41829157,419725,SAME_TYPE,ENTITY,synthetic,
41829157,420618,SAME_TYPE,ENTITY,synthetic,
41829157,42064801,SAME_TYPE,ENTITY,synthetic,
41829157,42090008,SAME_TYPE,ENTITY,synthetic,
41829157,42091301,SAME_TYPE,ENTITY,synthetic,
41829157,42164534,SAME_TYPE,ENTITY,synthetic,
41829157,42178545,SAME_TYPE,ENTITY,synthetic,
41829157,42205304,SAME_TYPE,ENTITY,synthetic,
41829157,42257570,SAME_TYPE,ENTITY,synthetic,
41829157,422721,SAME_TYPE,ENTITY,synthetic,
41829157,423833,SAME_TYPE,ENTITY,synthetic,
41829157,4249942,SAME_TYPE,ENTITY,synthetic,
41829157,42508934,SAME_TYPE,ENTITY,synthetic,
41829157,42521661,SAME_TYPE,ENTITY,synthetic,
41829157,42525316,SAME_TYPE,ENTITY,synthetic,
41829157,42535,SAME_TYPE,ENTITY,synthetic,
41829157,42293225,SAME_TYPE,ENTITY,synthetic,
41829157,42320815,SAME_TYPE,ENTITY,synthetic,
41829157,42676113,SAME_TYPE,ENTITY,synthetic,
41829157,42629769,SAME_TYPE,ENTITY,synthetic,
41829157,42747621,SAME_TYPE,ENTITY,synthetic,
41829157,427536,SAME_TYPE,ENTITY,synthetic,
41830743,41687937,SAME_TYPE,ENTITY,synthetic,
41830743,41688554,SAME_TYPE,ENTITY,synthetic,
41830743,41775457,SAME_TYPE,ENTITY,synthetic,
41830743,41787264,SAME_TYPE,ENTITY,synthetic,
41830743,4190613,SAME_TYPE,ENTITY,synthetic,
41830743,41919362,SAME_TYPE,ENTITY,synthetic,
41830743,41925505,SAME_TYPE,ENTITY,synthetic,
41830743,41874908,SAME_TYPE,ENTITY,synthetic,
41830743,41883603,SAME_TYPE,ENTITY,synthetic,
41830743,41959844,SAME_TYPE,ENTITY,synthetic,
41830743,42178545,SAME_TYPE,ENTITY,synthetic,
41830743,422557,SAME_TYPE,ENTITY,synthetic,
41830743,42257570,SAME_TYPE,ENTITY,synthetic,
41830743,42271,SAME_TYPE,ENTITY,synthetic,
41830743,423833,SAME_TYPE,ENTITY,synthetic,
41830743,42406183,SAME_TYPE,ENTITY,synthetic,
41830743,42070430,SAME_TYPE,ENTITY,synthetic,
41830743,42428263,SAME_TYPE,ENTITY,synthetic,
41830743,42518724,SAME_TYPE,ENTITY,synthetic,
41830743,42292727,SAME_TYPE,ENTITY,synthetic,
41830743,42320815,SAME_TYPE,ENTITY,synthetic,
41830743,42653583,SAME_TYPE,ENTITY,synthetic,
41830743,42683614,SAME_TYPE,ENTITY,synthetic,
41830743,42619722,SAME_TYPE,ENTITY,synthetic,
41830743,4279567,SAME_TYPE,ENTITY,synthetic,
41830743,42798679,SAME_TYPE,ENTITY,synthetic,
41830743,42803906,SAME_TYPE,ENTITY,synthetic,
416818,416875,SAME_TYPE,ENTITY,synthetic,
416818,41720592,SAME_TYPE,ENTITY,synthetic,
416818,4190613,SAME_TYPE,ENTITY,synthetic,
416818,419069,SAME_TYPE,ENTITY,synthetic,
416818,4191386,SAME_TYPE,ENTITY,synthetic,
416818,41944252,SAME_TYPE,ENTITY,synthetic,
416818,4196892,SAME_TYPE,ENTITY,synthetic,
416818,419725,SAME_TYPE,ENTITY,synthetic,
416818,41985844,SAME_TYPE,ENTITY,synthetic,
416818,421717,SAME_TYPE,ENTITY,synthetic,
416818,42188417,SAME_TYPE,ENTITY,synthetic,
416818,424274,SAME_TYPE,ENTITY,synthetic,
416818,42535,SAME_TYPE,ENTITY,synthetic,
416818,426595,SAME_TYPE,ENTITY,synthetic,
416818,42676113,SAME_TYPE,ENTITY,synthetic,
416818,42690068,SAME_TYPE,ENTITY,synthetic,
416818,42691457,SAME_TYPE,ENTITY,synthetic,
416818,42629029,SAME_TYPE,ENTITY,synthetic,
416818,42795668,SAME_TYPE,ENTITY,synthetic,
416818,42801205,SAME_TYPE,ENTITY,synthetic,
416818,42980506,SAME_TYPE,ENTITY,synthetic,
416818,42980855,SAME_TYPE,ENTITY,synthetic,
416818,42984245,SAME_TYPE,ENTITY,synthetic,
416875,41698988,SAME_TYPE,ENTITY,synthetic,
416875,41720592,SAME_TYPE,ENTITY,synthetic,
416875,41843450,SAME_TYPE,ENTITY,synthetic,
416875,41895282,SAME_TYPE,ENTITY,synthetic,
416875,41994263,SAME_TYPE,ENTITY,synthetic,
416875,42005270,SAME_TYPE,ENTITY,synthetic,
416875,42164534,SAME_TYPE,ENTITY,synthetic,
416875,421860,SAME_TYPE,ENTITY,synthetic,
416875,42187699,SAME_TYPE,ENTITY,synthetic,
416875,42189409,SAME_TYPE,ENTITY,synthetic,
416875,421896,SAME_TYPE,ENTITY,synthetic,
416875,42194331,SAME_TYPE,ENTITY,synthetic,
416875,42405088,SAME_TYPE,ENTITY,synthetic,
416875,42490512,SAME_TYPE,ENTITY,synthetic,
416875,42602167,SAME_TYPE,ENTITY,synthetic,
416875,424206,SAME_TYPE,ENTITY,synthetic,
416875,42426605,SAME_TYPE,ENTITY,synthetic,
416875,42428263,SAME_TYPE,ENTITY,synthetic,
416875,42321260,SAME_TYPE,ENTITY,synthetic,
416875,42657825,SAME_TYPE,ENTITY,synthetic,
416875,42629029,SAME_TYPE,ENTITY,synthetic,
416875,4279567,SAME_TYPE,ENTITY,synthetic,
416875,42984245,SAME_TYPE,ENTITY,synthetic,
41687937,41688554,SAME_TYPE,ENTITY,synthetic,
41687937,41720592,SAME_TYPE,ENTITY,synthetic,
41687937,41721803,SAME_TYPE,ENTITY,synthetic,
41687937,41787264,SAME_TYPE,ENTITY,synthetic,
41687937,4190613,SAME_TYPE,ENTITY,synthetic,
41687937,41919362,SAME_TYPE,ENTITY,synthetic,
41687937,4192496,SAME_TYPE,ENTITY,synthetic,
41687937,418358,SAME_TYPE,ENTITY,synthetic,
41687937,41874908,SAME_TYPE,ENTITY,synthetic,
41687937,41968880,SAME_TYPE,ENTITY,synthetic,
41687937,41994263,SAME_TYPE,ENTITY,synthetic,
41687937,42062675,SAME_TYPE,ENTITY,synthetic,
41687937,42091269,SAME_TYPE,ENTITY,synthetic,
41687937,42178545,SAME_TYPE,ENTITY,synthetic,
41687937,42194331,SAME_TYPE,ENTITY,synthetic,
41687937,42268800,SAME_TYPE,ENTITY,synthetic,
41687937,42271,SAME_TYPE,ENTITY,synthetic,
41687937,42410849,SAME_TYPE,ENTITY,synthetic,
41687937,42379647,SAME_TYPE,ENTITY,synthetic,
41687937,42460866,SAME_TYPE,ENTITY,synthetic,
41687937,4249765,SAME_TYPE,ENTITY,synthetic,
41687937,42504802,SAME_TYPE,ENTITY,synthetic,
41687937,42539895,SAME_TYPE,ENTITY,synthetic,
41687937,42293225,SAME_TYPE,ENTITY,synthetic,
41687937,426509,SAME_TYPE,ENTITY,synthetic,
41687937,42657825,SAME_TYPE,ENTITY,synthetic,
41687937,42683614,SAME_TYPE,ENTITY,synthetic,
41687937,426405,SAME_TYPE,ENTITY,synthetic,
41687937,4279567,SAME_TYPE,ENTITY,synthetic,
41687937,4280395,SAME_TYPE,ENTITY,synthetic,
41687937,4280465,SAME_TYPE,ENTITY,synthetic,
41687937,42750382,SAME_TYPE,ENTITY,synthetic,
41687937,427536,SAME_TYPE,ENTITY,synthetic,
41687937,42773458,SAME_TYPE,ENTITY,synthetic,
41687937,43003219,SAME_TYPE,ENTITY,synthetic,
4168837,41775457,SAME_TYPE,ENTITY,synthetic,
4168837,419069,SAME_TYPE,ENTITY,synthetic,
4168837,41913794,SAME_TYPE,ENTITY,synthetic,
4168837,41876304,SAME_TYPE,ENTITY,synthetic,
4168837,41936963,SAME_TYPE,ENTITY,synthetic,
4168837,41962755,SAME_TYPE,ENTITY,synthetic,
4168837,41968880,SAME_TYPE,ENTITY,synthetic,
4168837,42005270,SAME_TYPE,ENTITY,synthetic,
4168837,42048570,SAME_TYPE,ENTITY,synthetic,
4168837,42064801,SAME_TYPE,ENTITY,synthetic,
4168837,42106373,SAME_TYPE,ENTITY,synthetic,
4168837,42162738,SAME_TYPE,ENTITY,synthetic,
4168837,42165259,SAME_TYPE,ENTITY,synthetic,
4168837,4218310,SAME_TYPE,ENTITY,synthetic,
4168837,42205304,SAME_TYPE,ENTITY,synthetic,
4168837,422074,SAME_TYPE,ENTITY,synthetic,
4168837,42707362,SAME_TYPE,ENTITY,synthetic,
4168837,42420470,SAME_TYPE,ENTITY,synthetic,
4168837,42509590,SAME_TYPE,ENTITY,synthetic,
4168837,42535,SAME_TYPE,ENTITY,synthetic,
4168837,42545364,SAME_TYPE,ENTITY,synthetic,
4168837,42321260,SAME_TYPE,ENTITY,synthetic,
4168837,42654916,SAME_TYPE,ENTITY,synthetic,
4168837,426595,SAME_TYPE,ENTITY,synthetic,
4168837,42690068,SAME_TYPE,ENTITY,synthetic,
4168837,42697847,SAME_TYPE,ENTITY,synthetic,
4168837,4280465,SAME_TYPE,ENTITY,synthetic,
4168837,42779199,SAME_TYPE,ENTITY,synthetic,
4168837,42978254,SAME_TYPE,ENTITY,synthetic,
41688554,41720592,SAME_TYPE,ENTITY,synthetic,
41688554,41721803,SAME_TYPE,ENTITY,synthetic,
41688554,419069,SAME_TYPE,ENTITY,synthetic,
41688554,41883603,SAME_TYPE,ENTITY,synthetic,
41688554,41936963,SAME_TYPE,ENTITY,synthetic,
41688554,41966522,SAME_TYPE,ENTITY,synthetic,
41688554,42005270,SAME_TYPE,ENTITY,synthetic,
41688554,42055230,SAME_TYPE,ENTITY,synthetic,
41688554,420618,SAME_TYPE,ENTITY,synthetic,
41688554,42062675,SAME_TYPE,ENTITY,synthetic,
41688554,42091269,SAME_TYPE,ENTITY,synthetic,
41688554,42187699,SAME_TYPE,ENTITY,synthetic,
41688554,42406183,SAME_TYPE,ENTITY,synthetic,
41688554,42253272,SAME_TYPE,ENTITY,synthetic,
41688554,42379647,SAME_TYPE,ENTITY,synthetic,
41688554,42420470,SAME_TYPE,ENTITY,synthetic,
41688554,42426605,SAME_TYPE,ENTITY,synthetic,
41688554,42428263,SAME_TYPE,ENTITY,synthetic,
41688554,42433646,SAME_TYPE,ENTITY,synthetic,
41688554,42456331,SAME_TYPE,ENTITY,synthetic,
41688554,42460866,SAME_TYPE,ENTITY,synthetic,
41688554,42504802,SAME_TYPE,ENTITY,synthetic,
41688554,42293225,SAME_TYPE,ENTITY,synthetic,
41688554,426595,SAME_TYPE,ENTITY,synthetic,
41688554,42619722,SAME_TYPE,ENTITY,synthetic,
41688554,42629769,SAME_TYPE,ENTITY,synthetic,
41688554,4279567,SAME_TYPE,ENTITY,synthetic,
41688554,42799242,SAME_TYPE,ENTITY,synthetic,
41688554,428156,SAME_TYPE,ENTITY,synthetic,
41688554,42773458,SAME_TYPE,ENTITY,synthetic,
41688554,42779199,SAME_TYPE,ENTITY,synthetic,
41688554,42972262,SAME_TYPE,ENTITY,synthetic,
41688554,43003219,SAME_TYPE,ENTITY,synthetic,
41698988,4191386,SAME_TYPE,ENTITY,synthetic,
41698988,41925505,SAME_TYPE,ENTITY,synthetic,
41698988,418358,SAME_TYPE,ENTITY,synthetic,
41698988,41941887,SAME_TYPE,ENTITY,synthetic,
41698988,41959844,SAME_TYPE,ENTITY,synthetic,
41698988,41963727,SAME_TYPE,ENTITY,synthetic,
41698988,419735,SAME_TYPE,ENTITY,synthetic,
41698988,42052337,SAME_TYPE,ENTITY,synthetic,
41698988,42091301,SAME_TYPE,ENTITY,synthetic,
41698988,42164534,SAME_TYPE,ENTITY,synthetic,
41698988,42256685,SAME_TYPE,ENTITY,synthetic,
41698988,42257570,SAME_TYPE,ENTITY,synthetic,
41698988,422721,SAME_TYPE,ENTITY,synthetic,
41698988,423809,SAME_TYPE,ENTITY,synthetic,
41698988,42410849,SAME_TYPE,ENTITY,synthetic,
41698988,424274,SAME_TYPE,ENTITY,synthetic,
41698988,42455270,SAME_TYPE,ENTITY,synthetic,
41698988,4249765,SAME_TYPE,ENTITY,synthetic,
41698988,42518724,SAME_TYPE,ENTITY,synthetic,
41698988,42525316,SAME_TYPE,ENTITY,synthetic,
41698988,42654916,SAME_TYPE,ENTITY,synthetic,
41698988,4279567,SAME_TYPE,ENTITY,synthetic,
41698988,42799242,SAME_TYPE,ENTITY,synthetic,
41698988,42801205,SAME_TYPE,ENTITY,synthetic,
41698988,428041,SAME_TYPE,ENTITY,synthetic,
41698988,42747621,SAME_TYPE,ENTITY,synthetic,
41698988,427536,SAME_TYPE,ENTITY,synthetic,
41698988,42760,SAME_TYPE,ENTITY,synthetic,
41707085,417087,SAME_TYPE,ENTITY,synthetic,
41707085,41791519,SAME_TYPE,ENTITY,synthetic,
41707085,41925505,SAME_TYPE,ENTITY,synthetic,
41707085,41865645,SAME_TYPE,ENTITY,synthetic,
41707085,41883603,SAME_TYPE,ENTITY,synthetic,
41707085,41994263,SAME_TYPE,ENTITY,synthetic,
41707085,420595,SAME_TYPE,ENTITY,synthetic,
41707085,42064801,SAME_TYPE,ENTITY,synthetic,
41707085,42164534,SAME_TYPE,ENTITY,synthetic,
41707085,42166088,SAME_TYPE,ENTITY,synthetic,
41707085,42189409,SAME_TYPE,ENTITY,synthetic,
41707085,421896,SAME_TYPE,ENTITY,synthetic,
41707085,42194331,SAME_TYPE,ENTITY,synthetic,
41707085,42199196,SAME_TYPE,ENTITY,synthetic,
41707085,42410849,SAME_TYPE,ENTITY,synthetic,
41707085,42490512,SAME_TYPE,ENTITY,synthetic,
41707085,42602167,SAME_TYPE,ENTITY,synthetic,
41707085,424274,SAME_TYPE,ENTITY,synthetic,
41707085,42456331,SAME_TYPE,ENTITY,synthetic,
41707085,42508934,SAME_TYPE,ENTITY,synthetic,
41707085,42535,SAME_TYPE,ENTITY,synthetic,
41707085,42545364,SAME_TYPE,ENTITY,synthetic,
41707085,42292727,SAME_TYPE,ENTITY,synthetic,
41707085,426509,SAME_TYPE,ENTITY,synthetic,
41707085,42653583,SAME_TYPE,ENTITY,synthetic,
41707085,42657825,SAME_TYPE,ENTITY,synthetic,
41707085,42690068,SAME_TYPE,ENTITY,synthetic,
41707085,42803906,SAME_TYPE,ENTITY,synthetic,
41707085,42748130,SAME_TYPE,ENTITY,synthetic,
41707085,427516,SAME_TYPE,ENTITY,synthetic,
41707085,42760,SAME_TYPE,ENTITY,synthetic,
41707085,427628,SAME_TYPE,ENTITY,synthetic,
41707085,42783540,SAME_TYPE,ENTITY,synthetic,
41707085,42984245,SAME_TYPE,ENTITY,synthetic,
417087,41721803,SAME_TYPE,ENTITY,synthetic,
417087,41774947,SAME_TYPE,ENTITY,synthetic,
417087,41791519,SAME_TYPE,ENTITY,synthetic,
417087,41905605,SAME_TYPE,ENTITY,synthetic,
417087,4190613,SAME_TYPE,ENTITY,synthetic,
417087,41843450,SAME_TYPE,ENTITY,synthetic,
417087,41895944,SAME_TYPE,ENTITY,synthetic,
417087,419735,SAME_TYPE,ENTITY,synthetic,
417087,41994263,SAME_TYPE,ENTITY,synthetic,
417087,42005270,SAME_TYPE,ENTITY,synthetic,
417087,42091301,SAME_TYPE,ENTITY,synthetic,
417087,42164534,SAME_TYPE,ENTITY,synthetic,
417087,42165259,SAME_TYPE,ENTITY,synthetic,
417087,421860,SAME_TYPE,ENTITY,synthetic,
417087,42188417,SAME_TYPE,ENTITY,synthetic,
417087,423940,SAME_TYPE,ENTITY,synthetic,
417087,422074,SAME_TYPE,ENTITY,synthetic,
417087,42284392,SAME_TYPE,ENTITY,synthetic,
417087,42379647,SAME_TYPE,ENTITY,synthetic,
417087,42420470,SAME_TYPE,ENTITY,synthetic,
417087,42434240,SAME_TYPE,ENTITY,synthetic,
417087,42438131,SAME_TYPE,ENTITY,synthetic,
417087,42457863,SAME_TYPE,ENTITY,synthetic,
417087,42460866,SAME_TYPE,ENTITY,synthetic,
417087,42523128,SAME_TYPE,ENTITY,synthetic,
417087,42525316,SAME_TYPE,ENTITY,synthetic,
417087,42539895,SAME_TYPE,ENTITY,synthetic,
417087,42293225,SAME_TYPE,ENTITY,synthetic,
417087,42320815,SAME_TYPE,ENTITY,synthetic,
417087,42654916,SAME_TYPE,ENTITY,synthetic,
417087,42662412,SAME_TYPE,ENTITY,synthetic,
417087,42620145,SAME_TYPE,ENTITY,synthetic,
417087,42629029,SAME_TYPE,ENTITY,synthetic,
417087,426405,SAME_TYPE,ENTITY,synthetic,
417087,42795668,SAME_TYPE,ENTITY,synthetic,
417087,42799242,SAME_TYPE,ENTITY,synthetic,
417087,42972401,SAME_TYPE,ENTITY,synthetic,
417087,43003219,SAME_TYPE,ENTITY,synthetic,
41711967,41775457,SAME_TYPE,ENTITY,synthetic,
41711967,41797969,SAME_TYPE,ENTITY,synthetic,
41711967,41941887,SAME_TYPE,ENTITY,synthetic,
41711967,41963727,SAME_TYPE,ENTITY,synthetic,
41711967,4196892,SAME_TYPE,ENTITY,synthetic,
41711967,419735,SAME_TYPE,ENTITY,synthetic,
41711967,42048570,SAME_TYPE,ENTITY,synthetic,
41711967,42055230,SAME_TYPE,ENTITY,synthetic,
41711967,42064801,SAME_TYPE,ENTITY,synthetic,
41711967,421860,SAME_TYPE,ENTITY,synthetic,
41711967,42187699,SAME_TYPE,ENTITY,synthetic,
41711967,42189104,SAME_TYPE,ENTITY,synthetic,
41711967,42420470,SAME_TYPE,ENTITY,synthetic,
41711967,424206,SAME_TYPE,ENTITY,synthetic,
41711967,4249942,SAME_TYPE,ENTITY,synthetic,
41711967,42508934,SAME_TYPE,ENTITY,synthetic,
41711967,42523128,SAME_TYPE,ENTITY,synthetic,
41711967,42539895,SAME_TYPE,ENTITY,synthetic,
41711967,42662412,SAME_TYPE,ENTITY,synthetic,
41711967,427516,SAME_TYPE,ENTITY,synthetic,
41711967,427536,SAME_TYPE,ENTITY,synthetic,
41711967,42972401,SAME_TYPE,ENTITY,synthetic,
41711967,42978254,SAME_TYPE,ENTITY,synthetic,
41711967,42980855,SAME_TYPE,ENTITY,synthetic,
41720592,41774947,SAME_TYPE,ENTITY,synthetic,
41720592,41787264,SAME_TYPE,ENTITY,synthetic,
41720592,41795296,SAME_TYPE,ENTITY,synthetic,
41720592,419069,SAME_TYPE,ENTITY,synthetic,
41720592,4192496,SAME_TYPE,ENTITY,synthetic,
41720592,41874908,SAME_TYPE,ENTITY,synthetic,
41720592,41876304,SAME_TYPE,ENTITY,synthetic,
41720592,41884009,SAME_TYPE,ENTITY,synthetic,
41720592,41937497,SAME_TYPE,ENTITY,synthetic,
41720592,41985844,SAME_TYPE,ENTITY,synthetic,
41720592,42052337,SAME_TYPE,ENTITY,synthetic,
41720592,42090008,SAME_TYPE,ENTITY,synthetic,
41720592,42091301,SAME_TYPE,ENTITY,synthetic,
41720592,421206,SAME_TYPE,ENTITY,synthetic,
41720592,42164534,SAME_TYPE,ENTITY,synthetic,
41720592,42166088,SAME_TYPE,ENTITY,synthetic,
41720592,421717,SAME_TYPE,ENTITY,synthetic,
41720592,4218310,SAME_TYPE,ENTITY,synthetic,
41720592,42199196,SAME_TYPE,ENTITY,synthetic,
41720592,42257570,SAME_TYPE,ENTITY,synthetic,
41720592,42521661,SAME_TYPE,ENTITY,synthetic,
41720592,42525316,SAME_TYPE,ENTITY,synthetic,
41720592,42545364,SAME_TYPE,ENTITY,synthetic,
41720592,426549,SAME_TYPE,ENTITY,synthetic,
41720592,42676113,SAME_TYPE,ENTITY,synthetic,
41720592,42801205,SAME_TYPE,ENTITY,synthetic,
41720592,428041,SAME_TYPE,ENTITY,synthetic,
41720592,42748130,SAME_TYPE,ENTITY,synthetic,
41720592,427536,SAME_TYPE,ENTITY,synthetic,
41720592,42980506,SAME_TYPE,ENTITY,synthetic,
41721803,41787264,SAME_TYPE,ENTITY,synthetic,
41721803,4190613,SAME_TYPE,ENTITY,synthetic,
41721803,4192496,SAME_TYPE,ENTITY,synthetic,
41721803,418358,SAME_TYPE,ENTITY,synthetic,
41721803,41876304,SAME_TYPE,ENTITY,synthetic,
41721803,41941887,SAME_TYPE,ENTITY,synthetic,
41721803,41962755,SAME_TYPE,ENTITY,synthetic,
41721803,41963727,SAME_TYPE,ENTITY,synthetic,
41721803,41966522,SAME_TYPE,ENTITY,synthetic,
41721803,42048570,SAME_TYPE,ENTITY,synthetic,
41721803,42166088,SAME_TYPE,ENTITY,synthetic,
41721803,421717,SAME_TYPE,ENTITY,synthetic,
41721803,42266980,SAME_TYPE,ENTITY,synthetic,
41721803,42275214,SAME_TYPE,ENTITY,synthetic,
41721803,423940,SAME_TYPE,ENTITY,synthetic,
41721803,42284392,SAME_TYPE,ENTITY,synthetic,
41721803,42490512,SAME_TYPE,ENTITY,synthetic,
41721803,42434240,SAME_TYPE,ENTITY,synthetic,
41721803,42438131,SAME_TYPE,ENTITY,synthetic,
41721803,4245955,SAME_TYPE,ENTITY,synthetic,
41721803,42697847,SAME_TYPE,ENTITY,synthetic,
41721803,426405,SAME_TYPE,ENTITY,synthetic,
41721803,4279567,SAME_TYPE,ENTITY,synthetic,
41721803,428181,SAME_TYPE,ENTITY,synthetic,
41721803,42773458,SAME_TYPE,ENTITY,synthetic,
41721803,42779199,SAME_TYPE,ENTITY,synthetic,
41774947,417764,SAME_TYPE,ENTITY,synthetic,
41774947,41791519,SAME_TYPE,ENTITY,synthetic,
41774947,41919362,SAME_TYPE,ENTITY,synthetic,
41774947,41860,SAME_TYPE,ENTITY,synthetic,
41774947,41895944,SAME_TYPE,ENTITY,synthetic,
41774947,41936963,SAME_TYPE,ENTITY,synthetic,
41774947,41937497,SAME_TYPE,ENTITY,synthetic,
41774947,41944252,SAME_TYPE,ENTITY,synthetic,
41774947,420595,SAME_TYPE,ENTITY,synthetic,
41774947,42063961,SAME_TYPE,ENTITY,synthetic,
41774947,4218310,SAME_TYPE,ENTITY,synthetic,
41774947,421896,SAME_TYPE,ENTITY,synthetic,
41774947,42257570,SAME_TYPE,ENTITY,synthetic,
41774947,42266980,SAME_TYPE,ENTITY,synthetic,
41774947,42403762,SAME_TYPE,ENTITY,synthetic,
41774947,42406183,SAME_TYPE,ENTITY,synthetic,
41774947,42410849,SAME_TYPE,ENTITY,synthetic,
41774947,42707362,SAME_TYPE,ENTITY,synthetic,
41774947,424206,SAME_TYPE,ENTITY,synthetic,
41774947,42539895,SAME_TYPE,ENTITY,synthetic,
41774947,42545364,SAME_TYPE,ENTITY,synthetic,
41774947,42620145,SAME_TYPE,ENTITY,synthetic,
41774947,42629769,SAME_TYPE,ENTITY,synthetic,
41774947,426405,SAME_TYPE,ENTITY,synthetic,
41774947,428041,SAME_TYPE,ENTITY,synthetic,
41774947,42978254,SAME_TYPE,ENTITY,synthetic,
41775457,41795296,SAME_TYPE,ENTITY,synthetic,
41775457,41910738,SAME_TYPE,ENTITY,synthetic,
41775457,41925505,SAME_TYPE,ENTITY,synthetic,
41775457,42055230,SAME_TYPE,ENTITY,synthetic,
41775457,42090008,SAME_TYPE,ENTITY,synthetic,
41775457,421717,SAME_TYPE,ENTITY,synthetic,
41775457,421860,SAME_TYPE,ENTITY,synthetic,
41775457,42187699,SAME_TYPE,ENTITY,synthetic,
41775457,42197189,SAME_TYPE,ENTITY,synthetic,
41775457,42199196,SAME_TYPE,ENTITY,synthetic,
41775457,42256448,SAME_TYPE,ENTITY,synthetic,
41775457,422721,SAME_TYPE,ENTITY,synthetic,
41775457,423809,SAME_TYPE,ENTITY,synthetic,
41775457,423940,SAME_TYPE,ENTITY,synthetic,
41775457,422074,SAME_TYPE,ENTITY,synthetic,
41775457,42490512,SAME_TYPE,ENTITY,synthetic,
41775457,42438131,SAME_TYPE,ENTITY,synthetic,
41775457,4249765,SAME_TYPE,ENTITY,synthetic,
41775457,42508934,SAME_TYPE,ENTITY,synthetic,
41775457,42518724,SAME_TYPE,ENTITY,synthetic,
41775457,42525316,SAME_TYPE,ENTITY,synthetic,
41775457,42292727,SAME_TYPE,ENTITY,synthetic,
41775457,42320815,SAME_TYPE,ENTITY,synthetic,
41775457,42691457,SAME_TYPE,ENTITY,synthetic,
41775457,42620145,SAME_TYPE,ENTITY,synthetic,
41775457,42748130,SAME_TYPE,ENTITY,synthetic,
41775457,427516,SAME_TYPE,ENTITY,synthetic,
41775457,42779199,SAME_TYPE,ENTITY,synthetic,
41775457,42783540,SAME_TYPE,ENTITY,synthetic,
41775457,42978254,SAME_TYPE,ENTITY,synthetic,
417764,41910738,SAME_TYPE,ENTITY,synthetic,
417764,41919362,SAME_TYPE,ENTITY,synthetic,
417764,420618,SAME_TYPE,ENTITY,synthetic,
417764,42063961,SAME_TYPE,ENTITY,synthetic,
417764,421206,SAME_TYPE,ENTITY,synthetic,
417764,42162738,SAME_TYPE,ENTITY,synthetic,
417764,42164534,SAME_TYPE,ENTITY,synthetic,
417764,4218310,SAME_TYPE,ENTITY,synthetic,
417764,42256448,SAME_TYPE,ENTITY,synthetic,
417764,42268800,SAME_TYPE,ENTITY,synthetic,
417764,422721,SAME_TYPE,ENTITY,synthetic,
417764,423940,SAME_TYPE,ENTITY,synthetic,
417764,42070430,SAME_TYPE,ENTITY,synthetic,
417764,42253272,SAME_TYPE,ENTITY,synthetic,
417764,424206,SAME_TYPE,ENTITY,synthetic,
417764,42434240,SAME_TYPE,ENTITY,synthetic,
417764,42456331,SAME_TYPE,ENTITY,synthetic,
417764,42457863,SAME_TYPE,ENTITY,synthetic,
417764,4249765,SAME_TYPE,ENTITY,synthetic,
417764,42504802,SAME_TYPE,ENTITY,synthetic,
417764,42539895,SAME_TYPE,ENTITY,synthetic,
417764,42544362,SAME_TYPE,ENTITY,synthetic,
417764,42545364,SAME_TYPE,ENTITY,synthetic,
417764,426509,SAME_TYPE,ENTITY,synthetic,
417764,42803906,SAME_TYPE,ENTITY,synthetic,
417764,42747621,SAME_TYPE,ENTITY,synthetic,
417764,42748130,SAME_TYPE,ENTITY,synthetic,
417764,427536,SAME_TYPE,ENTITY,synthetic,
417764,42984245,SAME_TYPE,ENTITY,synthetic,
41787264,41791519,SAME_TYPE,ENTITY,synthetic,
41787264,41919362,SAME_TYPE,ENTITY,synthetic,
41787264,41941887,SAME_TYPE,ENTITY,synthetic,
41787264,41968880,SAME_TYPE,ENTITY,synthetic,
41787264,41985844,SAME_TYPE,ENTITY,synthetic,
41787264,42062675,SAME_TYPE,ENTITY,synthetic,
41787264,42064801,SAME_TYPE,ENTITY,synthetic,
41787264,42090008,SAME_TYPE,ENTITY,synthetic,
41787264,42091301,SAME_TYPE,ENTITY,synthetic,
41787264,42162738,SAME_TYPE,ENTITY,synthetic,
41787264,42164534,SAME_TYPE,ENTITY,synthetic,
41787264,421717,SAME_TYPE,ENTITY,synthetic,
41787264,4218310,SAME_TYPE,ENTITY,synthetic,
41787264,42188417,SAME_TYPE,ENTITY,synthetic,
41787264,42194331,SAME_TYPE,ENTITY,synthetic,
41787264,42257570,SAME_TYPE,ENTITY,synthetic,
41787264,42707362,SAME_TYPE,ENTITY,synthetic,
41787264,424206,SAME_TYPE,ENTITY,synthetic,
41787264,42456331,SAME_TYPE,ENTITY,synthetic,
41787264,42653583,SAME_TYPE,ENTITY,synthetic,
41787264,42654916,SAME_TYPE,ENTITY,synthetic,
41787264,42684039,SAME_TYPE,ENTITY,synthetic,
41787264,42697847,SAME_TYPE,ENTITY,synthetic,
41787264,42798679,SAME_TYPE,ENTITY,synthetic,
41787264,42799242,SAME_TYPE,ENTITY,synthetic,
41787264,428041,SAME_TYPE,ENTITY,synthetic,
41787264,427628,SAME_TYPE,ENTITY,synthetic,
41787264,42779199,SAME_TYPE,ENTITY,synthetic,
41787264,42984245,SAME_TYPE,ENTITY,synthetic,
41791519,419069,SAME_TYPE,ENTITY,synthetic,
41791519,41913794,SAME_TYPE,ENTITY,synthetic,
41791519,4191386,SAME_TYPE,ENTITY,synthetic,
41791519,4192496,SAME_TYPE,ENTITY,synthetic,
41791519,41843450,SAME_TYPE,ENTITY,synthetic,
41791519,41884009,SAME_TYPE,ENTITY,synthetic,
41791519,41959844,SAME_TYPE,ENTITY,synthetic,
41791519,41962755,SAME_TYPE,ENTITY,synthetic,
41791519,4196892,SAME_TYPE,ENTITY,synthetic,
41791519,41985844,SAME_TYPE,ENTITY,synthetic,
41791519,42005270,SAME_TYPE,ENTITY,synthetic,
41791519,42055230,SAME_TYPE,ENTITY,synthetic,
41791519,42166088,SAME_TYPE,ENTITY,synthetic,
41791519,42187699,SAME_TYPE,ENTITY,synthetic,
41791519,42189409,SAME_TYPE,ENTITY,synthetic,
41791519,421896,SAME_TYPE,ENTITY,synthetic,
41791519,42256448,SAME_TYPE,ENTITY,synthetic,
41791519,42392107,SAME_TYPE,ENTITY,synthetic,
41791519,42406183,SAME_TYPE,ENTITY,synthetic,
41791519,42490512,SAME_TYPE,ENTITY,synthetic,
41791519,42707362,SAME_TYPE,ENTITY,synthetic,
41791519,42428263,SAME_TYPE,ENTITY,synthetic,
41791519,42457863,SAME_TYPE,ENTITY,synthetic,
41791519,42525316,SAME_TYPE,ENTITY,synthetic,
41791519,42676113,SAME_TYPE,ENTITY,synthetic,
41791519,42703173,SAME_TYPE,ENTITY,synthetic,
41791519,42795668,SAME_TYPE,ENTITY,synthetic,
41791519,42799242,SAME_TYPE,ENTITY,synthetic,
41791519,42803906,SAME_TYPE,ENTITY,synthetic,
41791519,42748130,SAME_TYPE,ENTITY,synthetic,
41791519,43003219,SAME_TYPE,ENTITY,synthetic,
41795296,41919362,SAME_TYPE,ENTITY,synthetic,
41795296,418358,SAME_TYPE,ENTITY,synthetic,
41795296,41936963,SAME_TYPE,ENTITY,synthetic,
41795296,41941887,SAME_TYPE,ENTITY,synthetic,
41795296,41959844,SAME_TYPE,ENTITY,synthetic,
41795296,4196892,SAME_TYPE,ENTITY,synthetic,
41795296,420595,SAME_TYPE,ENTITY,synthetic,
41795296,42106373,SAME_TYPE,ENTITY,synthetic,
41795296,421717,SAME_TYPE,ENTITY,synthetic,
41795296,42187699,SAME_TYPE,ENTITY,synthetic,
41795296,42194331,SAME_TYPE,ENTITY,synthetic,
41795296,42070430,SAME_TYPE,ENTITY,synthetic,
41795296,42602167,SAME_TYPE,ENTITY,synthetic,
41795296,42707362,SAME_TYPE,ENTITY,synthetic,
41795296,42419933,SAME_TYPE,ENTITY,synthetic,
41795296,42428263,SAME_TYPE,ENTITY,synthetic,
41795296,42433646,SAME_TYPE,ENTITY,synthetic,
41795296,42521661,SAME_TYPE,ENTITY,synthetic,
41795296,42525316,SAME_TYPE,ENTITY,synthetic,
41795296,42293225,SAME_TYPE,ENTITY,synthetic,
41795296,42320815,SAME_TYPE,ENTITY,synthetic,
41795296,426595,SAME_TYPE,ENTITY,synthetic,
41795296,42676113,SAME_TYPE,ENTITY,synthetic,
41795296,42697847,SAME_TYPE,ENTITY,synthetic,
41795296,42703173,SAME_TYPE,ENTITY,synthetic,
41795296,42619722,SAME_TYPE,ENTITY,synthetic,
41795296,42620145,SAME_TYPE,ENTITY,synthetic,
41795296,42629029,SAME_TYPE,ENTITY,synthetic,
41795296,42629769,SAME_TYPE,ENTITY,synthetic,
41795296,42783540,SAME_TYPE,ENTITY,synthetic,
41797969,419069,SAME_TYPE,ENTITY,synthetic,
41797969,41843450,SAME_TYPE,ENTITY,synthetic,
41797969,41895944,SAME_TYPE,ENTITY,synthetic,
41797969,42005270,SAME_TYPE,ENTITY,synthetic,
41797969,421206,SAME_TYPE,ENTITY,synthetic,
41797969,42189409,SAME_TYPE,ENTITY,synthetic,
41797969,422721,SAME_TYPE,ENTITY,synthetic,
41797969,42275214,SAME_TYPE,ENTITY,synthetic,
41797969,423833,SAME_TYPE,ENTITY,synthetic,
41797969,42379647,SAME_TYPE,ENTITY,synthetic,
41797969,42419933,SAME_TYPE,ENTITY,synthetic,
41797969,424206,SAME_TYPE,ENTITY,synthetic,
41797969,42428263,SAME_TYPE,ENTITY,synthetic,
41797969,42434240,SAME_TYPE,ENTITY,synthetic,
41797969,4245955,SAME_TYPE,ENTITY,synthetic,
41797969,42521661,SAME_TYPE,ENTITY,synthetic,
41797969,42523128,SAME_TYPE,ENTITY,synthetic,
41797969,42292727,SAME_TYPE,ENTITY,synthetic,
41797969,42321260,SAME_TYPE,ENTITY,synthetic,
41797969,426549,SAME_TYPE,ENTITY,synthetic,
41797969,42654916,SAME_TYPE,ENTITY,synthetic,
41797969,42629769,SAME_TYPE,ENTITY,synthetic,
41797969,42760,SAME_TYPE,ENTITY,synthetic,
41905605,41860,SAME_TYPE,ENTITY,synthetic,
41905605,41884009,SAME_TYPE,ENTITY,synthetic,
41905605,41941887,SAME_TYPE,ENTITY,synthetic,
41905605,41954257,SAME_TYPE,ENTITY,synthetic,
41905605,42055230,SAME_TYPE,ENTITY,synthetic,
41905605,42064801,SAME_TYPE,ENTITY,synthetic,
41905605,421896,SAME_TYPE,ENTITY,synthetic,
41905605,42199196,SAME_TYPE,ENTITY,synthetic,
41905605,42205304,SAME_TYPE,ENTITY,synthetic,
41905605,42256448,SAME_TYPE,ENTITY,synthetic,
41905605,42070430,SAME_TYPE,ENTITY,synthetic,
41905605,422074,SAME_TYPE,ENTITY,synthetic,
41905605,42284392,SAME_TYPE,ENTITY,synthetic,
41905605,42426605,SAME_TYPE,ENTITY,synthetic,
41905605,42438131,SAME_TYPE,ENTITY,synthetic,
41905605,42455270,SAME_TYPE,ENTITY,synthetic,
41905605,42460866,SAME_TYPE,ENTITY,synthetic,
41905605,4249942,SAME_TYPE,ENTITY,synthetic,
41905605,42509590,SAME_TYPE,ENTITY,synthetic,
41905605,42545364,SAME_TYPE,ENTITY,synthetic,
41905605,42653583,SAME_TYPE,ENTITY,synthetic,
41905605,42676113,SAME_TYPE,ENTITY,synthetic,
41905605,42684039,SAME_TYPE,ENTITY,synthetic,
41905605,42619722,SAME_TYPE,ENTITY,synthetic,
41905605,4280395,SAME_TYPE,ENTITY,synthetic,
41905605,42760,SAME_TYPE,ENTITY,synthetic,
41905605,42980506,SAME_TYPE,ENTITY,synthetic,
4190613,4191386,SAME_TYPE,ENTITY,synthetic,
4190613,41962755,SAME_TYPE,ENTITY,synthetic,
4190613,42053995,SAME_TYPE,ENTITY,synthetic,
4190613,42162738,SAME_TYPE,ENTITY,synthetic,
4190613,42187699,SAME_TYPE,ENTITY,synthetic,
4190613,42199196,SAME_TYPE,ENTITY,synthetic,
4190613,42256448,SAME_TYPE,ENTITY,synthetic,
4190613,423940,SAME_TYPE,ENTITY,synthetic,
4190613,42284392,SAME_TYPE,ENTITY,synthetic,
4190613,42420470,SAME_TYPE,ENTITY,synthetic,
4190613,424206,SAME_TYPE,ENTITY,synthetic,
4190613,42460866,SAME_TYPE,ENTITY,synthetic,
4190613,4249765,SAME_TYPE,ENTITY,synthetic,
4190613,4249942,SAME_TYPE,ENTITY,synthetic,
4190613,42525316,SAME_TYPE,ENTITY,synthetic,
4190613,42544362,SAME_TYPE,ENTITY,synthetic,
4190613,42321260,SAME_TYPE,ENTITY,synthetic,
4190613,426509,SAME_TYPE,ENTITY,synthetic,
4190613,42683614,SAME_TYPE,ENTITY,synthetic,
4190613,42629029,SAME_TYPE,ENTITY,synthetic,
4190613,426405,SAME_TYPE,ENTITY,synthetic,
4190613,42798679,SAME_TYPE,ENTITY,synthetic,
419069,41910738,SAME_TYPE,ENTITY,synthetic,
419069,41919362,SAME_TYPE,ENTITY,synthetic,
419069,41860,SAME_TYPE,ENTITY,synthetic,
419069,41941887,SAME_TYPE,ENTITY,synthetic,
419069,4196892,SAME_TYPE,ENTITY,synthetic,
419069,42048570,SAME_TYPE,ENTITY,synthetic,
419069,42188417,SAME_TYPE,ENTITY,synthetic,
419069,42189104,SAME_TYPE,ENTITY,synthetic,
419069,42256685,SAME_TYPE,ENTITY,synthetic,
419069,423809,SAME_TYPE,ENTITY,synthetic,
419069,42162273,SAME_TYPE,ENTITY,synthetic,
419069,42253272,SAME_TYPE,ENTITY,synthetic,
419069,42379647,SAME_TYPE,ENTITY,synthetic,
419069,424206,SAME_TYPE,ENTITY,synthetic,
419069,42434240,SAME_TYPE,ENTITY,synthetic,
419069,42455270,SAME_TYPE,ENTITY,synthetic,
419069,4245955,SAME_TYPE,ENTITY,synthetic,
419069,4249942,SAME_TYPE,ENTITY,synthetic,
419069,42293225,SAME_TYPE,ENTITY,synthetic,
419069,42321260,SAME_TYPE,ENTITY,synthetic,
419069,42690068,SAME_TYPE,ENTITY,synthetic,
419069,42618611,SAME_TYPE,ENTITY,synthetic,
419069,42620145,SAME_TYPE,ENTITY,synthetic,
419069,42801205,SAME_TYPE,ENTITY,synthetic,
419069,4282331,SAME_TYPE,ENTITY,synthetic,
419069,42747621,SAME_TYPE,ENTITY,synthetic,
419069,42760,SAME_TYPE,ENTITY,synthetic,
41910738,41925505,SAME_TYPE,ENTITY,synthetic,
41910738,418358,SAME_TYPE,ENTITY,synthetic,
41910738,41941887,SAME_TYPE,ENTITY,synthetic,
41910738,4196892,SAME_TYPE,ENTITY,synthetic,
41910738,41985844,SAME_TYPE,ENTITY,synthetic,
41910738,420595,SAME_TYPE,ENTITY,synthetic,
41910738,42063961,SAME_TYPE,ENTITY,synthetic,
41910738,42166088,SAME_TYPE,ENTITY,synthetic,
41910738,42189104,SAME_TYPE,ENTITY,synthetic,
41910738,42199196,SAME_TYPE,ENTITY,synthetic,
41910738,42266980,SAME_TYPE,ENTITY,synthetic,
41910738,42275214,SAME_TYPE,ENTITY,synthetic,
41910738,423940,SAME_TYPE,ENTITY,synthetic,
41910738,42419933,SAME_TYPE,ENTITY,synthetic,
41910738,42428263,SAME_TYPE,ENTITY,synthetic,
41910738,42433646,SAME_TYPE,ENTITY,synthetic,
41910738,42438131,SAME_TYPE,ENTITY,synthetic,
41910738,42321260,SAME_TYPE,ENTITY,synthetic,
41910738,42676113,SAME_TYPE,ENTITY,synthetic,
41910738,42690068,SAME_TYPE,ENTITY,synthetic,
41910738,42691457,SAME_TYPE,ENTITY,synthetic,
41910738,42629029,SAME_TYPE,ENTITY,synthetic,
41910738,4279567,SAME_TYPE,ENTITY,synthetic,
41910738,4280395,SAME_TYPE,ENTITY,synthetic,
41910738,42972262,SAME_TYPE,ENTITY,synthetic,
41910738,42980855,SAME_TYPE,ENTITY,synthetic,
41910738,42984245,SAME_TYPE,ENTITY,synthetic,
41913794,4191386,SAME_TYPE,ENTITY,synthetic,
41913794,4192496,SAME_TYPE,ENTITY,synthetic,
41913794,41941887,SAME_TYPE,ENTITY,synthetic,
41913794,41962755,SAME_TYPE,ENTITY,synthetic,
41913794,419725,SAME_TYPE,ENTITY,synthetic,
41913794,41985844,SAME_TYPE,ENTITY,synthetic,
41913794,42005270,SAME_TYPE,ENTITY,synthetic,
41913794,42053995,SAME_TYPE,ENTITY,synthetic,
41913794,420618,SAME_TYPE,ENTITY,synthetic,
41913794,42106373,SAME_TYPE,ENTITY,synthetic,
41913794,42178545,SAME_TYPE,ENTITY,synthetic,
41913794,421860,SAME_TYPE,ENTITY,synthetic,
41913794,421896,SAME_TYPE,ENTITY,synthetic,
41913794,42199196,SAME_TYPE,ENTITY,synthetic,
41913794,422557,SAME_TYPE,ENTITY,synthetic,
41913794,42266980,SAME_TYPE,ENTITY,synthetic,
41913794,422721,SAME_TYPE,ENTITY,synthetic,
41913794,42403762,SAME_TYPE,ENTITY,synthetic,
41913794,42419933,SAME_TYPE,ENTITY,synthetic,
41913794,424274,SAME_TYPE,ENTITY,synthetic,
41913794,42434240,SAME_TYPE,ENTITY,synthetic,
41913794,42438131,SAME_TYPE,ENTITY,synthetic,
41913794,4245955,SAME_TYPE,ENTITY,synthetic,
41913794,42509590,SAME_TYPE,ENTITY,synthetic,
41913794,42535,SAME_TYPE,ENTITY,synthetic,
41913794,42539895,SAME_TYPE,ENTITY,synthetic,
41913794,42321260,SAME_TYPE,ENTITY,synthetic,
41913794,42618611,SAME_TYPE,ENTITY,synthetic,
41913794,42629029,SAME_TYPE,ENTITY,synthetic,
41913794,42629769,SAME_TYPE,ENTITY,synthetic,
41913794,426405,SAME_TYPE,ENTITY,synthetic,
41913794,42798679,SAME_TYPE,ENTITY,synthetic,
41913794,42803906,SAME_TYPE,ENTITY,synthetic,
41913794,428181,SAME_TYPE,ENTITY,synthetic,
41913794,42747621,SAME_TYPE,ENTITY,synthetic,
41913794,42783540,SAME_TYPE,ENTITY,synthetic,
41913794,43003219,SAME_TYPE,ENTITY,synthetic,
4191386,41936963,SAME_TYPE,ENTITY,synthetic,
4191386,41962755,SAME_TYPE,ENTITY,synthetic,
4191386,419735,SAME_TYPE,ENTITY,synthetic,
4191386,42005270,SAME_TYPE,ENTITY,synthetic,
4191386,42052337,SAME_TYPE,ENTITY,synthetic,
4191386,42062675,SAME_TYPE,ENTITY,synthetic,
4191386,42106373,SAME_TYPE,ENTITY,synthetic,
4191386,421206,SAME_TYPE,ENTITY,synthetic,
4191386,42162738,SAME_TYPE,ENTITY,synthetic,
4191386,42166088,SAME_TYPE,ENTITY,synthetic,
4191386,42189409,SAME_TYPE,ENTITY,synthetic,
4191386,42256685,SAME_TYPE,ENTITY,synthetic,
4191386,42271,SAME_TYPE,ENTITY,synthetic,
4191386,42456331,SAME_TYPE,ENTITY,synthetic,
4191386,42457863,SAME_TYPE,ENTITY,synthetic,
4191386,42508934,SAME_TYPE,ENTITY,synthetic,
4191386,42525316,SAME_TYPE,ENTITY,synthetic,
4191386,42697847,SAME_TYPE,ENTITY,synthetic,
4191386,42618611,SAME_TYPE,ENTITY,synthetic,
4191386,42629029,SAME_TYPE,ENTITY,synthetic,
4191386,42629769,SAME_TYPE,ENTITY,synthetic,
4191386,426405,SAME_TYPE,ENTITY,synthetic,
4191386,42795668,SAME_TYPE,ENTITY,synthetic,
4191386,42750382,SAME_TYPE,ENTITY,synthetic,
4191386,42980855,SAME_TYPE,ENTITY,synthetic,
41919362,41895282,SAME_TYPE,ENTITY,synthetic,
41919362,41958151,SAME_TYPE,ENTITY,synthetic,
41919362,41968880,SAME_TYPE,ENTITY,synthetic,
41919362,42091269,SAME_TYPE,ENTITY,synthetic,
41919362,42162738,SAME_TYPE,ENTITY,synthetic,
41919362,42166088,SAME_TYPE,ENTITY,synthetic,
41919362,42189104,SAME_TYPE,ENTITY,synthetic,
41919362,42197189,SAME_TYPE,ENTITY,synthetic,
41919362,42205304,SAME_TYPE,ENTITY,synthetic,
41919362,42256448,SAME_TYPE,ENTITY,synthetic,
41919362,42268800,SAME_TYPE,ENTITY,synthetic,
41919362,42405088,SAME_TYPE,ENTITY,synthetic,
41919362,42490512,SAME_TYPE,ENTITY,synthetic,
41919362,42602167,SAME_TYPE,ENTITY,synthetic,
41919362,42434240,SAME_TYPE,ENTITY,synthetic,
41919362,42455270,SAME_TYPE,ENTITY,synthetic,
41919362,42456331,SAME_TYPE,ENTITY,synthetic,
41919362,42457863,SAME_TYPE,ENTITY,synthetic,
41919362,4249942,SAME_TYPE,ENTITY,synthetic,
41919362,42509590,SAME_TYPE,ENTITY,synthetic,
41919362,42321260,SAME_TYPE,ENTITY,synthetic,
41919362,42620145,SAME_TYPE,ENTITY,synthetic,
41919362,426405,SAME_TYPE,ENTITY,synthetic,
41919362,42795668,SAME_TYPE,ENTITY,synthetic,
41919362,4280395,SAME_TYPE,ENTITY,synthetic,
41919362,42984245,SAME_TYPE,ENTITY,synthetic,
4192496,418358,SAME_TYPE,ENTITY,synthetic,
4192496,41876304,SAME_TYPE,ENTITY,synthetic,
4192496,41954257,SAME_TYPE,ENTITY,synthetic,
4192496,41966522,SAME_TYPE,ENTITY,synthetic,
4192496,419735,SAME_TYPE,ENTITY,synthetic,
4192496,42052337,SAME_TYPE,ENTITY,synthetic,
4192496,42053995,SAME_TYPE,ENTITY,synthetic,
4192496,42106373,SAME_TYPE,ENTITY,synthetic,
4192496,42162738,SAME_TYPE,ENTITY,synthetic,
4192496,42164534,SAME_TYPE,ENTITY,synthetic,
4192496,42188417,SAME_TYPE,ENTITY,synthetic,
4192496,423940,SAME_TYPE,ENTITY,synthetic,
4192496,42410849,SAME_TYPE,ENTITY,synthetic,
4192496,4249765,SAME_TYPE,ENTITY,synthetic,
4192496,42518724,SAME_TYPE,ENTITY,synthetic,
4192496,4280395,SAME_TYPE,ENTITY,synthetic,
4192496,4280465,SAME_TYPE,ENTITY,synthetic,
4192496,428156,SAME_TYPE,ENTITY,synthetic,
4192496,42984245,SAME_TYPE,ENTITY,synthetic,
41925505,41936963,SAME_TYPE,ENTITY,synthetic,
41925505,42063961,SAME_TYPE,ENTITY,synthetic,
41925505,42106373,SAME_TYPE,ENTITY,synthetic,
41925505,42165259,SAME_TYPE,ENTITY,synthetic,
41925505,4218310,SAME_TYPE,ENTITY,synthetic,
41925505,42189409,SAME_TYPE,ENTITY,synthetic,
41925505,42257570,SAME_TYPE,ENTITY,synthetic,
41925505,42268800,SAME_TYPE,ENTITY,synthetic,
41925505,42271,SAME_TYPE,ENTITY,synthetic,
41925505,42405088,SAME_TYPE,ENTITY,synthetic,
41925505,42162273,SAME_TYPE,ENTITY,synthetic,
41925505,42379647,SAME_TYPE,ENTITY,synthetic,
41925505,42420470,SAME_TYPE,ENTITY,synthetic,
41925505,42509590,SAME_TYPE,ENTITY,synthetic,
41925505,42321260,SAME_TYPE,ENTITY,synthetic,
41925505,42653583,SAME_TYPE,ENTITY,synthetic,
41925505,426595,SAME_TYPE,ENTITY,synthetic,
41925505,42691457,SAME_TYPE,ENTITY,synthetic,
41925505,42697847,SAME_TYPE,ENTITY,synthetic,
41925505,42803906,SAME_TYPE,ENTITY,synthetic,
41925505,4280395,SAME_TYPE,ENTITY,synthetic,
41925505,428181,SAME_TYPE,ENTITY,synthetic,
41925505,4282331,SAME_TYPE,ENTITY,synthetic,
41925505,42760,SAME_TYPE,ENTITY,synthetic,
41925505,42773458,SAME_TYPE,ENTITY,synthetic,
418358,41874908,SAME_TYPE,ENTITY,synthetic,
418358,41958151,SAME_TYPE,ENTITY,synthetic,
418358,41963727,SAME_TYPE,ENTITY,synthetic,
418358,419725,SAME_TYPE,ENTITY,synthetic,
418358,419735,SAME_TYPE,ENTITY,synthetic,
418358,41994263,SAME_TYPE,ENTITY,synthetic,
418358,42062675,SAME_TYPE,ENTITY,synthetic,
418358,42064801,SAME_TYPE,ENTITY,synthetic,
418358,42164534,SAME_TYPE,ENTITY,synthetic,
418358,42165259,SAME_TYPE,ENTITY,synthetic,
418358,423833,SAME_TYPE,ENTITY,synthetic,
418358,4238484,SAME_TYPE,ENTITY,synthetic,
418358,42426605,SAME_TYPE,ENTITY,synthetic,
418358,424274,SAME_TYPE,ENTITY,synthetic,
418358,4249942,SAME_TYPE,ENTITY,synthetic,
418358,42504802,SAME_TYPE,ENTITY,synthetic,
418358,42539895,SAME_TYPE,ENTITY,synthetic,
418358,42544362,SAME_TYPE,ENTITY,synthetic,
418358,426549,SAME_TYPE,ENTITY,synthetic,
418358,42657825,SAME_TYPE,ENTITY,synthetic,
418358,42690068,SAME_TYPE,ENTITY,synthetic,
418358,42691457,SAME_TYPE,ENTITY,synthetic,
418358,42619722,SAME_TYPE,ENTITY,synthetic,
418358,42620145,SAME_TYPE,ENTITY,synthetic,
418358,4280465,SAME_TYPE,ENTITY,synthetic,
418358,427628,SAME_TYPE,ENTITY,synthetic,
418358,42972401,SAME_TYPE,ENTITY,synthetic,
41843450,41937497,SAME_TYPE,ENTITY,synthetic,
41843450,42048570,SAME_TYPE,ENTITY,synthetic,
41843450,42055230,SAME_TYPE,ENTITY,synthetic,
41843450,42062675,SAME_TYPE,ENTITY,synthetic,
41843450,42178545,SAME_TYPE,ENTITY,synthetic,
41843450,421896,SAME_TYPE,ENTITY,synthetic,
41843450,42392107,SAME_TYPE,ENTITY,synthetic,
41843450,42070430,SAME_TYPE,ENTITY,synthetic,
41843450,422074,SAME_TYPE,ENTITY,synthetic,
41843450,424206,SAME_TYPE,ENTITY,synthetic,
41843450,42426605,SAME_TYPE,ENTITY,synthetic,
41843450,424274,SAME_TYPE,ENTITY,synthetic,
41843450,4249765,SAME_TYPE,ENTITY,synthetic,
41843450,42508934,SAME_TYPE,ENTITY,synthetic,
41843450,42525316,SAME_TYPE,ENTITY,synthetic,
41843450,42545364,SAME_TYPE,ENTITY,synthetic,
41843450,42293225,SAME_TYPE,ENTITY,synthetic,
41843450,42657825,SAME_TYPE,ENTITY,synthetic,
41843450,42662412,SAME_TYPE,ENTITY,synthetic,
41843450,42619722,SAME_TYPE,ENTITY,synthetic,
41843450,42760,SAME_TYPE,ENTITY,synthetic,
41843450,42972401,SAME_TYPE,ENTITY,synthetic,
41860,41941887,SAME_TYPE,ENTITY,synthetic,
41860,41968880,SAME_TYPE,ENTITY,synthetic,
41860,41985844,SAME_TYPE,ENTITY,synthetic,
41860,42053995,SAME_TYPE,ENTITY,synthetic,
41860,42063961,SAME_TYPE,ENTITY,synthetic,
41860,42162738,SAME_TYPE,ENTITY,synthetic,
41860,42166088,SAME_TYPE,ENTITY,synthetic,
41860,42256685,SAME_TYPE,ENTITY,synthetic,
41860,42266980,SAME_TYPE,ENTITY,synthetic,
41860,42275214,SAME_TYPE,ENTITY,synthetic,
41860,423809,SAME_TYPE,ENTITY,synthetic,
41860,42405088,SAME_TYPE,ENTITY,synthetic,
41860,42162273,SAME_TYPE,ENTITY,synthetic,
41860,42602167,SAME_TYPE,ENTITY,synthetic,
41860,42707362,SAME_TYPE,ENTITY,synthetic,
41860,42518724,SAME_TYPE,ENTITY,synthetic,
41860,42521661,SAME_TYPE,ENTITY,synthetic,
41860,42297368,SAME_TYPE,ENTITY,synthetic,
41860,426549,SAME_TYPE,ENTITY,synthetic,
41860,42703173,SAME_TYPE,ENTITY,synthetic,
41860,426405,SAME_TYPE,ENTITY,synthetic,
41860,42748130,SAME_TYPE,ENTITY,synthetic,
41860,427536,SAME_TYPE,ENTITY,synthetic,
41860,42980506,SAME_TYPE,ENTITY,synthetic,
41865645,41936963,SAME_TYPE,ENTITY,synthetic,
41865645,41954257,SAME_TYPE,ENTITY,synthetic,
41865645,41959844,SAME_TYPE,ENTITY,synthetic,
41865645,41963727,SAME_TYPE,ENTITY,synthetic,
41865645,42005270,SAME_TYPE,ENTITY,synthetic,
41865645,42055230,SAME_TYPE,ENTITY,synthetic,
41865645,42166088,SAME_TYPE,ENTITY,synthetic,
41865645,421860,SAME_TYPE,ENTITY,synthetic,
41865645,422557,SAME_TYPE,ENTITY,synthetic,
41865645,42257570,SAME_TYPE,ENTITY,synthetic,
41865645,423940,SAME_TYPE,ENTITY,synthetic,
41865645,42405088,SAME_TYPE,ENTITY,synthetic,
41865645,42121191,SAME_TYPE,ENTITY,synthetic,
41865645,422074,SAME_TYPE,ENTITY,synthetic,
41865645,42525316,SAME_TYPE,ENTITY,synthetic,
41865645,42320815,SAME_TYPE,ENTITY,synthetic,
41865645,42321260,SAME_TYPE,ENTITY,synthetic,
41865645,42683614,SAME_TYPE,ENTITY,synthetic,
41865645,42620145,SAME_TYPE,ENTITY,synthetic,
41865645,42801205,SAME_TYPE,ENTITY,synthetic,
41865645,42803906,SAME_TYPE,ENTITY,synthetic,
41865645,428156,SAME_TYPE,ENTITY,synthetic,
41874908,41959844,SAME_TYPE,ENTITY,synthetic,
41874908,419735,SAME_TYPE,ENTITY,synthetic,
41874908,42053995,SAME_TYPE,ENTITY,synthetic,
41874908,420618,SAME_TYPE,ENTITY,synthetic,
41874908,42063961,SAME_TYPE,ENTITY,synthetic,
41874908,42162738,SAME_TYPE,ENTITY,synthetic,
41874908,42189104,SAME_TYPE,ENTITY,synthetic,
41874908,42197189,SAME_TYPE,ENTITY,synthetic,
41874908,42205304,SAME_TYPE,ENTITY,synthetic,
41874908,42403762,SAME_TYPE,ENTITY,synthetic,
41874908,42162273,SAME_TYPE,ENTITY,synthetic,
41874908,42284392,SAME_TYPE,ENTITY,synthetic,
41874908,42419933,SAME_TYPE,ENTITY,synthetic,
41874908,424206,SAME_TYPE,ENTITY,synthetic,
41874908,42457863,SAME_TYPE,ENTITY,synthetic,
41874908,4249765,SAME_TYPE,ENTITY,synthetic,
41874908,4249942,SAME_TYPE,ENTITY,synthetic,
41874908,42509590,SAME_TYPE,ENTITY,synthetic,
41874908,42518724,SAME_TYPE,ENTITY,synthetic,
41874908,42525316,SAME_TYPE,ENTITY,synthetic,
41874908,42544362,SAME_TYPE,ENTITY,synthetic,
41874908,42297368,SAME_TYPE,ENTITY,synthetic,
41874908,42321260,SAME_TYPE,ENTITY,synthetic,
41874908,426509,SAME_TYPE,ENTITY,synthetic,
41874908,42653583,SAME_TYPE,ENTITY,synthetic,
41874908,42657825,SAME_TYPE,ENTITY,synthetic,
41874908,42697847,SAME_TYPE,ENTITY,synthetic,
41874908,42795668,SAME_TYPE,ENTITY,synthetic,
41874908,42798679,SAME_TYPE,ENTITY,synthetic,
41874908,42747621,SAME_TYPE,ENTITY,synthetic,
41874908,42978254,SAME_TYPE,ENTITY,synthetic,
41876304,41883603,SAME_TYPE,ENTITY,synthetic,
41876304,41941887,SAME_TYPE,ENTITY,synthetic,
41876304,42064801,SAME_TYPE,ENTITY,synthetic,
41876304,42090008,SAME_TYPE,ENTITY,synthetic,
41876304,421206,SAME_TYPE,ENTITY,synthetic,
41876304,42165259,SAME_TYPE,ENTITY,synthetic,
41876304,42178545,SAME_TYPE,ENTITY,synthetic,
41876304,42189104,SAME_TYPE,ENTITY,synthetic,
41876304,42392107,SAME_TYPE,ENTITY,synthetic,
41876304,423940,SAME_TYPE,ENTITY,synthetic,
41876304,42406183,SAME_TYPE,ENTITY,synthetic,
41876304,42460866,SAME_TYPE,ENTITY,synthetic,
41876304,42525316,SAME_TYPE,ENTITY,synthetic,
41876304,42535,SAME_TYPE,ENTITY,synthetic,
41876304,42545364,SAME_TYPE,ENTITY,synthetic,
41876304,42297368,SAME_TYPE,ENTITY,synthetic,
41876304,426595,SAME_TYPE,ENTITY,synthetic,
41876304,42618611,SAME_TYPE,ENTITY,synthetic,
41876304,42620145,SAME_TYPE,ENTITY,synthetic,
41876304,42629029,SAME_TYPE,ENTITY,synthetic,
41876304,42795668,SAME_TYPE,ENTITY,synthetic,
41876304,42798679,SAME_TYPE,ENTITY,synthetic,
41876304,42799242,SAME_TYPE,ENTITY,synthetic,
41876304,42803906,SAME_TYPE,ENTITY,synthetic,
41876304,428156,SAME_TYPE,ENTITY,synthetic,
41876304,427536,SAME_TYPE,ENTITY,synthetic,
41876304,42980855,SAME_TYPE,ENTITY,synthetic,
41883603,41963727,SAME_TYPE,ENTITY,synthetic,
41883603,41966522,SAME_TYPE,ENTITY,synthetic,
41883603,419725,SAME_TYPE,ENTITY,synthetic,
41883603,42091301,SAME_TYPE,ENTITY,synthetic,
41883603,42106373,SAME_TYPE,ENTITY,synthetic,
41883603,42189104,SAME_TYPE,ENTITY,synthetic,
41883603,42256448,SAME_TYPE,ENTITY,synthetic,
41883603,42256685,SAME_TYPE,ENTITY,synthetic,
41883603,42268800,SAME_TYPE,ENTITY,synthetic,
41883603,42275214,SAME_TYPE,ENTITY,synthetic,
41883603,423940,SAME_TYPE,ENTITY,synthetic,
41883603,42403762,SAME_TYPE,ENTITY,synthetic,
41883603,42406183,SAME_TYPE,ENTITY,synthetic,
41883603,42419933,SAME_TYPE,ENTITY,synthetic,
41883603,42460866,SAME_TYPE,ENTITY,synthetic,
41883603,42509590,SAME_TYPE,ENTITY,synthetic,
41883603,42545364,SAME_TYPE,ENTITY,synthetic,
41883603,42293225,SAME_TYPE,ENTITY,synthetic,
41883603,42297368,SAME_TYPE,ENTITY,synthetic,
41883603,426509,SAME_TYPE,ENTITY,synthetic,
41883603,426549,SAME_TYPE,ENTITY,synthetic,
41883603,42654916,SAME_TYPE,ENTITY,synthetic,
41883603,42795668,SAME_TYPE,ENTITY,synthetic,
41883603,42803906,SAME_TYPE,ENTITY,synthetic,
41883603,4280395,SAME_TYPE,ENTITY,synthetic,
41883603,42748130,SAME_TYPE,ENTITY,synthetic,
41883603,42779199,SAME_TYPE,ENTITY,synthetic,
41883603,42783540,SAME_TYPE,ENTITY,synthetic,
41883603,42972262,SAME_TYPE,ENTITY,synthetic,
41884009,41895282,SAME_TYPE,ENTITY,synthetic,
41884009,41944252,SAME_TYPE,ENTITY,synthetic,
41884009,41968880,SAME_TYPE,ENTITY,synthetic,
41884009,41985844,SAME_TYPE,ENTITY,synthetic,
41884009,42005270,SAME_TYPE,ENTITY,synthetic,
41884009,420618,SAME_TYPE,ENTITY,synthetic,
41884009,42091269,SAME_TYPE,ENTITY,synthetic,
41884009,42106373,SAME_TYPE,ENTITY,synthetic,
41884009,42162738,SAME_TYPE,ENTITY,synthetic,
41884009,4218310,SAME_TYPE,ENTITY,synthetic,
41884009,42271,SAME_TYPE,ENTITY,synthetic,
41884009,42392107,SAME_TYPE,ENTITY,synthetic,
41884009,42406183,SAME_TYPE,ENTITY,synthetic,
41884009,42070430,SAME_TYPE,ENTITY,synthetic,
41884009,42253272,SAME_TYPE,ENTITY,synthetic,
41884009,42602167,SAME_TYPE,ENTITY,synthetic,
41884009,42419933,SAME_TYPE,ENTITY,synthetic,
41884009,42433646,SAME_TYPE,ENTITY,synthetic,
41884009,42455270,SAME_TYPE,ENTITY,synthetic,
41884009,42508934,SAME_TYPE,ENTITY,synthetic,
41884009,42518724,SAME_TYPE,ENTITY,synthetic,
41884009,426509,SAME_TYPE,ENTITY,synthetic,
41884009,42684039,SAME_TYPE,ENTITY,synthetic,
41884009,42703173,SAME_TYPE,ENTITY,synthetic,
41884009,42620145,SAME_TYPE,ENTITY,synthetic,
41884009,426405,SAME_TYPE,ENTITY,synthetic,
41884009,4280395,SAME_TYPE,ENTITY,synthetic,
41884009,42779199,SAME_TYPE,ENTITY,synthetic,
41884009,42972401,SAME_TYPE,ENTITY,synthetic,
41884009,42978254,SAME_TYPE,ENTITY,synthetic,
41884009,42984245,SAME_TYPE,ENTITY,synthetic,
41895282,41936963,SAME_TYPE,ENTITY,synthetic,
41895282,41958151,SAME_TYPE,ENTITY,synthetic,
41895282,42063961,SAME_TYPE,ENTITY,synthetic,
41895282,42064801,SAME_TYPE,ENTITY,synthetic,
41895282,42091301,SAME_TYPE,ENTITY,synthetic,
41895282,42106373,SAME_TYPE,ENTITY,synthetic,
41895282,42166088,SAME_TYPE,ENTITY,synthetic,
41895282,42199196,SAME_TYPE,ENTITY,synthetic,
41895282,42268800,SAME_TYPE,ENTITY,synthetic,
41895282,42271,SAME_TYPE,ENTITY,synthetic,
41895282,42275214,SAME_TYPE,ENTITY,synthetic,
41895282,42284392,SAME_TYPE,ENTITY,synthetic,
41895282,42707362,SAME_TYPE,ENTITY,synthetic,
41895282,42420470,SAME_TYPE,ENTITY,synthetic,
41895282,42518724,SAME_TYPE,ENTITY,synthetic,
41895282,42544362,SAME_TYPE,ENTITY,synthetic,
41895282,42545364,SAME_TYPE,ENTITY,synthetic,
41895282,426549,SAME_TYPE,ENTITY,synthetic,
41895282,42676113,SAME_TYPE,ENTITY,synthetic,
41895282,42683614,SAME_TYPE,ENTITY,synthetic,
41895282,42697847,SAME_TYPE,ENTITY,synthetic,
41895282,426405,SAME_TYPE,ENTITY,synthetic,
41895282,42798679,SAME_TYPE,ENTITY,synthetic,
41895282,42801205,SAME_TYPE,ENTITY,synthetic,
41895282,427536,SAME_TYPE,ENTITY,synthetic,
41895944,41944252,SAME_TYPE,ENTITY,synthetic,
41895944,41963727,SAME_TYPE,ENTITY,synthetic,
41895944,42064801,SAME_TYPE,ENTITY,synthetic,
41895944,42091269,SAME_TYPE,ENTITY,synthetic,
41895944,42164534,SAME_TYPE,ENTITY,synthetic,
41895944,42165259,SAME_TYPE,ENTITY,synthetic,
41895944,421717,SAME_TYPE,ENTITY,synthetic,
41895944,42194331,SAME_TYPE,ENTITY,synthetic,
41895944,42275214,SAME_TYPE,ENTITY,synthetic,
41895944,4238484,SAME_TYPE,ENTITY,synthetic,
41895944,42406183,SAME_TYPE,ENTITY,synthetic,
41895944,42070430,SAME_TYPE,ENTITY,synthetic,
41895944,42121191,SAME_TYPE,ENTITY,synthetic,
41895944,426595,SAME_TYPE,ENTITY,synthetic,
41895944,4280395,SAME_TYPE,ENTITY,synthetic,
41895944,4280465,SAME_TYPE,ENTITY,synthetic,
41895944,42978254,SAME_TYPE,ENTITY,synthetic,
41936963,41958151,SAME_TYPE,ENTITY,synthetic,
41936963,419725,SAME_TYPE,ENTITY,synthetic,
41936963,41985844,SAME_TYPE,ENTITY,synthetic,
41936963,41994263,SAME_TYPE,ENTITY,synthetic,
41936963,420595,SAME_TYPE,ENTITY,synthetic,
41936963,42063961,SAME_TYPE,ENTITY,synthetic,
41936963,42091269,SAME_TYPE,ENTITY,synthetic,
41936963,421206,SAME_TYPE,ENTITY,synthetic,
41936963,42166088,SAME_TYPE,ENTITY,synthetic,
41936963,421717,SAME_TYPE,ENTITY,synthetic,
41936963,42199196,SAME_TYPE,ENTITY,synthetic,
41936963,42256685,SAME_TYPE,ENTITY,synthetic,
41936963,42266980,SAME_TYPE,ENTITY,synthetic,
41936963,42253272,SAME_TYPE,ENTITY,synthetic,
41936963,42419933,SAME_TYPE,ENTITY,synthetic,
41936963,424274,SAME_TYPE,ENTITY,synthetic,
41936963,42434240,SAME_TYPE,ENTITY,synthetic,
41936963,42523128,SAME_TYPE,ENTITY,synthetic,
41936963,426405,SAME_TYPE,ENTITY,synthetic,
41936963,42779199,SAME_TYPE,ENTITY,synthetic,
41936963,42783540,SAME_TYPE,ENTITY,synthetic,
41937497,41959844,SAME_TYPE,ENTITY,synthetic,
41937497,41968880,SAME_TYPE,ENTITY,synthetic,
41937497,419735,SAME_TYPE,ENTITY,synthetic,
41937497,41985844,SAME_TYPE,ENTITY,synthetic,
41937497,420595,SAME_TYPE,ENTITY,synthetic,
41937497,42062675,SAME_TYPE,ENTITY,synthetic,
41937497,42091269,SAME_TYPE,ENTITY,synthetic,
41937497,42164534,SAME_TYPE,ENTITY,synthetic,
41937497,42205304,SAME_TYPE,ENTITY,synthetic,
41937497,423809,SAME_TYPE,ENTITY,synthetic,
41937497,423833,SAME_TYPE,ENTITY,synthetic,
41937497,42403762,SAME_TYPE,ENTITY,synthetic,
41937497,42162273,SAME_TYPE,ENTITY,synthetic,
41937497,422074,SAME_TYPE,ENTITY,synthetic,
41937497,42490512,SAME_TYPE,ENTITY,synthetic,
41937497,42428263,SAME_TYPE,ENTITY,synthetic,
41937497,42434240,SAME_TYPE,ENTITY,synthetic,
41937497,42460866,SAME_TYPE,ENTITY,synthetic,
41937497,42518724,SAME_TYPE,ENTITY,synthetic,
41937497,42523128,SAME_TYPE,ENTITY,synthetic,
41937497,42525316,SAME_TYPE,ENTITY,synthetic,
41937497,42657825,SAME_TYPE,ENTITY,synthetic,
41937497,42697847,SAME_TYPE,ENTITY,synthetic,
41937497,42703173,SAME_TYPE,ENTITY,synthetic,
41937497,42619722,SAME_TYPE,ENTITY,synthetic,
41937497,42799242,SAME_TYPE,ENTITY,synthetic,
41937497,42801205,SAME_TYPE,ENTITY,synthetic,
41937497,4280395,SAME_TYPE,ENTITY,synthetic,
41937497,4282331,SAME_TYPE,ENTITY,synthetic,
41937497,42748130,SAME_TYPE,ENTITY,synthetic,
41937497,42978254,SAME_TYPE,ENTITY,synthetic,
41937497,42980506,SAME_TYPE,ENTITY,synthetic,
41937497,43003219,SAME_TYPE,ENTITY,synthetic,
41941887,41962755,SAME_TYPE,ENTITY,synthetic,
41941887,419735,SAME_TYPE,ENTITY,synthetic,
41941887,41994263,SAME_TYPE,ENTITY,synthetic,
41941887,420618,SAME_TYPE,ENTITY,synthetic,
41941887,42162738,SAME_TYPE,ENTITY,synthetic,
41941887,421860,SAME_TYPE,ENTITY,synthetic,
41941887,42188417,SAME_TYPE,ENTITY,synthetic,
41941887,42197189,SAME_TYPE,ENTITY,synthetic,
41941887,42199196,SAME_TYPE,ENTITY,synthetic,
41941887,42266980,SAME_TYPE,ENTITY,synthetic,
41941887,42275214,SAME_TYPE,ENTITY,synthetic,
41941887,423833,SAME_TYPE,ENTITY,synthetic,
41941887,42602167,SAME_TYPE,ENTITY,synthetic,
41941887,42419933,SAME_TYPE,ENTITY,synthetic,
41941887,42428263,SAME_TYPE,ENTITY,synthetic,
41941887,42433646,SAME_TYPE,ENTITY,synthetic,
41941887,42518724,SAME_TYPE,ENTITY,synthetic,
41941887,42523128,SAME_TYPE,ENTITY,synthetic,
41941887,42525316,SAME_TYPE,ENTITY,synthetic,
41941887,42619722,SAME_TYPE,ENTITY,synthetic,
41941887,42798679,SAME_TYPE,ENTITY,synthetic,
41941887,427628,SAME_TYPE,ENTITY,synthetic,
41944252,41959844,SAME_TYPE,ENTITY,synthetic,
41944252,419735,SAME_TYPE,ENTITY,synthetic,
41944252,42005270,SAME_TYPE,ENTITY,synthetic,
41944252,42062675,SAME_TYPE,ENTITY,synthetic,
41944252,42162738,SAME_TYPE,ENTITY,synthetic,
41944252,42256448,SAME_TYPE,ENTITY,synthetic,
41944252,42257570,SAME_TYPE,ENTITY,synthetic,
41944252,423809,SAME_TYPE,ENTITY,synthetic,
41944252,423833,SAME_TYPE,ENTITY,synthetic,
41944252,4238484,SAME_TYPE,ENTITY,synthetic,
41944252,42253272,SAME_TYPE,ENTITY,synthetic,
41944252,42602167,SAME_TYPE,ENTITY,synthetic,
41944252,424274,SAME_TYPE,ENTITY,synthetic,
41944252,42433646,SAME_TYPE,ENTITY,synthetic,
41944252,4249942,SAME_TYPE,ENTITY,synthetic,
41944252,42535,SAME_TYPE,ENTITY,synthetic,
41944252,426405,SAME_TYPE,ENTITY,synthetic,
41944252,428041,SAME_TYPE,ENTITY,synthetic,
41944252,4282331,SAME_TYPE,ENTITY,synthetic,
41944252,42747621,SAME_TYPE,ENTITY,synthetic,
41944252,42978254,SAME_TYPE,ENTITY,synthetic,
41954257,41959844,SAME_TYPE,ENTITY,synthetic,
41954257,42062675,SAME_TYPE,ENTITY,synthetic,
41954257,42063961,SAME_TYPE,ENTITY,synthetic,
41954257,42064801,SAME_TYPE,ENTITY,synthetic,
41954257,42166088,SAME_TYPE,ENTITY,synthetic,
41954257,42178545,SAME_TYPE,ENTITY,synthetic,
41954257,42194331,SAME_TYPE,ENTITY,synthetic,
41954257,42268800,SAME_TYPE,ENTITY,synthetic,
41954257,423940,SAME_TYPE,ENTITY,synthetic,
41954257,42406183,SAME_TYPE,ENTITY,synthetic,
41954257,42410849,SAME_TYPE,ENTITY,synthetic,
41954257,42121191,SAME_TYPE,ENTITY,synthetic,
41954257,42490512,SAME_TYPE,ENTITY,synthetic,
41954257,424274,SAME_TYPE,ENTITY,synthetic,
41954257,42438131,SAME_TYPE,ENTITY,synthetic,
41954257,4249765,SAME_TYPE,ENTITY,synthetic,
41954257,42654916,SAME_TYPE,ENTITY,synthetic,
41954257,426595,SAME_TYPE,ENTITY,synthetic,
41954257,42676113,SAME_TYPE,ENTITY,synthetic,
41954257,42629029,SAME_TYPE,ENTITY,synthetic,
41954257,42795668,SAME_TYPE,ENTITY,synthetic,
41958151,41968880,SAME_TYPE,ENTITY,synthetic,
41958151,42053995,SAME_TYPE,ENTITY,synthetic,
41958151,42063961,SAME_TYPE,ENTITY,synthetic,
41958151,42090008,SAME_TYPE,ENTITY,synthetic,
41958151,42162738,SAME_TYPE,ENTITY,synthetic,
41958151,42178545,SAME_TYPE,ENTITY,synthetic,
41958151,421860,SAME_TYPE,ENTITY,synthetic,
41958151,421896,SAME_TYPE,ENTITY,synthetic,
41958151,42275214,SAME_TYPE,ENTITY,synthetic,
41958151,423940,SAME_TYPE,ENTITY,synthetic,
41958151,42284392,SAME_TYPE,ENTITY,synthetic,
41958151,42419933,SAME_TYPE,ENTITY,synthetic,
41958151,42428263,SAME_TYPE,ENTITY,synthetic,
41958151,42460866,SAME_TYPE,ENTITY,synthetic,
41958151,42293225,SAME_TYPE,ENTITY,synthetic,
41958151,42321260,SAME_TYPE,ENTITY,synthetic,
41958151,426549,SAME_TYPE,ENTITY,synthetic,
41958151,42683614,SAME_TYPE,ENTITY,synthetic,
41958151,42618611,SAME_TYPE,ENTITY,synthetic,
41958151,42619722,SAME_TYPE,ENTITY,synthetic,
41958151,42629029,SAME_TYPE,ENTITY,synthetic,
41958151,42798679,SAME_TYPE,ENTITY,synthetic,
41958151,428156,SAME_TYPE,ENTITY,synthetic,
41958151,428181,SAME_TYPE,ENTITY,synthetic,
41958151,42750382,SAME_TYPE,ENTITY,synthetic,
41958151,427536,SAME_TYPE,ENTITY,synthetic,
41958151,42980506,SAME_TYPE,ENTITY,synthetic,
41959844,41966522,SAME_TYPE,ENTITY,synthetic,
41959844,4196892,SAME_TYPE,ENTITY,synthetic,
41959844,421860,SAME_TYPE,ENTITY,synthetic,
41959844,42187699,SAME_TYPE,ENTITY,synthetic,
41959844,423809,SAME_TYPE,ENTITY,synthetic,
41959844,42392107,SAME_TYPE,ENTITY,synthetic,
41959844,42406183,SAME_TYPE,ENTITY,synthetic,
41959844,42707362,SAME_TYPE,ENTITY,synthetic,
41959844,424274,SAME_TYPE,ENTITY,synthetic,
41959844,42455270,SAME_TYPE,ENTITY,synthetic,
41959844,4245955,SAME_TYPE,ENTITY,synthetic,
41959844,42460866,SAME_TYPE,ENTITY,synthetic,
41959844,4249765,SAME_TYPE,ENTITY,synthetic,
41959844,42535,SAME_TYPE,ENTITY,synthetic,
41959844,42539895,SAME_TYPE,ENTITY,synthetic,
41959844,42293225,SAME_TYPE,ENTITY,synthetic,
41959844,42297368,SAME_TYPE,ENTITY,synthetic,
41959844,42653583,SAME_TYPE,ENTITY,synthetic,
41959844,42657825,SAME_TYPE,ENTITY,synthetic,
41959844,426595,SAME_TYPE,ENTITY,synthetic,
41959844,42676113,SAME_TYPE,ENTITY,synthetic,
41959844,427536,SAME_TYPE,ENTITY,synthetic,
41959844,42760,SAME_TYPE,ENTITY,synthetic,
41959844,427628,SAME_TYPE,ENTITY,synthetic,
41959844,42783540,SAME_TYPE,ENTITY,synthetic,
41959844,42980506,SAME_TYPE,ENTITY,synthetic,
41959844,42984245,SAME_TYPE,ENTITY,synthetic,
41962755,42005270,SAME_TYPE,ENTITY,synthetic,
41962755,42063961,SAME_TYPE,ENTITY,synthetic,
41962755,42166088,SAME_TYPE,ENTITY,synthetic,
41962755,42256685,SAME_TYPE,ENTITY,synthetic,
41962755,42707362,SAME_TYPE,ENTITY,synthetic,
41962755,4245955,SAME_TYPE,ENTITY,synthetic,
41962755,42460866,SAME_TYPE,ENTITY,synthetic,
41962755,42653583,SAME_TYPE,ENTITY,synthetic,
41962755,42662412,SAME_TYPE,ENTITY,synthetic,
41962755,42690068,SAME_TYPE,ENTITY,synthetic,
41962755,42691457,SAME_TYPE,ENTITY,synthetic,
41962755,42703173,SAME_TYPE,ENTITY,synthetic,
41962755,42795668,SAME_TYPE,ENTITY,synthetic,
41962755,42801205,SAME_TYPE,ENTITY,synthetic,
41962755,42803906,SAME_TYPE,ENTITY,synthetic,
41962755,42750382,SAME_TYPE,ENTITY,synthetic,
41962755,42773458,SAME_TYPE,ENTITY,synthetic,
41962755,42972401,SAME_TYPE,ENTITY,synthetic,
41962755,42978254,SAME_TYPE,ENTITY,synthetic,
41963727,41985844,SAME_TYPE,ENTITY,synthetic,
41963727,42055230,SAME_TYPE,ENTITY,synthetic,
41963727,42091301,SAME_TYPE,ENTITY,synthetic,
41963727,42164534,SAME_TYPE,ENTITY,synthetic,
41963727,42178545,SAME_TYPE,ENTITY,synthetic,
41963727,42187699,SAME_TYPE,ENTITY,synthetic,
41963727,4238484,SAME_TYPE,ENTITY,synthetic,
41963727,42070430,SAME_TYPE,ENTITY,synthetic,
41963727,42438131,SAME_TYPE,ENTITY,synthetic,
41963727,4249942,SAME_TYPE,ENTITY,synthetic,
41963727,42509590,SAME_TYPE,ENTITY,synthetic,
41963727,42539895,SAME_TYPE,ENTITY,synthetic,
41963727,42321260,SAME_TYPE,ENTITY,synthetic,
41963727,426509,SAME_TYPE,ENTITY,synthetic,
41963727,42654916,SAME_TYPE,ENTITY,synthetic,
41963727,42690068,SAME_TYPE,ENTITY,synthetic,
41963727,42618611,SAME_TYPE,ENTITY,synthetic,
41963727,428041,SAME_TYPE,ENTITY,synthetic,
41963727,428181,SAME_TYPE,ENTITY,synthetic,
41963727,427516,SAME_TYPE,ENTITY,synthetic,
41963727,42760,SAME_TYPE,ENTITY,synthetic,
41963727,42773458,SAME_TYPE,ENTITY,synthetic,
41963727,42972401,SAME_TYPE,ENTITY,synthetic,
41963727,42984245,SAME_TYPE,ENTITY,synthetic,
41966522,419735,SAME_TYPE,ENTITY,synthetic,
41966522,41994263,SAME_TYPE,ENTITY,synthetic,
41966522,42048570,SAME_TYPE,ENTITY,synthetic,
41966522,420595,SAME_TYPE,ENTITY,synthetic,
41966522,42062675,SAME_TYPE,ENTITY,synthetic,
41966522,42063961,SAME_TYPE,ENTITY,synthetic,
41966522,42064801,SAME_TYPE,ENTITY,synthetic,
41966522,421206,SAME_TYPE,ENTITY,synthetic,
41966522,42165259,SAME_TYPE,ENTITY,synthetic,
41966522,42162273,SAME_TYPE,ENTITY,synthetic,
41966522,42433646,SAME_TYPE,ENTITY,synthetic,
41966522,42460866,SAME_TYPE,ENTITY,synthetic,
41966522,42508934,SAME_TYPE,ENTITY,synthetic,
41966522,42297368,SAME_TYPE,ENTITY,synthetic,
41966522,42654916,SAME_TYPE,ENTITY,synthetic,
41966522,42691457,SAME_TYPE,ENTITY,synthetic,
41966522,42697847,SAME_TYPE,ENTITY,synthetic,
41966522,42629769,SAME_TYPE,ENTITY,synthetic,
41966522,42795668,SAME_TYPE,ENTITY,synthetic,
41966522,42803906,SAME_TYPE,ENTITY,synthetic,
41966522,428181,SAME_TYPE,ENTITY,synthetic,
41966522,42980506,SAME_TYPE,ENTITY,synthetic,
41968880,42052337,SAME_TYPE,ENTITY,synthetic,
41968880,42189409,SAME_TYPE,ENTITY,synthetic,
41968880,42256448,SAME_TYPE,ENTITY,synthetic,
41968880,42266980,SAME_TYPE,ENTITY,synthetic,
41968880,423940,SAME_TYPE,ENTITY,synthetic,
41968880,42410849,SAME_TYPE,ENTITY,synthetic,
41968880,42419933,SAME_TYPE,ENTITY,synthetic,
41968880,42455270,SAME_TYPE,ENTITY,synthetic,
41968880,42508934,SAME_TYPE,ENTITY,synthetic,
41968880,42525316,SAME_TYPE,ENTITY,synthetic,
41968880,42539895,SAME_TYPE,ENTITY,synthetic,
41968880,42697847,SAME_TYPE,ENTITY,synthetic,
41968880,42703173,SAME_TYPE,ENTITY,synthetic,
41968880,42619722,SAME_TYPE,ENTITY,synthetic,
41968880,428041,SAME_TYPE,ENTITY,synthetic,
41968880,427516,SAME_TYPE,ENTITY,synthetic,
41968880,42779199,SAME_TYPE,ENTITY,synthetic,
4196892,419735,SAME_TYPE,ENTITY,synthetic,
4196892,41985844,SAME_TYPE,ENTITY,synthetic,
4196892,42091269,SAME_TYPE,ENTITY,synthetic,
4196892,42256685,SAME_TYPE,ENTITY,synthetic,
4196892,42266980,SAME_TYPE,ENTITY,synthetic,
4196892,423940,SAME_TYPE,ENTITY,synthetic,
4196892,42284392,SAME_TYPE,ENTITY,synthetic,
4196892,424206,SAME_TYPE,ENTITY,synthetic,
4196892,42433646,SAME_TYPE,ENTITY,synthetic,
4196892,4245955,SAME_TYPE,ENTITY,synthetic,
4196892,4249765,SAME_TYPE,ENTITY,synthetic,
4196892,42523128,SAME_TYPE,ENTITY,synthetic,
4196892,42297368,SAME_TYPE,ENTITY,synthetic,
4196892,42654916,SAME_TYPE,ENTITY,synthetic,
4196892,42795668,SAME_TYPE,ENTITY,synthetic,
4196892,4280465,SAME_TYPE,ENTITY,synthetic,
4196892,42747621,SAME_TYPE,ENTITY,synthetic,
4196892,42779199,SAME_TYPE,ENTITY,synthetic,
4196892,42980855,SAME_TYPE,ENTITY,synthetic,
419725,41994263,SAME_TYPE,ENTITY,synthetic,
419725,42205304,SAME_TYPE,ENTITY,synthetic,
419725,42268800,SAME_TYPE,ENTITY,synthetic,
419725,42271,SAME_TYPE,ENTITY,synthetic,
419725,42275214,SAME_TYPE,ENTITY,synthetic,
419725,423809,SAME_TYPE,ENTITY,synthetic,
419725,423833,SAME_TYPE,ENTITY,synthetic,
419725,42405088,SAME_TYPE,ENTITY,synthetic,
419725,422074,SAME_TYPE,ENTITY,synthetic,
419725,42284392,SAME_TYPE,ENTITY,synthetic,
419725,42419933,SAME_TYPE,ENTITY,synthetic,
419725,42525316,SAME_TYPE,ENTITY,synthetic,
419725,42293225,SAME_TYPE,ENTITY,synthetic,
419725,426509,SAME_TYPE,ENTITY,synthetic,
419725,42676113,SAME_TYPE,ENTITY,synthetic,
419725,42703173,SAME_TYPE,ENTITY,synthetic,
419725,42629029,SAME_TYPE,ENTITY,synthetic,
419725,428156,SAME_TYPE,ENTITY,synthetic,
419725,4282331,SAME_TYPE,ENTITY,synthetic,
419725,427516,SAME_TYPE,ENTITY,synthetic,
419725,42760,SAME_TYPE,ENTITY,synthetic,
419725,42783540,SAME_TYPE,ENTITY,synthetic,
419735,42053995,SAME_TYPE,ENTITY,synthetic,
419735,420618,SAME_TYPE,ENTITY,synthetic,
419735,42064801,SAME_TYPE,ENTITY,synthetic,
419735,421717,SAME_TYPE,ENTITY,synthetic,
419735,421860,SAME_TYPE,ENTITY,synthetic,
419735,421896,SAME_TYPE,ENTITY,synthetic,
419735,422557,SAME_TYPE,ENTITY,synthetic,
419735,42266980,SAME_TYPE,ENTITY,synthetic,
419735,42410849,SAME_TYPE,ENTITY,synthetic,
419735,42433646,SAME_TYPE,ENTITY,synthetic,
419735,42508934,SAME_TYPE,ENTITY,synthetic,
419735,42683614,SAME_TYPE,ENTITY,synthetic,
419735,42690068,SAME_TYPE,ENTITY,synthetic,
419735,4280395,SAME_TYPE,ENTITY,synthetic,
419735,427628,SAME_TYPE,ENTITY,synthetic,
419735,42773458,SAME_TYPE,ENTITY,synthetic,
419735,42972401,SAME_TYPE,ENTITY,synthetic,
419735,42980855,SAME_TYPE,ENTITY,synthetic,
419735,43003219,SAME_TYPE,ENTITY,synthetic,
41985844,42064801,SAME_TYPE,ENTITY,synthetic,
41985844,42162738,SAME_TYPE,ENTITY,synthetic,
41985844,42165259,SAME_TYPE,ENTITY,synthetic,
41985844,42189104,SAME_TYPE,ENTITY,synthetic,
41985844,42266980,SAME_TYPE,ENTITY,synthetic,
41985844,422721,SAME_TYPE,ENTITY,synthetic,
41985844,423833,SAME_TYPE,ENTITY,synthetic,
41985844,42419933,SAME_TYPE,ENTITY,synthetic,
41985844,424206,SAME_TYPE,ENTITY,synthetic,
41985844,42456331,SAME_TYPE,ENTITY,synthetic,
41985844,4249765,SAME_TYPE,ENTITY,synthetic,
41985844,4249942,SAME_TYPE,ENTITY,synthetic,
41985844,42504802,SAME_TYPE,ENTITY,synthetic,
41985844,42508934,SAME_TYPE,ENTITY,synthetic,
41985844,42509590,SAME_TYPE,ENTITY,synthetic,
41985844,42321260,SAME_TYPE,ENTITY,synthetic,
41985844,426509,SAME_TYPE,ENTITY,synthetic,
41985844,426549,SAME_TYPE,ENTITY,synthetic,
41985844,42657825,SAME_TYPE,ENTITY,synthetic,
41985844,42703173,SAME_TYPE,ENTITY,synthetic,
41985844,4279567,SAME_TYPE,ENTITY,synthetic,
41985844,4280395,SAME_TYPE,ENTITY,synthetic,
41985844,428156,SAME_TYPE,ENTITY,synthetic,
41994263,42055230,SAME_TYPE,ENTITY,synthetic,
41994263,420595,SAME_TYPE,ENTITY,synthetic,
41994263,42090008,SAME_TYPE,ENTITY,synthetic,
41994263,42165259,SAME_TYPE,ENTITY,synthetic,
41994263,42166088,SAME_TYPE,ENTITY,synthetic,
41994263,421860,SAME_TYPE,ENTITY,synthetic,
41994263,42187699,SAME_TYPE,ENTITY,synthetic,
41994263,42189409,SAME_TYPE,ENTITY,synthetic,
41994263,42194331,SAME_TYPE,ENTITY,synthetic,
41994263,42197189,SAME_TYPE,ENTITY,synthetic,
41994263,42271,SAME_TYPE,ENTITY,synthetic,
41994263,423833,SAME_TYPE,ENTITY,synthetic,
41994263,42410849,SAME_TYPE,ENTITY,synthetic,
41994263,42379647,SAME_TYPE,ENTITY,synthetic,
41994263,42521661,SAME_TYPE,ENTITY,synthetic,
41994263,42523128,SAME_TYPE,ENTITY,synthetic,
41994263,42321260,SAME_TYPE,ENTITY,synthetic,
41994263,42684039,SAME_TYPE,ENTITY,synthetic,
41994263,428156,SAME_TYPE,ENTITY,synthetic,
41994263,42747621,SAME_TYPE,ENTITY,synthetic,
41994263,427536,SAME_TYPE,ENTITY,synthetic,
41994263,42972262,SAME_TYPE,ENTITY,synthetic,
41994263,42978254,SAME_TYPE,ENTITY,synthetic,
42005270,42064801,SAME_TYPE,ENTITY,synthetic,
42005270,42091301,SAME_TYPE,ENTITY,synthetic,
42005270,421206,SAME_TYPE,ENTITY,synthetic,
42005270,42162738,SAME_TYPE,ENTITY,synthetic,
42005270,42165259,SAME_TYPE,ENTITY,synthetic,
42005270,42166088,SAME_TYPE,ENTITY,synthetic,
42005270,4218310,SAME_TYPE,ENTITY,synthetic,
42005270,421860,SAME_TYPE,ENTITY,synthetic,
42005270,42189104,SAME_TYPE,ENTITY,synthetic,
42005270,42266980,SAME_TYPE,ENTITY,synthetic,
42005270,42271,SAME_TYPE,ENTITY,synthetic,
42005270,42275214,SAME_TYPE,ENTITY,synthetic,
42005270,42419933,SAME_TYPE,ENTITY,synthetic,
42005270,42428263,SAME_TYPE,ENTITY,synthetic,
42005270,42434240,SAME_TYPE,ENTITY,synthetic,
42005270,42456331,SAME_TYPE,ENTITY,synthetic,
42005270,42504802,SAME_TYPE,ENTITY,synthetic,
42005270,42535,SAME_TYPE,ENTITY,synthetic,
42005270,42544362,SAME_TYPE,ENTITY,synthetic,
42005270,42545364,SAME_TYPE,ENTITY,synthetic,
42005270,42292727,SAME_TYPE,ENTITY,synthetic,
42005270,426549,SAME_TYPE,ENTITY,synthetic,
42005270,42683614,SAME_TYPE,ENTITY,synthetic,
42005270,42703173,SAME_TYPE,ENTITY,synthetic,
42005270,42620145,SAME_TYPE,ENTITY,synthetic,
42005270,42629029,SAME_TYPE,ENTITY,synthetic,
42005270,4280395,SAME_TYPE,ENTITY,synthetic,
42005270,42750382,SAME_TYPE,ENTITY,synthetic,
42005270,427516,SAME_TYPE,ENTITY,synthetic,
42048570,421206,SAME_TYPE,ENTITY,synthetic,
42048570,42164534,SAME_TYPE,ENTITY,synthetic,
42048570,421717,SAME_TYPE,ENTITY,synthetic,
42048570,42187699,SAME_TYPE,ENTITY,synthetic,
42048570,42189409,SAME_TYPE,ENTITY,synthetic,
42048570,42199196,SAME_TYPE,ENTITY,synthetic,
42048570,42275214,SAME_TYPE,ENTITY,synthetic,
42048570,4238484,SAME_TYPE,ENTITY,synthetic,
42048570,42405088,SAME_TYPE,ENTITY,synthetic,
42048570,42121191,SAME_TYPE,ENTITY,synthetic,
42048570,42379647,SAME_TYPE,ENTITY,synthetic,
42048570,42460866,SAME_TYPE,ENTITY,synthetic,
42048570,4249942,SAME_TYPE,ENTITY,synthetic,
42048570,42523128,SAME_TYPE,ENTITY,synthetic,
42048570,42629029,SAME_TYPE,ENTITY,synthetic,
42048570,428156,SAME_TYPE,ENTITY,synthetic,
42048570,4282331,SAME_TYPE,ENTITY,synthetic,
42048570,42750382,SAME_TYPE,ENTITY,synthetic,
42048570,42760,SAME_TYPE,ENTITY,synthetic,
42048570,42984245,SAME_TYPE,ENTITY,synthetic,
42052337,42053995,SAME_TYPE,ENTITY,synthetic,
42052337,420595,SAME_TYPE,ENTITY,synthetic,
42052337,421206,SAME_TYPE,ENTITY,synthetic,
42052337,42164534,SAME_TYPE,ENTITY,synthetic,
42052337,42187699,SAME_TYPE,ENTITY,synthetic,
42052337,42205304,SAME_TYPE,ENTITY,synthetic,
42052337,422721,SAME_TYPE,ENTITY,synthetic,
42052337,4238484,SAME_TYPE,ENTITY,synthetic,
42052337,42253272,SAME_TYPE,ENTITY,synthetic,
42052337,42602167,SAME_TYPE,ENTITY,synthetic,
42052337,42293225,SAME_TYPE,ENTITY,synthetic,
42052337,42653583,SAME_TYPE,ENTITY,synthetic,
42052337,42657825,SAME_TYPE,ENTITY,synthetic,
42052337,426595,SAME_TYPE,ENTITY,synthetic,
42052337,42703173,SAME_TYPE,ENTITY,synthetic,
42052337,42619722,SAME_TYPE,ENTITY,synthetic,
42052337,42629769,SAME_TYPE,ENTITY,synthetic,
42052337,42803906,SAME_TYPE,ENTITY,synthetic,
42052337,4280395,SAME_TYPE,ENTITY,synthetic,
42052337,4280465,SAME_TYPE,ENTITY,synthetic,
42052337,42972401,SAME_TYPE,ENTITY,synthetic,
42052337,42980855,SAME_TYPE,ENTITY,synthetic,
42052337,43003219,SAME_TYPE,ENTITY,synthetic,
42053995,42091269,SAME_TYPE,ENTITY,synthetic,
42053995,42162738,SAME_TYPE,ENTITY,synthetic,
42053995,421860,SAME_TYPE,ENTITY,synthetic,
42053995,42268800,SAME_TYPE,ENTITY,synthetic,
42053995,423809,SAME_TYPE,ENTITY,synthetic,
42053995,42406183,SAME_TYPE,ENTITY,synthetic,
42053995,42070430,SAME_TYPE,ENTITY,synthetic,
42053995,42121191,SAME_TYPE,ENTITY,synthetic,
42053995,42428263,SAME_TYPE,ENTITY,synthetic,
42053995,42504802,SAME_TYPE,ENTITY,synthetic,
42053995,42535,SAME_TYPE,ENTITY,synthetic,
42053995,42293225,SAME_TYPE,ENTITY,synthetic,
42053995,42320815,SAME_TYPE,ENTITY,synthetic,
42053995,42676113,SAME_TYPE,ENTITY,synthetic,
42053995,42697847,SAME_TYPE,ENTITY,synthetic,
42053995,42618611,SAME_TYPE,ENTITY,synthetic,
42053995,42629769,SAME_TYPE,ENTITY,synthetic,
42053995,4279567,SAME_TYPE,ENTITY,synthetic,
42053995,42801205,SAME_TYPE,ENTITY,synthetic,
42053995,4282331,SAME_TYPE,ENTITY,synthetic,
42055230,42091301,SAME_TYPE,ENTITY,synthetic,
42055230,42178545,SAME_TYPE,ENTITY,synthetic,
42055230,42189104,SAME_TYPE,ENTITY,synthetic,
42055230,42197189,SAME_TYPE,ENTITY,synthetic,
42055230,42256448,SAME_TYPE,ENTITY,synthetic,
42055230,42410849,SAME_TYPE,ENTITY,synthetic,
42055230,42070430,SAME_TYPE,ENTITY,synthetic,
42055230,42428263,SAME_TYPE,ENTITY,synthetic,
42055230,42460866,SAME_TYPE,ENTITY,synthetic,
42055230,4249765,SAME_TYPE,ENTITY,synthetic,
42055230,42523128,SAME_TYPE,ENTITY,synthetic,
42055230,42545364,SAME_TYPE,ENTITY,synthetic,
42055230,426509,SAME_TYPE,ENTITY,synthetic,
42055230,42654916,SAME_TYPE,ENTITY,synthetic,
42055230,4279567,SAME_TYPE,ENTITY,synthetic,
42055230,42798679,SAME_TYPE,ENTITY,synthetic,
42055230,427516,SAME_TYPE,ENTITY,synthetic,
42055230,42779199,SAME_TYPE,ENTITY,synthetic,
420595,42064801,SAME_TYPE,ENTITY,synthetic,
420595,42166088,SAME_TYPE,ENTITY,synthetic,
420595,42256685,SAME_TYPE,ENTITY,synthetic,
420595,42403762,SAME_TYPE,ENTITY,synthetic,
420595,42406183,SAME_TYPE,ENTITY,synthetic,
420595,42410849,SAME_TYPE,ENTITY,synthetic,
420595,42162273,SAME_TYPE,ENTITY,synthetic,
420595,42284392,SAME_TYPE,ENTITY,synthetic,
420595,42433646,SAME_TYPE,ENTITY,synthetic,
420595,42434240,SAME_TYPE,ENTITY,synthetic,
420595,42456331,SAME_TYPE,ENTITY,synthetic,
420595,42544362,SAME_TYPE,ENTITY,synthetic,
420595,42653583,SAME_TYPE,ENTITY,synthetic,
420595,42654916,SAME_TYPE,ENTITY,synthetic,
420595,42629029,SAME_TYPE,ENTITY,synthetic,
420595,42629769,SAME_TYPE,ENTITY,synthetic,
420595,42795668,SAME_TYPE,ENTITY,synthetic,
420595,42748130,SAME_TYPE,ENTITY,synthetic,
420595,42773458,SAME_TYPE,ENTITY,synthetic,
420595,42972401,SAME_TYPE,ENTITY,synthetic,
420618,42063961,SAME_TYPE,ENTITY,synthetic,
420618,42188417,SAME_TYPE,ENTITY,synthetic,
420618,42275214,SAME_TYPE,ENTITY,synthetic,
420618,4238484,SAME_TYPE,ENTITY,synthetic,
420618,42253272,SAME_TYPE,ENTITY,synthetic,
420618,42490512,SAME_TYPE,ENTITY,synthetic,
420618,42428263,SAME_TYPE,ENTITY,synthetic,
420618,42297368,SAME_TYPE,ENTITY,synthetic,
420618,42321260,SAME_TYPE,ENTITY,synthetic,
420618,42697847,SAME_TYPE,ENTITY,synthetic,
420618,42620145,SAME_TYPE,ENTITY,synthetic,
420618,42629769,SAME_TYPE,ENTITY,synthetic,
420618,4279567,SAME_TYPE,ENTITY,synthetic,
420618,42798679,SAME_TYPE,ENTITY,synthetic,
420618,42750382,SAME_TYPE,ENTITY,synthetic,
420618,42773458,SAME_TYPE,ENTITY,synthetic,
42062675,42064801,SAME_TYPE,ENTITY,synthetic,
42062675,42165259,SAME_TYPE,ENTITY,synthetic,
42062675,421717,SAME_TYPE,ENTITY,synthetic,
42062675,421860,SAME_TYPE,ENTITY,synthetic,
42062675,42189104,SAME_TYPE,ENTITY,synthetic,
42062675,422557,SAME_TYPE,ENTITY,synthetic,
42062675,423833,SAME_TYPE,ENTITY,synthetic,
42062675,42121191,SAME_TYPE,ENTITY,synthetic,
42062675,42490512,SAME_TYPE,ENTITY,synthetic,
42062675,42420470,SAME_TYPE,ENTITY,synthetic,
42062675,424274,SAME_TYPE,ENTITY,synthetic,
42062675,42434240,SAME_TYPE,ENTITY,synthetic,
42062675,4249765,SAME_TYPE,ENTITY,synthetic,
42062675,42504802,SAME_TYPE,ENTITY,synthetic,
42062675,42509590,SAME_TYPE,ENTITY,synthetic,
42062675,42525316,SAME_TYPE,ENTITY,synthetic,
42062675,42292727,SAME_TYPE,ENTITY,synthetic,
42062675,42293225,SAME_TYPE,ENTITY,synthetic,
42062675,42297368,SAME_TYPE,ENTITY,synthetic,
42062675,426549,SAME_TYPE,ENTITY,synthetic,
42062675,42629029,SAME_TYPE,ENTITY,synthetic,
42062675,42799242,SAME_TYPE,ENTITY,synthetic,
42062675,4280465,SAME_TYPE,ENTITY,synthetic,
42062675,42972262,SAME_TYPE,ENTITY,synthetic,
42063961,421860,SAME_TYPE,ENTITY,synthetic,
42063961,421896,SAME_TYPE,ENTITY,synthetic,
42063961,42256448,SAME_TYPE,ENTITY,synthetic,
42063961,42392107,SAME_TYPE,ENTITY,synthetic,
42063961,42121191,SAME_TYPE,ENTITY,synthetic,
42063961,42707362,SAME_TYPE,ENTITY,synthetic,
42063961,42419933,SAME_TYPE,ENTITY,synthetic,
42063961,42433646,SAME_TYPE,ENTITY,synthetic,
42063961,42456331,SAME_TYPE,ENTITY,synthetic,
42063961,42521661,SAME_TYPE,ENTITY,synthetic,
42063961,42653583,SAME_TYPE,ENTITY,synthetic,
42063961,42683614,SAME_TYPE,ENTITY,synthetic,
42063961,428181,SAME_TYPE,ENTITY,synthetic,
42063961,42972262,SAME_TYPE,ENTITY,synthetic,
42064801,421860,SAME_TYPE,ENTITY,synthetic,
42064801,421896,SAME_TYPE,ENTITY,synthetic,
42064801,42268800,SAME_TYPE,ENTITY,synthetic,
42064801,42405088,SAME_TYPE,ENTITY,synthetic,
42064801,42070430,SAME_TYPE,ENTITY,synthetic,
42064801,42121191,SAME_TYPE,ENTITY,synthetic,
42064801,42379647,SAME_TYPE,ENTITY,synthetic,
42064801,42433646,SAME_TYPE,ENTITY,synthetic,
42064801,42545364,SAME_TYPE,ENTITY,synthetic,
42064801,42657825,SAME_TYPE,ENTITY,synthetic,
42064801,42683614,SAME_TYPE,ENTITY,synthetic,
42064801,42703173,SAME_TYPE,ENTITY,synthetic,
42064801,42620145,SAME_TYPE,ENTITY,synthetic,
42064801,42801205,SAME_TYPE,ENTITY,synthetic,
42064801,42750382,SAME_TYPE,ENTITY,synthetic,
42064801,43003219,SAME_TYPE,ENTITY,synthetic,
42090008,42106373,SAME_TYPE,ENTITY,synthetic,
42090008,421206,SAME_TYPE,ENTITY,synthetic,
42090008,42165259,SAME_TYPE,ENTITY,synthetic,
42090008,42256685,SAME_TYPE,ENTITY,synthetic,
42090008,423809,SAME_TYPE,ENTITY,synthetic,
42090008,42121191,SAME_TYPE,ENTITY,synthetic,
42090008,42707362,SAME_TYPE,ENTITY,synthetic,
42090008,42419933,SAME_TYPE,ENTITY,synthetic,
42090008,424274,SAME_TYPE,ENTITY,synthetic,
42090008,42460866,SAME_TYPE,ENTITY,synthetic,
42090008,4249765,SAME_TYPE,ENTITY,synthetic,
42090008,42539895,SAME_TYPE,ENTITY,synthetic,
42090008,42544362,SAME_TYPE,ENTITY,synthetic,
42090008,42690068,SAME_TYPE,ENTITY,synthetic,
42090008,42795668,SAME_TYPE,ENTITY,synthetic,
42090008,42779199,SAME_TYPE,ENTITY,synthetic,
42090008,42783540,SAME_TYPE,ENTITY,synthetic,
42090008,42980506,SAME_TYPE,ENTITY,synthetic,
42091269,42166088,SAME_TYPE,ENTITY,synthetic,
42091269,42187699,SAME_TYPE,ENTITY,synthetic,
42091269,422557,SAME_TYPE,ENTITY,synthetic,
42091269,422721,SAME_TYPE,ENTITY,synthetic,
42091269,42162273,SAME_TYPE,ENTITY,synthetic,
42091269,42707362,SAME_TYPE,ENTITY,synthetic,
42091269,42433646,SAME_TYPE,ENTITY,synthetic,
42091269,42457863,SAME_TYPE,ENTITY,synthetic,
42091269,4249765,SAME_TYPE,ENTITY,synthetic,
42091269,42509590,SAME_TYPE,ENTITY,synthetic,
42091269,42521661,SAME_TYPE,ENTITY,synthetic,
42091269,42292727,SAME_TYPE,ENTITY,synthetic,
42091269,42654916,SAME_TYPE,ENTITY,synthetic,
42091269,42629769,SAME_TYPE,ENTITY,synthetic,
42091269,428156,SAME_TYPE,ENTITY,synthetic,
42091269,42980506,SAME_TYPE,ENTITY,synthetic,
42091269,43003219,SAME_TYPE,ENTITY,synthetic,
42091301,42189409,SAME_TYPE,ENTITY,synthetic,
42091301,42197189,SAME_TYPE,ENTITY,synthetic,
42091301,42256685,SAME_TYPE,ENTITY,synthetic,
42091301,42271,SAME_TYPE,ENTITY,synthetic,
42091301,42121191,SAME_TYPE,ENTITY,synthetic,
42091301,42162273,SAME_TYPE,ENTITY,synthetic,
42091301,42284392,SAME_TYPE,ENTITY,synthetic,
42091301,42438131,SAME_TYPE,ENTITY,synthetic,
42091301,4249765,SAME_TYPE,ENTITY,synthetic,
42091301,426595,SAME_TYPE,ENTITY,synthetic,
42091301,42684039,SAME_TYPE,ENTITY,synthetic,
42091301,42798679,SAME_TYPE,ENTITY,synthetic,
42091301,42801205,SAME_TYPE,ENTITY,synthetic,
42091301,42747621,SAME_TYPE,ENTITY,synthetic,
42091301,427628,SAME_TYPE,ENTITY,synthetic,
42106373,42257570,SAME_TYPE,ENTITY,synthetic,
42106373,42268800,SAME_TYPE,ENTITY,synthetic,
42106373,42271,SAME_TYPE,ENTITY,synthetic,
42106373,423940,SAME_TYPE,ENTITY,synthetic,
42106373,42460866,SAME_TYPE,ENTITY,synthetic,
42106373,4249765,SAME_TYPE,ENTITY,synthetic,
42106373,42521661,SAME_TYPE,ENTITY,synthetic,
42106373,42539895,SAME_TYPE,ENTITY,synthetic,
42106373,42320815,SAME_TYPE,ENTITY,synthetic,
42106373,42321260,SAME_TYPE,ENTITY,synthetic,
42106373,42619722,SAME_TYPE,ENTITY,synthetic,
42106373,428156,SAME_TYPE,ENTITY,synthetic,
42106373,4282331,SAME_TYPE,ENTITY,synthetic,
42106373,42783540,SAME_TYPE,ENTITY,synthetic,
421206,42187699,SAME_TYPE,ENTITY,synthetic,
421206,421896,SAME_TYPE,ENTITY,synthetic,
421206,42194331,SAME_TYPE,ENTITY,synthetic,
421206,42197189,SAME_TYPE,ENTITY,synthetic,
421206,42199196,SAME_TYPE,ENTITY,synthetic,
421206,422557,SAME_TYPE,ENTITY,synthetic,
421206,42256448,SAME_TYPE,ENTITY,synthetic,
421206,42266980,SAME_TYPE,ENTITY,synthetic,
421206,42268800,SAME_TYPE,ENTITY,synthetic,
421206,42392107,SAME_TYPE,ENTITY,synthetic,
421206,42419933,SAME_TYPE,ENTITY,synthetic,
421206,42456331,SAME_TYPE,ENTITY,synthetic,
421206,4249942,SAME_TYPE,ENTITY,synthetic,
421206,42508934,SAME_TYPE,ENTITY,synthetic,
421206,42509590,SAME_TYPE,ENTITY,synthetic,
421206,42292727,SAME_TYPE,ENTITY,synthetic,
421206,42293225,SAME_TYPE,ENTITY,synthetic,
421206,42320815,SAME_TYPE,ENTITY,synthetic,
421206,42657825,SAME_TYPE,ENTITY,synthetic,
421206,42618611,SAME_TYPE,ENTITY,synthetic,
421206,42799242,SAME_TYPE,ENTITY,synthetic,
421206,42803906,SAME_TYPE,ENTITY,synthetic,
421206,4280465,SAME_TYPE,ENTITY,synthetic,
421206,428181,SAME_TYPE,ENTITY,synthetic,
421206,42747621,SAME_TYPE,ENTITY,synthetic,
421206,427628,SAME_TYPE,ENTITY,synthetic,
421206,42972401,SAME_TYPE,ENTITY,synthetic,
421206,42980855,SAME_TYPE,ENTITY,synthetic,
42162738,4218310,SAME_TYPE,ENTITY,synthetic,
42162738,42189104,SAME_TYPE,ENTITY,synthetic,
42162738,42205304,SAME_TYPE,ENTITY,synthetic,
42162738,42257570,SAME_TYPE,ENTITY,synthetic,
42162738,42271,SAME_TYPE,ENTITY,synthetic,
42162738,42275214,SAME_TYPE,ENTITY,synthetic,
42162738,42403762,SAME_TYPE,ENTITY,synthetic,
42162738,42379647,SAME_TYPE,ENTITY,synthetic,
42162738,42707362,SAME_TYPE,ENTITY,synthetic,
42162738,42428263,SAME_TYPE,ENTITY,synthetic,
42162738,42457863,SAME_TYPE,ENTITY,synthetic,
42162738,42509590,SAME_TYPE,ENTITY,synthetic,
42162738,42523128,SAME_TYPE,ENTITY,synthetic,
42162738,42653583,SAME_TYPE,ENTITY,synthetic,
42162738,42654916,SAME_TYPE,ENTITY,synthetic,
42162738,42662412,SAME_TYPE,ENTITY,synthetic,
42162738,426405,SAME_TYPE,ENTITY,synthetic,
42162738,4280465,SAME_TYPE,ENTITY,synthetic,
42162738,428156,SAME_TYPE,ENTITY,synthetic,
42162738,42980506,SAME_TYPE,ENTITY,synthetic,
42164534,42178545,SAME_TYPE,ENTITY,synthetic,
42164534,42189409,SAME_TYPE,ENTITY,synthetic,
42164534,42194331,SAME_TYPE,ENTITY,synthetic,
42164534,423809,SAME_TYPE,ENTITY,synthetic,
42164534,42070430,SAME_TYPE,ENTITY,synthetic,
42164534,424206,SAME_TYPE,ENTITY,synthetic,
42164534,42457863,SAME_TYPE,ENTITY,synthetic,
42164534,4245955,SAME_TYPE,ENTITY,synthetic,
42164534,42509590,SAME_TYPE,ENTITY,synthetic,
42164534,42525316,SAME_TYPE,ENTITY,synthetic,
42164534,42293225,SAME_TYPE,ENTITY,synthetic,
42164534,42703173,SAME_TYPE,ENTITY,synthetic,
42164534,42618611,SAME_TYPE,ENTITY,synthetic,
42164534,42795668,SAME_TYPE,ENTITY,synthetic,
42164534,4280395,SAME_TYPE,ENTITY,synthetic,
42164534,4280465,SAME_TYPE,ENTITY,synthetic,
42164534,428156,SAME_TYPE,ENTITY,synthetic,
42164534,42773458,SAME_TYPE,ENTITY,synthetic,
42164534,42980506,SAME_TYPE,ENTITY,synthetic,
42164534,43003219,SAME_TYPE,ENTITY,synthetic,
42165259,42199196,SAME_TYPE,ENTITY,synthetic,
42165259,42205304,SAME_TYPE,ENTITY,synthetic,
42165259,42268800,SAME_TYPE,ENTITY,synthetic,
42165259,42070430,SAME_TYPE,ENTITY,synthetic,
42165259,42253272,SAME_TYPE,ENTITY,synthetic,
42165259,42379647,SAME_TYPE,ENTITY,synthetic,
42165259,42490512,SAME_TYPE,ENTITY,synthetic,
42165259,42455270,SAME_TYPE,ENTITY,synthetic,
42165259,42292727,SAME_TYPE,ENTITY,synthetic,
42165259,42293225,SAME_TYPE,ENTITY,synthetic,
42165259,42297368,SAME_TYPE,ENTITY,synthetic,
42165259,426509,SAME_TYPE,ENTITY,synthetic,
42165259,42683614,SAME_TYPE,ENTITY,synthetic,
42165259,42795668,SAME_TYPE,ENTITY,synthetic,
42165259,42799242,SAME_TYPE,ENTITY,synthetic,
42165259,428156,SAME_TYPE,ENTITY,synthetic,
42165259,428181,SAME_TYPE,ENTITY,synthetic,
42165259,427628,SAME_TYPE,ENTITY,synthetic,
42165259,42972262,SAME_TYPE,ENTITY,synthetic,
42166088,421717,SAME_TYPE,ENTITY,synthetic,
42166088,42189409,SAME_TYPE,ENTITY,synthetic,
42166088,42199196,SAME_TYPE,ENTITY,synthetic,
42166088,42392107,SAME_TYPE,ENTITY,synthetic,
42166088,42403762,SAME_TYPE,ENTITY,synthetic,
42166088,42428263,SAME_TYPE,ENTITY,synthetic,
42166088,4245955,SAME_TYPE,ENTITY,synthetic,
42166088,42545364,SAME_TYPE,ENTITY,synthetic,
42166088,42662412,SAME_TYPE,ENTITY,synthetic,
42166088,42795668,SAME_TYPE,ENTITY,synthetic,
42166088,428041,SAME_TYPE,ENTITY,synthetic,
42166088,428181,SAME_TYPE,ENTITY,synthetic,
42166088,4282331,SAME_TYPE,ENTITY,synthetic,
42166088,427628,SAME_TYPE,ENTITY,synthetic,
42166088,42972262,SAME_TYPE,ENTITY,synthetic,
421717,422721,SAME_TYPE,ENTITY,synthetic,
421717,423809,SAME_TYPE,ENTITY,synthetic,
421717,42504802,SAME_TYPE,ENTITY,synthetic,
421717,42523128,SAME_TYPE,ENTITY,synthetic,
421717,42525316,SAME_TYPE,ENTITY,synthetic,
421717,42545364,SAME_TYPE,ENTITY,synthetic,
421717,42293225,SAME_TYPE,ENTITY,synthetic,
421717,42320815,SAME_TYPE,ENTITY,synthetic,
421717,426595,SAME_TYPE,ENTITY,synthetic,
421717,42691457,SAME_TYPE,ENTITY,synthetic,
421717,42618611,SAME_TYPE,ENTITY,synthetic,
421717,426405,SAME_TYPE,ENTITY,synthetic,
421717,4280395,SAME_TYPE,ENTITY,synthetic,
421717,427628,SAME_TYPE,ENTITY,synthetic,
421717,42980506,SAME_TYPE,ENTITY,synthetic,
421717,42980855,SAME_TYPE,ENTITY,synthetic,
42178545,421860,SAME_TYPE,ENTITY,synthetic,
42178545,42188417,SAME_TYPE,ENTITY,synthetic,
42178545,42189104,SAME_TYPE,ENTITY,synthetic,
42178545,42189409,SAME_TYPE,ENTITY,synthetic,
42178545,422557,SAME_TYPE,ENTITY,synthetic,
42178545,42275214,SAME_TYPE,ENTITY,synthetic,
42178545,423809,SAME_TYPE,ENTITY,synthetic,
42178545,42379647,SAME_TYPE,ENTITY,synthetic,
42178545,42426605,SAME_TYPE,ENTITY,synthetic,
42178545,42460866,SAME_TYPE,ENTITY,synthetic,
42178545,4249765,SAME_TYPE,ENTITY,synthetic,
42178545,42523128,SAME_TYPE,ENTITY,synthetic,
42178545,42654916,SAME_TYPE,ENTITY,synthetic,
42178545,42697847,SAME_TYPE,ENTITY,synthetic,
42178545,42620145,SAME_TYPE,ENTITY,synthetic,
42178545,4279567,SAME_TYPE,ENTITY,synthetic,
42178545,4280395,SAME_TYPE,ENTITY,synthetic,
42178545,4282331,SAME_TYPE,ENTITY,synthetic,
42178545,427628,SAME_TYPE,ENTITY,synthetic,
42178545,42779199,SAME_TYPE,ENTITY,synthetic,
42178545,43003219,SAME_TYPE,ENTITY,synthetic,
4218310,42257570,SAME_TYPE,ENTITY,synthetic,
4218310,42266980,SAME_TYPE,ENTITY,synthetic,
4218310,423940,SAME_TYPE,ENTITY,synthetic,
4218310,42707362,SAME_TYPE,ENTITY,synthetic,
4218310,42420470,SAME_TYPE,ENTITY,synthetic,
4218310,42434240,SAME_TYPE,ENTITY,synthetic,
4218310,42457863,SAME_TYPE,ENTITY,synthetic,
4218310,42508934,SAME_TYPE,ENTITY,synthetic,
4218310,42525316,SAME_TYPE,ENTITY,synthetic,
4218310,42535,SAME_TYPE,ENTITY,synthetic,
4218310,42321260,SAME_TYPE,ENTITY,synthetic,
4218310,42697847,SAME_TYPE,ENTITY,synthetic,
4218310,42980506,SAME_TYPE,ENTITY,synthetic,
4218310,42984245,SAME_TYPE,ENTITY,synthetic,
421860,42187699,SAME_TYPE,ENTITY,synthetic,
421860,42197189,SAME_TYPE,ENTITY,synthetic,
421860,42256448,SAME_TYPE,ENTITY,synthetic,
421860,42392107,SAME_TYPE,ENTITY,synthetic,
421860,4249942,SAME_TYPE,ENTITY,synthetic,
421860,42509590,SAME_TYPE,ENTITY,synthetic,
421860,42521661,SAME_TYPE,ENTITY,synthetic,
421860,42523128,SAME_TYPE,ENTITY,synthetic,
421860,42525316,SAME_TYPE,ENTITY,synthetic,
421860,42535,SAME_TYPE,ENTITY,synthetic,
421860,42544362,SAME_TYPE,ENTITY,synthetic,
421860,426509,SAME_TYPE,ENTITY,synthetic,
421860,42620145,SAME_TYPE,ENTITY,synthetic,
421860,42760,SAME_TYPE,ENTITY,synthetic,
42187699,42275214,SAME_TYPE,ENTITY,synthetic,
42187699,4238484,SAME_TYPE,ENTITY,synthetic,
42187699,42406183,SAME_TYPE,ENTITY,synthetic,
42187699,42419933,SAME_TYPE,ENTITY,synthetic,
42187699,424274,SAME_TYPE,ENTITY,synthetic,
42187699,42433646,SAME_TYPE,ENTITY,synthetic,
42187699,42508934,SAME_TYPE,ENTITY,synthetic,
42187699,42509590,SAME_TYPE,ENTITY,synthetic,
42187699,42525316,SAME_TYPE,ENTITY,synthetic,
42187699,426595,SAME_TYPE,ENTITY,synthetic,
42187699,42629769,SAME_TYPE,ENTITY,synthetic,
42187699,42795668,SAME_TYPE,ENTITY,synthetic,
42187699,42798679,SAME_TYPE,ENTITY,synthetic,
42187699,42801205,SAME_TYPE,ENTITY,synthetic,
42187699,428041,SAME_TYPE,ENTITY,synthetic,
42187699,42760,SAME_TYPE,ENTITY,synthetic,
42187699,427628,SAME_TYPE,ENTITY,synthetic,
42187699,42984245,SAME_TYPE,ENTITY,synthetic,
42188417,42189104,SAME_TYPE,ENTITY,synthetic,
42188417,42266980,SAME_TYPE,ENTITY,synthetic,
42188417,42392107,SAME_TYPE,ENTITY,synthetic,
42188417,42253272,SAME_TYPE,ENTITY,synthetic,
42188417,42602167,SAME_TYPE,ENTITY,synthetic,
42188417,42434240,SAME_TYPE,ENTITY,synthetic,
42188417,42455270,SAME_TYPE,ENTITY,synthetic,
42188417,42292727,SAME_TYPE,ENTITY,synthetic,
42188417,42321260,SAME_TYPE,ENTITY,synthetic,
42188417,42654916,SAME_TYPE,ENTITY,synthetic,
42188417,4280395,SAME_TYPE,ENTITY,synthetic,
42188417,42773458,SAME_TYPE,ENTITY,synthetic,
42189104,42197189,SAME_TYPE,ENTITY,synthetic,
42189104,42205304,SAME_TYPE,ENTITY,synthetic,
42189104,42403762,SAME_TYPE,ENTITY,synthetic,
42189104,424206,SAME_TYPE,ENTITY,synthetic,
42189104,42438131,SAME_TYPE,ENTITY,synthetic,
42189104,42456331,SAME_TYPE,ENTITY,synthetic,
42189104,42460866,SAME_TYPE,ENTITY,synthetic,
42189104,42508934,SAME_TYPE,ENTITY,synthetic,
42189104,42518724,SAME_TYPE,ENTITY,synthetic,
42189104,42321260,SAME_TYPE,ENTITY,synthetic,
42189104,426549,SAME_TYPE,ENTITY,synthetic,
42189104,42657825,SAME_TYPE,ENTITY,synthetic,
42189104,42684039,SAME_TYPE,ENTITY,synthetic,
42189104,42697847,SAME_TYPE,ENTITY,synthetic,
42189104,42619722,SAME_TYPE,ENTITY,synthetic,
42189104,426405,SAME_TYPE,ENTITY,synthetic,
42189104,42798679,SAME_TYPE,ENTITY,synthetic,
42189104,428156,SAME_TYPE,ENTITY,synthetic,
42189104,428181,SAME_TYPE,ENTITY,synthetic,
42189104,42750382,SAME_TYPE,ENTITY,synthetic,
42189409,42275214,SAME_TYPE,ENTITY,synthetic,
42189409,423809,SAME_TYPE,ENTITY,synthetic,
42189409,423833,SAME_TYPE,ENTITY,synthetic,
42189409,42509590,SAME_TYPE,ENTITY,synthetic,
42189409,42518724,SAME_TYPE,ENTITY,synthetic,
42189409,42525316,SAME_TYPE,ENTITY,synthetic,
42189409,42535,SAME_TYPE,ENTITY,synthetic,
42189409,42545364,SAME_TYPE,ENTITY,synthetic,
42189409,426509,SAME_TYPE,ENTITY,synthetic,
42189409,42662412,SAME_TYPE,ENTITY,synthetic,
42189409,42684039,SAME_TYPE,ENTITY,synthetic,
42189409,42703173,SAME_TYPE,ENTITY,synthetic,
42189409,426405,SAME_TYPE,ENTITY,synthetic,
42189409,4280465,SAME_TYPE,ENTITY,synthetic,
42189409,42747621,SAME_TYPE,ENTITY,synthetic,
42189409,42750382,SAME_TYPE,ENTITY,synthetic,
42189409,42760,SAME_TYPE,ENTITY,synthetic,
42189409,42779199,SAME_TYPE,ENTITY,synthetic,
421896,42266980,SAME_TYPE,ENTITY,synthetic,
421896,423809,SAME_TYPE,ENTITY,synthetic,
421896,42121191,SAME_TYPE,ENTITY,synthetic,
421896,42379647,SAME_TYPE,ENTITY,synthetic,
421896,42420470,SAME_TYPE,ENTITY,synthetic,
421896,424206,SAME_TYPE,ENTITY,synthetic,
421896,42428263,SAME_TYPE,ENTITY,synthetic,
421896,42457863,SAME_TYPE,ENTITY,synthetic,
421896,4245955,SAME_TYPE,ENTITY,synthetic,
421896,42539895,SAME_TYPE,ENTITY,synthetic,
421896,42292727,SAME_TYPE,ENTITY,synthetic,
421896,426595,SAME_TYPE,ENTITY,synthetic,
421896,42703173,SAME_TYPE,ENTITY,synthetic,
421896,42629769,SAME_TYPE,ENTITY,synthetic,
421896,42801205,SAME_TYPE,ENTITY,synthetic,
421896,427536,SAME_TYPE,ENTITY,synthetic,
421896,42980506,SAME_TYPE,ENTITY,synthetic,
42194331,42256448,SAME_TYPE,ENTITY,synthetic,
42194331,42392107,SAME_TYPE,ENTITY,synthetic,
42194331,42403762,SAME_TYPE,ENTITY,synthetic,
42194331,422074,SAME_TYPE,ENTITY,synthetic,
42194331,424206,SAME_TYPE,ENTITY,synthetic,
42194331,42455270,SAME_TYPE,ENTITY,synthetic,
42194331,42457863,SAME_TYPE,ENTITY,synthetic,
42194331,42292727,SAME_TYPE,ENTITY,synthetic,
42194331,42293225,SAME_TYPE,ENTITY,synthetic,
42194331,42657825,SAME_TYPE,ENTITY,synthetic,
42194331,42662412,SAME_TYPE,ENTITY,synthetic,
42194331,42703173,SAME_TYPE,ENTITY,synthetic,
42194331,4280395,SAME_TYPE,ENTITY,synthetic,
42194331,427628,SAME_TYPE,ENTITY,synthetic,
42194331,42783540,SAME_TYPE,ENTITY,synthetic,
42197189,42266980,SAME_TYPE,ENTITY,synthetic,
42197189,42268800,SAME_TYPE,ENTITY,synthetic,
42197189,42271,SAME_TYPE,ENTITY,synthetic,
42197189,422721,SAME_TYPE,ENTITY,synthetic,
42197189,422074,SAME_TYPE,ENTITY,synthetic,
42197189,42379647,SAME_TYPE,ENTITY,synthetic,
42197189,42419933,SAME_TYPE,ENTITY,synthetic,
42197189,42428263,SAME_TYPE,ENTITY,synthetic,
42197189,42460866,SAME_TYPE,ENTITY,synthetic,
42197189,42508934,SAME_TYPE,ENTITY,synthetic,
42197189,42292727,SAME_TYPE,ENTITY,synthetic,
42197189,42676113,SAME_TYPE,ENTITY,synthetic,
42197189,42978254,SAME_TYPE,ENTITY,synthetic,
42197189,42980506,SAME_TYPE,ENTITY,synthetic,
42199196,423833,SAME_TYPE,ENTITY,synthetic,
42199196,42392107,SAME_TYPE,ENTITY,synthetic,
42199196,42403762,SAME_TYPE,ENTITY,synthetic,
42199196,42162273,SAME_TYPE,ENTITY,synthetic,
42199196,42253272,SAME_TYPE,ENTITY,synthetic,
42199196,42428263,SAME_TYPE,ENTITY,synthetic,
42199196,426549,SAME_TYPE,ENTITY,synthetic,
42199196,42801205,SAME_TYPE,ENTITY,synthetic,
42199196,428156,SAME_TYPE,ENTITY,synthetic,
42199196,4282331,SAME_TYPE,ENTITY,synthetic,
42199196,42984245,SAME_TYPE,ENTITY,synthetic,
42205304,42256448,SAME_TYPE,ENTITY,synthetic,
42205304,423940,SAME_TYPE,ENTITY,synthetic,
42205304,42121191,SAME_TYPE,ENTITY,synthetic,
42205304,42162273,SAME_TYPE,ENTITY,synthetic,
42205304,424206,SAME_TYPE,ENTITY,synthetic,
42205304,42428263,SAME_TYPE,ENTITY,synthetic,
42205304,42438131,SAME_TYPE,ENTITY,synthetic,
42205304,42457863,SAME_TYPE,ENTITY,synthetic,
42205304,4249765,SAME_TYPE,ENTITY,synthetic,
42205304,42539895,SAME_TYPE,ENTITY,synthetic,
42205304,42321260,SAME_TYPE,ENTITY,synthetic,
42205304,426595,SAME_TYPE,ENTITY,synthetic,
42205304,42683614,SAME_TYPE,ENTITY,synthetic,
42205304,42691457,SAME_TYPE,ENTITY,synthetic,
42205304,42748130,SAME_TYPE,ENTITY,synthetic,
42205304,42984245,SAME_TYPE,ENTITY,synthetic,
422557,42403762,SAME_TYPE,ENTITY,synthetic,
422557,42121191,SAME_TYPE,ENTITY,synthetic,
422557,42379647,SAME_TYPE,ENTITY,synthetic,
422557,42602167,SAME_TYPE,ENTITY,synthetic,
422557,42419933,SAME_TYPE,ENTITY,synthetic,
422557,42426605,SAME_TYPE,ENTITY,synthetic,
422557,42428263,SAME_TYPE,ENTITY,synthetic,
422557,42433646,SAME_TYPE,ENTITY,synthetic,
422557,42438131,SAME_TYPE,ENTITY,synthetic,
422557,42456331,SAME_TYPE,ENTITY,synthetic,
422557,42457863,SAME_TYPE,ENTITY,synthetic,
422557,42460866,SAME_TYPE,ENTITY,synthetic,
422557,4249942,SAME_TYPE,ENTITY,synthetic,
422557,42508934,SAME_TYPE,ENTITY,synthetic,
422557,42321260,SAME_TYPE,ENTITY,synthetic,
422557,426595,SAME_TYPE,ENTITY,synthetic,
422557,42703173,SAME_TYPE,ENTITY,synthetic,
422557,426405,SAME_TYPE,ENTITY,synthetic,
422557,42801205,SAME_TYPE,ENTITY,synthetic,
422557,427536,SAME_TYPE,ENTITY,synthetic,
422557,42978254,SAME_TYPE,ENTITY,synthetic,
42256448,42707362,SAME_TYPE,ENTITY,synthetic,
42256448,42523128,SAME_TYPE,ENTITY,synthetic,
42256448,42297368,SAME_TYPE,ENTITY,synthetic,
42256448,42676113,SAME_TYPE,ENTITY,synthetic,
42256448,42619722,SAME_TYPE,ENTITY,synthetic,
42256448,42748130,SAME_TYPE,ENTITY,synthetic,
42256448,42760,SAME_TYPE,ENTITY,synthetic,
42256448,42783540,SAME_TYPE,ENTITY,synthetic,
42256685,42266980,SAME_TYPE,ENTITY,synthetic,
42256685,42268800,SAME_TYPE,ENTITY,synthetic,
42256685,42253272,SAME_TYPE,ENTITY,synthetic,
42256685,42379647,SAME_TYPE,ENTITY,synthetic,
42256685,42428263,SAME_TYPE,ENTITY,synthetic,
42256685,42456331,SAME_TYPE,ENTITY,synthetic,
42256685,42539895,SAME_TYPE,ENTITY,synthetic,
42256685,42629029,SAME_TYPE,ENTITY,synthetic,
42256685,42629769,SAME_TYPE,ENTITY,synthetic,
42256685,428181,SAME_TYPE,ENTITY,synthetic,
42257570,42268800,SAME_TYPE,ENTITY,synthetic,
42257570,423809,SAME_TYPE,ENTITY,synthetic,
42257570,42405088,SAME_TYPE,ENTITY,synthetic,
42257570,42162273,SAME_TYPE,ENTITY,synthetic,
42257570,42509590,SAME_TYPE,ENTITY,synthetic,
42257570,42523128,SAME_TYPE,ENTITY,synthetic,
42257570,42653583,SAME_TYPE,ENTITY,synthetic,
42257570,426549,SAME_TYPE,ENTITY,synthetic,
42257570,42662412,SAME_TYPE,ENTITY,synthetic,
42257570,42683614,SAME_TYPE,ENTITY,synthetic,
42257570,42703173,SAME_TYPE,ENTITY,synthetic,
42257570,42618611,SAME_TYPE,ENTITY,synthetic,
42257570,4279567,SAME_TYPE,ENTITY,synthetic,
42257570,42799242,SAME_TYPE,ENTITY,synthetic,
42257570,428181,SAME_TYPE,ENTITY,synthetic,
42257570,42750382,SAME_TYPE,ENTITY,synthetic,
42257570,42978254,SAME_TYPE,ENTITY,synthetic,
42257570,42984245,SAME_TYPE,ENTITY,synthetic,
42257570,43003219,SAME_TYPE,ENTITY,synthetic,
42266980,42406183,SAME_TYPE,ENTITY,synthetic,
42266980,4245955,SAME_TYPE,ENTITY,synthetic,
42266980,42460866,SAME_TYPE,ENTITY,synthetic,
42266980,42504802,SAME_TYPE,ENTITY,synthetic,
42266980,42509590,SAME_TYPE,ENTITY,synthetic,
42266980,42523128,SAME_TYPE,ENTITY,synthetic,
42266980,42618611,SAME_TYPE,ENTITY,synthetic,
42266980,42620145,SAME_TYPE,ENTITY,synthetic,
42266980,428181,SAME_TYPE,ENTITY,synthetic,
42268800,422721,SAME_TYPE,ENTITY,synthetic,
42268800,423833,SAME_TYPE,ENTITY,synthetic,
42268800,422074,SAME_TYPE,ENTITY,synthetic,
42268800,42490512,SAME_TYPE,ENTITY,synthetic,
42268800,42707362,SAME_TYPE,ENTITY,synthetic,
42268800,42426605,SAME_TYPE,ENTITY,synthetic,
42268800,424274,SAME_TYPE,ENTITY,synthetic,
42268800,42455270,SAME_TYPE,ENTITY,synthetic,
42268800,4245955,SAME_TYPE,ENTITY,synthetic,
42268800,4249765,SAME_TYPE,ENTITY,synthetic,
42268800,42508934,SAME_TYPE,ENTITY,synthetic,
42268800,42518724,SAME_TYPE,ENTITY,synthetic,
42268800,42653583,SAME_TYPE,ENTITY,synthetic,
42268800,42676113,SAME_TYPE,ENTITY,synthetic,
42268800,42684039,SAME_TYPE,ENTITY,synthetic,
42268800,42629029,SAME_TYPE,ENTITY,synthetic,
42268800,4280395,SAME_TYPE,ENTITY,synthetic,
42268800,42779199,SAME_TYPE,ENTITY,synthetic,
42271,422074,SAME_TYPE,ENTITY,synthetic,
42271,42438131,SAME_TYPE,ENTITY,synthetic,
42271,42456331,SAME_TYPE,ENTITY,synthetic,
42271,4245955,SAME_TYPE,ENTITY,synthetic,
42271,42460866,SAME_TYPE,ENTITY,synthetic,
42271,42509590,SAME_TYPE,ENTITY,synthetic,
42271,42654916,SAME_TYPE,ENTITY,synthetic,
42271,42690068,SAME_TYPE,ENTITY,synthetic,
42271,42629769,SAME_TYPE,ENTITY,synthetic,
42271,4279567,SAME_TYPE,ENTITY,synthetic,
42271,428041,SAME_TYPE,ENTITY,synthetic,
42271,428156,SAME_TYPE,ENTITY,synthetic,
42271,42748130,SAME_TYPE,ENTITY,synthetic,
42271,427516,SAME_TYPE,ENTITY,synthetic,
42271,427536,SAME_TYPE,ENTITY,synthetic,
42271,42783540,SAME_TYPE,ENTITY,synthetic,
42271,42980506,SAME_TYPE,ENTITY,synthetic,
422721,42403762,SAME_TYPE,ENTITY,synthetic,
422721,422074,SAME_TYPE,ENTITY,synthetic,
422721,42253272,SAME_TYPE,ENTITY,synthetic,
422721,42419933,SAME_TYPE,ENTITY,synthetic,
422721,42438131,SAME_TYPE,ENTITY,synthetic,
422721,4245955,SAME_TYPE,ENTITY,synthetic,
422721,4249942,SAME_TYPE,ENTITY,synthetic,
422721,42509590,SAME_TYPE,ENTITY,synthetic,
422721,42544362,SAME_TYPE,ENTITY,synthetic,
422721,42292727,SAME_TYPE,ENTITY,synthetic,
422721,426549,SAME_TYPE,ENTITY,synthetic,
422721,42657825,SAME_TYPE,ENTITY,synthetic,
422721,42629769,SAME_TYPE,ENTITY,synthetic,
422721,42750382,SAME_TYPE,ENTITY,synthetic,
422721,427628,SAME_TYPE,ENTITY,synthetic,
422721,42980855,SAME_TYPE,ENTITY,synthetic,
42275214,423833,SAME_TYPE,ENTITY,synthetic,
42275214,423940,SAME_TYPE,ENTITY,synthetic,
42275214,42403762,SAME_TYPE,ENTITY,synthetic,
42275214,42406183,SAME_TYPE,ENTITY,synthetic,
42275214,42410849,SAME_TYPE,ENTITY,synthetic,
42275214,42253272,SAME_TYPE,ENTITY,synthetic,
42275214,42379647,SAME_TYPE,ENTITY,synthetic,
42275214,42426605,SAME_TYPE,ENTITY,synthetic,
42275214,42428263,SAME_TYPE,ENTITY,synthetic,
42275214,42455270,SAME_TYPE,ENTITY,synthetic,
42275214,42456331,SAME_TYPE,ENTITY,synthetic,
42275214,42457863,SAME_TYPE,ENTITY,synthetic,
42275214,4245955,SAME_TYPE,ENTITY,synthetic,
42275214,42523128,SAME_TYPE,ENTITY,synthetic,
42275214,42293225,SAME_TYPE,ENTITY,synthetic,
42275214,42297368,SAME_TYPE,ENTITY,synthetic,
42275214,42321260,SAME_TYPE,ENTITY,synthetic,
42275214,42653583,SAME_TYPE,ENTITY,synthetic,
42275214,42662412,SAME_TYPE,ENTITY,synthetic,
42275214,42618611,SAME_TYPE,ENTITY,synthetic,
42275214,42803906,SAME_TYPE,ENTITY,synthetic,
42275214,428181,SAME_TYPE,ENTITY,synthetic,
42275214,42747621,SAME_TYPE,ENTITY,synthetic,
42275214,42748130,SAME_TYPE,ENTITY,synthetic,
42275214,427516,SAME_TYPE,ENTITY,synthetic,
42275214,42984245,SAME_TYPE,ENTITY,synthetic,
423809,42405088,SAME_TYPE,ENTITY,synthetic,
423809,42070430,SAME_TYPE,ENTITY,synthetic,
423809,42521661,SAME_TYPE,ENTITY,synthetic,
423809,42292727,SAME_TYPE,ENTITY,synthetic,
423809,426595,SAME_TYPE,ENTITY,synthetic,
423809,42691457,SAME_TYPE,ENTITY,synthetic,
423809,428041,SAME_TYPE,ENTITY,synthetic,
423809,42779199,SAME_TYPE,ENTITY,synthetic,
423809,42972262,SAME_TYPE,ENTITY,synthetic,
423809,42980855,SAME_TYPE,ENTITY,synthetic,
423833,423940,SAME_TYPE,ENTITY,synthetic,
423833,42433646,SAME_TYPE,ENTITY,synthetic,
423833,42518724,SAME_TYPE,ENTITY,synthetic,
423833,42535,SAME_TYPE,ENTITY,synthetic,
423833,42544362,SAME_TYPE,ENTITY,synthetic,
423833,42654916,SAME_TYPE,ENTITY,synthetic,
423833,42697847,SAME_TYPE,ENTITY,synthetic,
423833,42619722,SAME_TYPE,ENTITY,synthetic,
423833,42629029,SAME_TYPE,ENTITY,synthetic,
423833,42750382,SAME_TYPE,ENTITY,synthetic,
423833,427628,SAME_TYPE,ENTITY,synthetic,
423833,42783540,SAME_TYPE,ENTITY,synthetic,
4238484,42410849,SAME_TYPE,ENTITY,synthetic,
4238484,42121191,SAME_TYPE,ENTITY,synthetic,
4238484,42162273,SAME_TYPE,ENTITY,synthetic,
4238484,42707362,SAME_TYPE,ENTITY,synthetic,
4238484,42428263,SAME_TYPE,ENTITY,synthetic,
4238484,42545364,SAME_TYPE,ENTITY,synthetic,
4238484,4279567,SAME_TYPE,ENTITY,synthetic,
4238484,42760,SAME_TYPE,ENTITY,synthetic,
4238484,42972262,SAME_TYPE,ENTITY,synthetic,
4238484,42980506,SAME_TYPE,ENTITY,synthetic,
4238484,42984245,SAME_TYPE,ENTITY,synthetic,
42392107,42070430,SAME_TYPE,ENTITY,synthetic,
42392107,42602167,SAME_TYPE,ENTITY,synthetic,
42392107,424274,SAME_TYPE,ENTITY,synthetic,
42392107,42455270,SAME_TYPE,ENTITY,synthetic,
42392107,42457863,SAME_TYPE,ENTITY,synthetic,
42392107,42544362,SAME_TYPE,ENTITY,synthetic,
42392107,42297368,SAME_TYPE,ENTITY,synthetic,
42392107,42653583,SAME_TYPE,ENTITY,synthetic,
42392107,426595,SAME_TYPE,ENTITY,synthetic,
42392107,42662412,SAME_TYPE,ENTITY,synthetic,
42392107,4279567,SAME_TYPE,ENTITY,synthetic,
42392107,42799242,SAME_TYPE,ENTITY,synthetic,
42392107,42748130,SAME_TYPE,ENTITY,synthetic,
42392107,427516,SAME_TYPE,ENTITY,synthetic,
423940,42403762,SAME_TYPE,ENTITY,synthetic,
423940,42410849,SAME_TYPE,ENTITY,synthetic,
423940,424206,SAME_TYPE,ENTITY,synthetic,
423940,424274,SAME_TYPE,ENTITY,synthetic,
423940,42455270,SAME_TYPE,ENTITY,synthetic,
423940,42457863,SAME_TYPE,ENTITY,synthetic,
423940,4249765,SAME_TYPE,ENTITY,synthetic,
423940,42508934,SAME_TYPE,ENTITY,synthetic,
423940,42539895,SAME_TYPE,ENTITY,synthetic,
423940,42544362,SAME_TYPE,ENTITY,synthetic,
423940,426509,SAME_TYPE,ENTITY,synthetic,
423940,42683614,SAME_TYPE,ENTITY,synthetic,
423940,42691457,SAME_TYPE,ENTITY,synthetic,
423940,42760,SAME_TYPE,ENTITY,synthetic,
423940,42978254,SAME_TYPE,ENTITY,synthetic,
42403762,42405088,SAME_TYPE,ENTITY,synthetic,
42403762,42121191,SAME_TYPE,ENTITY,synthetic,
42403762,422074,SAME_TYPE,ENTITY,synthetic,
42403762,42490512,SAME_TYPE,ENTITY,synthetic,
42403762,424206,SAME_TYPE,ENTITY,synthetic,
42403762,424274,SAME_TYPE,ENTITY,synthetic,
42403762,42457863,SAME_TYPE,ENTITY,synthetic,
42403762,4249765,SAME_TYPE,ENTITY,synthetic,
42403762,42518724,SAME_TYPE,ENTITY,synthetic,
42403762,42545364,SAME_TYPE,ENTITY,synthetic,
42403762,42297368,SAME_TYPE,ENTITY,synthetic,
42403762,42653583,SAME_TYPE,ENTITY,synthetic,
42403762,42691457,SAME_TYPE,ENTITY,synthetic,
42403762,42697847,SAME_TYPE,ENTITY,synthetic,
42403762,42795668,SAME_TYPE,ENTITY,synthetic,
42403762,428156,SAME_TYPE,ENTITY,synthetic,
42403762,427628,SAME_TYPE,ENTITY,synthetic,
42403762,42972401,SAME_TYPE,ENTITY,synthetic,
42405088,4249942,SAME_TYPE,ENTITY,synthetic,
42405088,42518724,SAME_TYPE,ENTITY,synthetic,
42405088,426509,SAME_TYPE,ENTITY,synthetic,
42405088,42619722,SAME_TYPE,ENTITY,synthetic,
42405088,426405,SAME_TYPE,ENTITY,synthetic,
42405088,4279567,SAME_TYPE,ENTITY,synthetic,
42405088,42798679,SAME_TYPE,ENTITY,synthetic,
42405088,42803906,SAME_TYPE,ENTITY,synthetic,
42405088,42750382,SAME_TYPE,ENTITY,synthetic,
42405088,427516,SAME_TYPE,ENTITY,synthetic,
42405088,42783540,SAME_TYPE,ENTITY,synthetic,
42405088,42972262,SAME_TYPE,ENTITY,synthetic,
42405088,42972401,SAME_TYPE,ENTITY,synthetic,
42406183,42379647,SAME_TYPE,ENTITY,synthetic,
42406183,42490512,SAME_TYPE,ENTITY,synthetic,
42406183,42420470,SAME_TYPE,ENTITY,synthetic,
42406183,42428263,SAME_TYPE,ENTITY,synthetic,
42406183,42434240,SAME_TYPE,ENTITY,synthetic,
42406183,42456331,SAME_TYPE,ENTITY,synthetic,
42406183,42508934,SAME_TYPE,ENTITY,synthetic,
42406183,42320815,SAME_TYPE,ENTITY,synthetic,
42406183,42653583,SAME_TYPE,ENTITY,synthetic,
42406183,426595,SAME_TYPE,ENTITY,synthetic,
42406183,42619722,SAME_TYPE,ENTITY,synthetic,
42406183,428156,SAME_TYPE,ENTITY,synthetic,
42406183,4282331,SAME_TYPE,ENTITY,synthetic,
42406183,42748130,SAME_TYPE,ENTITY,synthetic,
42410849,42455270,SAME_TYPE,ENTITY,synthetic,
42410849,42518724,SAME_TYPE,ENTITY,synthetic,
42410849,42535,SAME_TYPE,ENTITY,synthetic,
42410849,42539895,SAME_TYPE,ENTITY,synthetic,
42410849,42545364,SAME_TYPE,ENTITY,synthetic,
42410849,42320815,SAME_TYPE,ENTITY,synthetic,
42410849,426509,SAME_TYPE,ENTITY,synthetic,
42410849,42654916,SAME_TYPE,ENTITY,synthetic,
42410849,42676113,SAME_TYPE,ENTITY,synthetic,
42410849,42684039,SAME_TYPE,ENTITY,synthetic,
42410849,42620145,SAME_TYPE,ENTITY,synthetic,
42410849,426405,SAME_TYPE,ENTITY,synthetic,
42410849,42798679,SAME_TYPE,ENTITY,synthetic,
42410849,428181,SAME_TYPE,ENTITY,synthetic,
42410849,42747621,SAME_TYPE,ENTITY,synthetic,
42410849,42760,SAME_TYPE,ENTITY,synthetic,
42410849,427628,SAME_TYPE,ENTITY,synthetic,
42410849,42783540,SAME_TYPE,ENTITY,synthetic,
42410849,42980506,SAME_TYPE,ENTITY,synthetic,
42410849,43003219,SAME_TYPE,ENTITY,synthetic,
42070430,42253272,SAME_TYPE,ENTITY,synthetic,
42070430,42602167,SAME_TYPE,ENTITY,synthetic,
42070430,42438131,SAME_TYPE,ENTITY,synthetic,
42070430,42509590,SAME_TYPE,ENTITY,synthetic,
42070430,426509,SAME_TYPE,ENTITY,synthetic,
42070430,42798679,SAME_TYPE,ENTITY,synthetic,
42070430,42748130,SAME_TYPE,ENTITY,synthetic,
42070430,427628,SAME_TYPE,ENTITY,synthetic,
42070430,42779199,SAME_TYPE,ENTITY,synthetic,
42121191,42253272,SAME_TYPE,ENTITY,synthetic,
42121191,424206,SAME_TYPE,ENTITY,synthetic,
42121191,42460866,SAME_TYPE,ENTITY,synthetic,
42121191,42509590,SAME_TYPE,ENTITY,synthetic,
42121191,42521661,SAME_TYPE,ENTITY,synthetic,
42121191,42321260,SAME_TYPE,ENTITY,synthetic,
42121191,42653583,SAME_TYPE,ENTITY,synthetic,
42121191,426595,SAME_TYPE,ENTITY,synthetic,
42121191,42683614,SAME_TYPE,ENTITY,synthetic,
42121191,42690068,SAME_TYPE,ENTITY,synthetic,
42121191,42618611,SAME_TYPE,ENTITY,synthetic,
42121191,42798679,SAME_TYPE,ENTITY,synthetic,
42121191,4280395,SAME_TYPE,ENTITY,synthetic,
42121191,42760,SAME_TYPE,ENTITY,synthetic,
42121191,42972401,SAME_TYPE,ENTITY,synthetic,
42162273,42379647,SAME_TYPE,ENTITY,synthetic,
42162273,42428263,SAME_TYPE,ENTITY,synthetic,
42162273,4249765,SAME_TYPE,ENTITY,synthetic,
42162273,4249942,SAME_TYPE,ENTITY,synthetic,
42162273,42545364,SAME_TYPE,ENTITY,synthetic,
42162273,42293225,SAME_TYPE,ENTITY,synthetic,
42162273,42676113,SAME_TYPE,ENTITY,synthetic,
42162273,42629029,SAME_TYPE,ENTITY,synthetic,
42162273,428156,SAME_TYPE,ENTITY,synthetic,
42162273,4282331,SAME_TYPE,ENTITY,synthetic,
42162273,42773458,SAME_TYPE,ENTITY,synthetic,
422074,42490512,SAME_TYPE,ENTITY,synthetic,
422074,42419933,SAME_TYPE,ENTITY,synthetic,
422074,42438131,SAME_TYPE,ENTITY,synthetic,
422074,42509590,SAME_TYPE,ENTITY,synthetic,
422074,42523128,SAME_TYPE,ENTITY,synthetic,
422074,42292727,SAME_TYPE,ENTITY,synthetic,
422074,42683614,SAME_TYPE,ENTITY,synthetic,
422074,42703173,SAME_TYPE,ENTITY,synthetic,
422074,42801205,SAME_TYPE,ENTITY,synthetic,
422074,42803906,SAME_TYPE,ENTITY,synthetic,
422074,428181,SAME_TYPE,ENTITY,synthetic,
422074,42747621,SAME_TYPE,ENTITY,synthetic,
42253272,42490512,SAME_TYPE,ENTITY,synthetic,
42253272,42426605,SAME_TYPE,ENTITY,synthetic,
42253272,42434240,SAME_TYPE,ENTITY,synthetic,
42253272,42455270,SAME_TYPE,ENTITY,synthetic,
42253272,42456331,SAME_TYPE,ENTITY,synthetic,
42253272,4245955,SAME_TYPE,ENTITY,synthetic,
42253272,42521661,SAME_TYPE,ENTITY,synthetic,
42253272,42293225,SAME_TYPE,ENTITY,synthetic,
42253272,426509,SAME_TYPE,ENTITY,synthetic,
42253272,426549,SAME_TYPE,ENTITY,synthetic,
42253272,42662412,SAME_TYPE,ENTITY,synthetic,
42253272,42703173,SAME_TYPE,ENTITY,synthetic,
42253272,42803906,SAME_TYPE,ENTITY,synthetic,
42253272,42972401,SAME_TYPE,ENTITY,synthetic,
42253272,42978254,SAME_TYPE,ENTITY,synthetic,
42253272,42980506,SAME_TYPE,ENTITY,synthetic,
42284392,4249942,SAME_TYPE,ENTITY,synthetic,
42284392,42292727,SAME_TYPE,ENTITY,synthetic,
42284392,42629029,SAME_TYPE,ENTITY,synthetic,
42284392,42748130,SAME_TYPE,ENTITY,synthetic,
42284392,42750382,SAME_TYPE,ENTITY,synthetic,
42284392,42972401,SAME_TYPE,ENTITY,synthetic,
42284392,42980506,SAME_TYPE,ENTITY,synthetic,
42284392,43003219,SAME_TYPE,ENTITY,synthetic,
42379647,42456331,SAME_TYPE,ENTITY,synthetic,
42379647,42521661,SAME_TYPE,ENTITY,synthetic,
42379647,42525316,SAME_TYPE,ENTITY,synthetic,
42379647,42293225,SAME_TYPE,ENTITY,synthetic,
42379647,42297368,SAME_TYPE,ENTITY,synthetic,
42379647,42653583,SAME_TYPE,ENTITY,synthetic,
42379647,42654916,SAME_TYPE,ENTITY,synthetic,
42379647,42657825,SAME_TYPE,ENTITY,synthetic,
42379647,426595,SAME_TYPE,ENTITY,synthetic,
42379647,42803906,SAME_TYPE,ENTITY,synthetic,
42379647,4280465,SAME_TYPE,ENTITY,synthetic,
42379647,428156,SAME_TYPE,ENTITY,synthetic,
42379647,428181,SAME_TYPE,ENTITY,synthetic,
42379647,427536,SAME_TYPE,ENTITY,synthetic,
42379647,42783540,SAME_TYPE,ENTITY,synthetic,
42379647,42972401,SAME_TYPE,ENTITY,synthetic,
42379647,42980506,SAME_TYPE,ENTITY,synthetic,
42379647,42984245,SAME_TYPE,ENTITY,synthetic,
42379647,43003219,SAME_TYPE,ENTITY,synthetic,
42490512,424274,SAME_TYPE,ENTITY,synthetic,
42490512,42457863,SAME_TYPE,ENTITY,synthetic,
42490512,4245955,SAME_TYPE,ENTITY,synthetic,
42490512,4249765,SAME_TYPE,ENTITY,synthetic,
42490512,42535,SAME_TYPE,ENTITY,synthetic,
42490512,42539895,SAME_TYPE,ENTITY,synthetic,
42490512,42545364,SAME_TYPE,ENTITY,synthetic,
42490512,42293225,SAME_TYPE,ENTITY,synthetic,
42490512,42657825,SAME_TYPE,ENTITY,synthetic,
42490512,42662412,SAME_TYPE,ENTITY,synthetic,
42490512,42691457,SAME_TYPE,ENTITY,synthetic,
42490512,42697847,SAME_TYPE,ENTITY,synthetic,
42490512,42703173,SAME_TYPE,ENTITY,synthetic,
42490512,42619722,SAME_TYPE,ENTITY,synthetic,
42490512,42799242,SAME_TYPE,ENTITY,synthetic,
42490512,42801205,SAME_TYPE,ENTITY,synthetic,
42490512,428156,SAME_TYPE,ENTITY,synthetic,
42490512,42972262,SAME_TYPE,ENTITY,synthetic,
42602167,42419933,SAME_TYPE,ENTITY,synthetic,
42602167,42433646,SAME_TYPE,ENTITY,synthetic,
42602167,42455270,SAME_TYPE,ENTITY,synthetic,
42602167,4249942,SAME_TYPE,ENTITY,synthetic,
42602167,42544362,SAME_TYPE,ENTITY,synthetic,
42602167,42684039,SAME_TYPE,ENTITY,synthetic,
42602167,42691457,SAME_TYPE,ENTITY,synthetic,
42602167,42629029,SAME_TYPE,ENTITY,synthetic,
42602167,426405,SAME_TYPE,ENTITY,synthetic,
42602167,42798679,SAME_TYPE,ENTITY,synthetic,
42602167,42803906,SAME_TYPE,ENTITY,synthetic,
42602167,427628,SAME_TYPE,ENTITY,synthetic,
42602167,42978254,SAME_TYPE,ENTITY,synthetic,
42707362,42419933,SAME_TYPE,ENTITY,synthetic,
42707362,424274,SAME_TYPE,ENTITY,synthetic,
42707362,42438131,SAME_TYPE,ENTITY,synthetic,
42707362,42456331,SAME_TYPE,ENTITY,synthetic,
42707362,42509590,SAME_TYPE,ENTITY,synthetic,
42707362,42523128,SAME_TYPE,ENTITY,synthetic,
42707362,42657825,SAME_TYPE,ENTITY,synthetic,
42707362,42676113,SAME_TYPE,ENTITY,synthetic,
42707362,42683614,SAME_TYPE,ENTITY,synthetic,
42707362,42619722,SAME_TYPE,ENTITY,synthetic,
42707362,42799242,SAME_TYPE,ENTITY,synthetic,
42707362,4280395,SAME_TYPE,ENTITY,synthetic,
42707362,4282331,SAME_TYPE,ENTITY,synthetic,
42707362,42972401,SAME_TYPE,ENTITY,synthetic,
42419933,42433646,SAME_TYPE,ENTITY,synthetic,
42419933,42438131,SAME_TYPE,ENTITY,synthetic,
42419933,4245955,SAME_TYPE,ENTITY,synthetic,
42419933,42518724,SAME_TYPE,ENTITY,synthetic,
42419933,42521661,SAME_TYPE,ENTITY,synthetic,
42419933,42292727,SAME_TYPE,ENTITY,synthetic,
42419933,42320815,SAME_TYPE,ENTITY,synthetic,
42419933,42657825,SAME_TYPE,ENTITY,synthetic,
42419933,42662412,SAME_TYPE,ENTITY,synthetic,
42419933,42676113,SAME_TYPE,ENTITY,synthetic,
42419933,42629029,SAME_TYPE,ENTITY,synthetic,
42419933,426405,SAME_TYPE,ENTITY,synthetic,
42419933,42747621,SAME_TYPE,ENTITY,synthetic,
42419933,427536,SAME_TYPE,ENTITY,synthetic,
42419933,427628,SAME_TYPE,ENTITY,synthetic,
42419933,42972262,SAME_TYPE,ENTITY,synthetic,
42419933,42980855,SAME_TYPE,ENTITY,synthetic,
42420470,424274,SAME_TYPE,ENTITY,synthetic,
42420470,42433646,SAME_TYPE,ENTITY,synthetic,
42420470,4245955,SAME_TYPE,ENTITY,synthetic,
42420470,42504802,SAME_TYPE,ENTITY,synthetic,
42420470,42535,SAME_TYPE,ENTITY,synthetic,
42420470,42539895,SAME_TYPE,ENTITY,synthetic,
42420470,426549,SAME_TYPE,ENTITY,synthetic,
42420470,426595,SAME_TYPE,ENTITY,synthetic,
42420470,42697847,SAME_TYPE,ENTITY,synthetic,
42420470,42618611,SAME_TYPE,ENTITY,synthetic,
42420470,42795668,SAME_TYPE,ENTITY,synthetic,
42420470,42799242,SAME_TYPE,ENTITY,synthetic,
42420470,428156,SAME_TYPE,ENTITY,synthetic,
42420470,4282331,SAME_TYPE,ENTITY,synthetic,
42420470,42750382,SAME_TYPE,ENTITY,synthetic,
42420470,427516,SAME_TYPE,ENTITY,synthetic,
42420470,42773458,SAME_TYPE,ENTITY,synthetic,
42420470,42783540,SAME_TYPE,ENTITY,synthetic,
42420470,42972401,SAME_TYPE,ENTITY,synthetic,
424206,42438131,SAME_TYPE,ENTITY,synthetic,
424206,42293225,SAME_TYPE,ENTITY,synthetic,
424206,426509,SAME_TYPE,ENTITY,synthetic,
424206,42798679,SAME_TYPE,ENTITY,synthetic,
424206,42801205,SAME_TYPE,ENTITY,synthetic,
424206,427536,SAME_TYPE,ENTITY,synthetic,
424206,42773458,SAME_TYPE,ENTITY,synthetic,
424206,42779199,SAME_TYPE,ENTITY,synthetic,
424206,42783540,SAME_TYPE,ENTITY,synthetic,
424206,42972262,SAME_TYPE,ENTITY,synthetic,
424206,42984245,SAME_TYPE,ENTITY,synthetic,
42426605,42438131,SAME_TYPE,ENTITY,synthetic,
42426605,42504802,SAME_TYPE,ENTITY,synthetic,
42426605,42509590,SAME_TYPE,ENTITY,synthetic,
42426605,42518724,SAME_TYPE,ENTITY,synthetic,
42426605,42539895,SAME_TYPE,ENTITY,synthetic,
42426605,42292727,SAME_TYPE,ENTITY,synthetic,
42426605,42293225,SAME_TYPE,ENTITY,synthetic,
42426605,426509,SAME_TYPE,ENTITY,synthetic,
42426605,42657825,SAME_TYPE,ENTITY,synthetic,
42426605,426595,SAME_TYPE,ENTITY,synthetic,
42426605,42684039,SAME_TYPE,ENTITY,synthetic,
42426605,428181,SAME_TYPE,ENTITY,synthetic,
42426605,42978254,SAME_TYPE,ENTITY,synthetic,
42426605,42980855,SAME_TYPE,ENTITY,synthetic,
424274,42428263,SAME_TYPE,ENTITY,synthetic,
424274,42297368,SAME_TYPE,ENTITY,synthetic,
424274,42773458,SAME_TYPE,ENTITY,synthetic,
424274,42783540,SAME_TYPE,ENTITY,synthetic,
424274,43003219,SAME_TYPE,ENTITY,synthetic,
42428263,42456331,SAME_TYPE,ENTITY,synthetic,
42428263,4249765,SAME_TYPE,ENTITY,synthetic,
42428263,42544362,SAME_TYPE,ENTITY,synthetic,
42428263,42545364,SAME_TYPE,ENTITY,synthetic,
42428263,42297368,SAME_TYPE,ENTITY,synthetic,
42428263,42676113,SAME_TYPE,ENTITY,synthetic,
42428263,42697847,SAME_TYPE,ENTITY,synthetic,
42428263,42799242,SAME_TYPE,ENTITY,synthetic,
42428263,427628,SAME_TYPE,ENTITY,synthetic,
42428263,42779199,SAME_TYPE,ENTITY,synthetic,
42428263,42978254,SAME_TYPE,ENTITY,synthetic,
42428263,43003219,SAME_TYPE,ENTITY,synthetic,
42433646,42438131,SAME_TYPE,ENTITY,synthetic,
42433646,42455270,SAME_TYPE,ENTITY,synthetic,
42433646,42504802,SAME_TYPE,ENTITY,synthetic,
42433646,42539895,SAME_TYPE,ENTITY,synthetic,
42433646,42654916,SAME_TYPE,ENTITY,synthetic,
42433646,42684039,SAME_TYPE,ENTITY,synthetic,
42433646,42690068,SAME_TYPE,ENTITY,synthetic,
42433646,42691457,SAME_TYPE,ENTITY,synthetic,
42433646,428156,SAME_TYPE,ENTITY,synthetic,
42433646,42760,SAME_TYPE,ENTITY,synthetic,
42433646,42773458,SAME_TYPE,ENTITY,synthetic,
42433646,42779199,SAME_TYPE,ENTITY,synthetic,
42433646,42978254,SAME_TYPE,ENTITY,synthetic,
42433646,43003219,SAME_TYPE,ENTITY,synthetic,
42434240,42508934,SAME_TYPE,ENTITY,synthetic,
42434240,42535,SAME_TYPE,ENTITY,synthetic,
42434240,42539895,SAME_TYPE,ENTITY,synthetic,
42434240,42654916,SAME_TYPE,ENTITY,synthetic,
42434240,42662412,SAME_TYPE,ENTITY,synthetic,
42434240,42691457,SAME_TYPE,ENTITY,synthetic,
42434240,42618611,SAME_TYPE,ENTITY,synthetic,
42434240,42799242,SAME_TYPE,ENTITY,synthetic,
42434240,42760,SAME_TYPE,ENTITY,synthetic,
42434240,42773458,SAME_TYPE,ENTITY,synthetic,
42438131,4249942,SAME_TYPE,ENTITY,synthetic,
42438131,42521661,SAME_TYPE,ENTITY,synthetic,
42438131,42320815,SAME_TYPE,ENTITY,synthetic,
42438131,42321260,SAME_TYPE,ENTITY,synthetic,
42438131,426549,SAME_TYPE,ENTITY,synthetic,
42438131,42703173,SAME_TYPE,ENTITY,synthetic,
42438131,42798679,SAME_TYPE,ENTITY,synthetic,
42438131,42799242,SAME_TYPE,ENTITY,synthetic,
42438131,42803906,SAME_TYPE,ENTITY,synthetic,
42438131,428156,SAME_TYPE,ENTITY,synthetic,
42438131,427516,SAME_TYPE,ENTITY,synthetic,
42438131,427536,SAME_TYPE,ENTITY,synthetic,
42438131,42980506,SAME_TYPE,ENTITY,synthetic,
42438131,42984245,SAME_TYPE,ENTITY,synthetic,
42455270,42504802,SAME_TYPE,ENTITY,synthetic,
42455270,42518724,SAME_TYPE,ENTITY,synthetic,
42455270,42629769,SAME_TYPE,ENTITY,synthetic,
42455270,42795668,SAME_TYPE,ENTITY,synthetic,
42455270,42799242,SAME_TYPE,ENTITY,synthetic,
42455270,4280395,SAME_TYPE,ENTITY,synthetic,
42455270,4280465,SAME_TYPE,ENTITY,synthetic,
42456331,42504802,SAME_TYPE,ENTITY,synthetic,
42456331,42518724,SAME_TYPE,ENTITY,synthetic,
42456331,42292727,SAME_TYPE,ENTITY,synthetic,
42456331,426549,SAME_TYPE,ENTITY,synthetic,
42456331,42654916,SAME_TYPE,ENTITY,synthetic,
42456331,426595,SAME_TYPE,ENTITY,synthetic,
42456331,42629769,SAME_TYPE,ENTITY,synthetic,
42456331,427536,SAME_TYPE,ENTITY,synthetic,
42456331,42779199,SAME_TYPE,ENTITY,synthetic,
42456331,42984245,SAME_TYPE,ENTITY,synthetic,
42457863,42545364,SAME_TYPE,ENTITY,synthetic,
42457863,42697847,SAME_TYPE,ENTITY,synthetic,
42457863,42618611,SAME_TYPE,ENTITY,synthetic,
42457863,42620145,SAME_TYPE,ENTITY,synthetic,
42457863,42798679,SAME_TYPE,ENTITY,synthetic,
42457863,42801205,SAME_TYPE,ENTITY,synthetic,
42457863,42779199,SAME_TYPE,ENTITY,synthetic,
42457863,42783540,SAME_TYPE,ENTITY,synthetic,
42457863,42972401,SAME_TYPE,ENTITY,synthetic,
42457863,42978254,SAME_TYPE,ENTITY,synthetic,
4245955,42525316,SAME_TYPE,ENTITY,synthetic,
4245955,42654916,SAME_TYPE,ENTITY,synthetic,
4245955,426595,SAME_TYPE,ENTITY,synthetic,
4245955,42620145,SAME_TYPE,ENTITY,synthetic,
4245955,42629029,SAME_TYPE,ENTITY,synthetic,
4245955,42748130,SAME_TYPE,ENTITY,synthetic,
4245955,42783540,SAME_TYPE,ENTITY,synthetic,
4245955,42972401,SAME_TYPE,ENTITY,synthetic,
4245955,42984245,SAME_TYPE,ENTITY,synthetic,
42460866,42521661,SAME_TYPE,ENTITY,synthetic,
42460866,42539895,SAME_TYPE,ENTITY,synthetic,
42460866,42619722,SAME_TYPE,ENTITY,synthetic,
42460866,42629029,SAME_TYPE,ENTITY,synthetic,
42460866,42783540,SAME_TYPE,ENTITY,synthetic,
42460866,42978254,SAME_TYPE,ENTITY,synthetic,
4249765,4249942,SAME_TYPE,ENTITY,synthetic,
4249765,42535,SAME_TYPE,ENTITY,synthetic,
4249765,42539895,SAME_TYPE,ENTITY,synthetic,
4249765,42292727,SAME_TYPE,ENTITY,synthetic,
4249765,42676113,SAME_TYPE,ENTITY,synthetic,
4249765,42684039,SAME_TYPE,ENTITY,synthetic,
4249765,42620145,SAME_TYPE,ENTITY,synthetic,
4249765,42798679,SAME_TYPE,ENTITY,synthetic,
4249765,42801205,SAME_TYPE,ENTITY,synthetic,
4249765,42803906,SAME_TYPE,ENTITY,synthetic,
4249765,428041,SAME_TYPE,ENTITY,synthetic,
4249765,42980506,SAME_TYPE,ENTITY,synthetic,
4249765,42980855,SAME_TYPE,ENTITY,synthetic,
4249942,42508934,SAME_TYPE,ENTITY,synthetic,
4249942,42521661,SAME_TYPE,ENTITY,synthetic,
4249942,42539895,SAME_TYPE,ENTITY,synthetic,
4249942,42544362,SAME_TYPE,ENTITY,synthetic,
4249942,42320815,SAME_TYPE,ENTITY,synthetic,
4249942,42703173,SAME_TYPE,ENTITY,synthetic,
4249942,42620145,SAME_TYPE,ENTITY,synthetic,
4249942,426405,SAME_TYPE,ENTITY,synthetic,
4249942,42798679,SAME_TYPE,ENTITY,synthetic,
4249942,42803906,SAME_TYPE,ENTITY,synthetic,
4249942,4280395,SAME_TYPE,ENTITY,synthetic,
4249942,428041,SAME_TYPE,ENTITY,synthetic,
4249942,428181,SAME_TYPE,ENTITY,synthetic,
4249942,42984245,SAME_TYPE,ENTITY,synthetic,
42504802,42523128,SAME_TYPE,ENTITY,synthetic,
42504802,42525316,SAME_TYPE,ENTITY,synthetic,
42504802,42544362,SAME_TYPE,ENTITY,synthetic,
42504802,42292727,SAME_TYPE,ENTITY,synthetic,
42504802,42703173,SAME_TYPE,ENTITY,synthetic,
42504802,42629029,SAME_TYPE,ENTITY,synthetic,
42504802,42798679,SAME_TYPE,ENTITY,synthetic,
42504802,42748130,SAME_TYPE,ENTITY,synthetic,
42504802,42972262,SAME_TYPE,ENTITY,synthetic,
42504802,42980855,SAME_TYPE,ENTITY,synthetic,
42508934,42293225,SAME_TYPE,ENTITY,synthetic,
42508934,42618611,SAME_TYPE,ENTITY,synthetic,
42508934,42619722,SAME_TYPE,ENTITY,synthetic,
42508934,4279567,SAME_TYPE,ENTITY,synthetic,
42508934,4280465,SAME_TYPE,ENTITY,synthetic,
42508934,42748130,SAME_TYPE,ENTITY,synthetic,
42508934,42760,SAME_TYPE,ENTITY,synthetic,
42509590,42662412,SAME_TYPE,ENTITY,synthetic,
42509590,42676113,SAME_TYPE,ENTITY,synthetic,
42509590,426405,SAME_TYPE,ENTITY,synthetic,
42509590,42799242,SAME_TYPE,ENTITY,synthetic,
42509590,42801205,SAME_TYPE,ENTITY,synthetic,
42509590,42972401,SAME_TYPE,ENTITY,synthetic,
42518724,42523128,SAME_TYPE,ENTITY,synthetic,
42518724,42525316,SAME_TYPE,ENTITY,synthetic,
42518724,42535,SAME_TYPE,ENTITY,synthetic,
42518724,42544362,SAME_TYPE,ENTITY,synthetic,
42518724,42293225,SAME_TYPE,ENTITY,synthetic,
42518724,42703173,SAME_TYPE,ENTITY,synthetic,
42518724,428181,SAME_TYPE,ENTITY,synthetic,
42518724,42750382,SAME_TYPE,ENTITY,synthetic,
42518724,42779199,SAME_TYPE,ENTITY,synthetic,
42518724,42783540,SAME_TYPE,ENTITY,synthetic,
42518724,42972262,SAME_TYPE,ENTITY,synthetic,
42518724,42980506,SAME_TYPE,ENTITY,synthetic,
42521661,42544362,SAME_TYPE,ENTITY,synthetic,
42521661,42676113,SAME_TYPE,ENTITY,synthetic,
42521661,42691457,SAME_TYPE,ENTITY,synthetic,
42521661,42972401,SAME_TYPE,ENTITY,synthetic,
42521661,43003219,SAME_TYPE,ENTITY,synthetic,
42523128,42539895,SAME_TYPE,ENTITY,synthetic,
42523128,42297368,SAME_TYPE,ENTITY,synthetic,
42523128,42320815,SAME_TYPE,ENTITY,synthetic,
42523128,426595,SAME_TYPE,ENTITY,synthetic,
42523128,42683614,SAME_TYPE,ENTITY,synthetic,
42523128,428181,SAME_TYPE,ENTITY,synthetic,
42523128,42980506,SAME_TYPE,ENTITY,synthetic,
42525316,42539895,SAME_TYPE,ENTITY,synthetic,
42525316,42683614,SAME_TYPE,ENTITY,synthetic,
42525316,42684039,SAME_TYPE,ENTITY,synthetic,
42525316,42691457,SAME_TYPE,ENTITY,synthetic,
42525316,42795668,SAME_TYPE,ENTITY,synthetic,
42525316,42798679,SAME_TYPE,ENTITY,synthetic,
42525316,42801205,SAME_TYPE,ENTITY,synthetic,
42525316,428181,SAME_TYPE,ENTITY,synthetic,
42535,42691457,SAME_TYPE,ENTITY,synthetic,
42535,42697847,SAME_TYPE,ENTITY,synthetic,
42535,428156,SAME_TYPE,ENTITY,synthetic,
42535,427516,SAME_TYPE,ENTITY,synthetic,
42539895,42544362,SAME_TYPE,ENTITY,synthetic,
42539895,42657825,SAME_TYPE,ENTITY,synthetic,
42539895,42684039,SAME_TYPE,ENTITY,synthetic,
42539895,42691457,SAME_TYPE,ENTITY,synthetic,
42539895,42703173,SAME_TYPE,ENTITY,synthetic,
42539895,427516,SAME_TYPE,ENTITY,synthetic,
42544362,42545364,SAME_TYPE,ENTITY,synthetic,
42544362,42292727,SAME_TYPE,ENTITY,synthetic,
42544362,42293225,SAME_TYPE,ENTITY,synthetic,
42544362,426595,SAME_TYPE,ENTITY,synthetic,
42544362,42629029,SAME_TYPE,ENTITY,synthetic,
42544362,42747621,SAME_TYPE,ENTITY,synthetic,
42545364,426549,SAME_TYPE,ENTITY,synthetic,
42545364,42676113,SAME_TYPE,ENTITY,synthetic,
42545364,42629769,SAME_TYPE,ENTITY,synthetic,
42545364,4279567,SAME_TYPE,ENTITY,synthetic,
42292727,42321260,SAME_TYPE,ENTITY,synthetic,
42292727,426509,SAME_TYPE,ENTITY,synthetic,
42292727,42618611,SAME_TYPE,ENTITY,synthetic,
42292727,42795668,SAME_TYPE,ENTITY,synthetic,
42292727,4279567,SAME_TYPE,ENTITY,synthetic,
42292727,4280395,SAME_TYPE,ENTITY,synthetic,
42292727,42980506,SAME_TYPE,ENTITY,synthetic,
42292727,42980855,SAME_TYPE,ENTITY,synthetic,
42293225,42321260,SAME_TYPE,ENTITY,synthetic,
42293225,42654916,SAME_TYPE,ENTITY,synthetic,
42293225,426595,SAME_TYPE,ENTITY,synthetic,
42293225,42684039,SAME_TYPE,ENTITY,synthetic,
42293225,42690068,SAME_TYPE,ENTITY,synthetic,
42293225,42697847,SAME_TYPE,ENTITY,synthetic,
42293225,42619722,SAME_TYPE,ENTITY,synthetic,
42293225,42620145,SAME_TYPE,ENTITY,synthetic,
42293225,42629769,SAME_TYPE,ENTITY,synthetic,
42293225,42799242,SAME_TYPE,ENTITY,synthetic,
42293225,428041,SAME_TYPE,ENTITY,synthetic,
42293225,42748130,SAME_TYPE,ENTITY,synthetic,
42293225,427536,SAME_TYPE,ENTITY,synthetic,
42293225,427628,SAME_TYPE,ENTITY,synthetic,
42293225,42779199,SAME_TYPE,ENTITY,synthetic,
42293225,42783540,SAME_TYPE,ENTITY,synthetic,
42293225,43003219,SAME_TYPE,ENTITY,synthetic,
42297368,42657825,SAME_TYPE,ENTITY,synthetic,
42297368,42620145,SAME_TYPE,ENTITY,synthetic,
42297368,4279567,SAME_TYPE,ENTITY,synthetic,
42297368,42747621,SAME_TYPE,ENTITY,synthetic,
42297368,42750382,SAME_TYPE,ENTITY,synthetic,
42297368,427536,SAME_TYPE,ENTITY,synthetic,
42297368,427628,SAME_TYPE,ENTITY,synthetic,
42297368,42978254,SAME_TYPE,ENTITY,synthetic,
42297368,43003219,SAME_TYPE,ENTITY,synthetic,
42320815,426509,SAME_TYPE,ENTITY,synthetic,
42320815,42653583,SAME_TYPE,ENTITY,synthetic,
42320815,426595,SAME_TYPE,ENTITY,synthetic,
42320815,42629769,SAME_TYPE,ENTITY,synthetic,
42320815,427628,SAME_TYPE,ENTITY,synthetic,
42320815,42779199,SAME_TYPE,ENTITY,synthetic,
42320815,42783540,SAME_TYPE,ENTITY,synthetic,
42320815,42972262,SAME_TYPE,ENTITY,synthetic,
42320815,42978254,SAME_TYPE,ENTITY,synthetic,
42320815,42980506,SAME_TYPE,ENTITY,synthetic,
42321260,42676113,SAME_TYPE,ENTITY,synthetic,
42321260,42619722,SAME_TYPE,ENTITY,synthetic,
42321260,42801205,SAME_TYPE,ENTITY,synthetic,
42321260,42803906,SAME_TYPE,ENTITY,synthetic,
42321260,427516,SAME_TYPE,ENTITY,synthetic,
42321260,42972262,SAME_TYPE,ENTITY,synthetic,
42321260,43003219,SAME_TYPE,ENTITY,synthetic,
426509,42662412,SAME_TYPE,ENTITY,synthetic,
426509,42629029,SAME_TYPE,ENTITY,synthetic,
426509,4280395,SAME_TYPE,ENTITY,synthetic,
426509,4280465,SAME_TYPE,ENTITY,synthetic,
426509,42972401,SAME_TYPE,ENTITY,synthetic,
426509,42980506,SAME_TYPE,ENTITY,synthetic,
42653583,426595,SAME_TYPE,ENTITY,synthetic,
42653583,42779199,SAME_TYPE,ENTITY,synthetic,
42653583,42972401,SAME_TYPE,ENTITY,synthetic,
426549,42683614,SAME_TYPE,ENTITY,synthetic,
426549,42684039,SAME_TYPE,ENTITY,synthetic,
426549,42691457,SAME_TYPE,ENTITY,synthetic,
426549,42697847,SAME_TYPE,ENTITY,synthetic,
426549,42629029,SAME_TYPE,ENTITY,synthetic,
426549,42629769,SAME_TYPE,ENTITY,synthetic,
426549,426405,SAME_TYPE,ENTITY,synthetic,
426549,42801205,SAME_TYPE,ENTITY,synthetic,
426549,427516,SAME_TYPE,ENTITY,synthetic,
426549,42779199,SAME_TYPE,ENTITY,synthetic,
426549,42980855,SAME_TYPE,ENTITY,synthetic,
426549,43003219,SAME_TYPE,ENTITY,synthetic,
42654916,42662412,SAME_TYPE,ENTITY,synthetic,
42654916,42798679,SAME_TYPE,ENTITY,synthetic,
42654916,42801205,SAME_TYPE,ENTITY,synthetic,
42654916,42980855,SAME_TYPE,ENTITY,synthetic,
42654916,43003219,SAME_TYPE,ENTITY,synthetic,
42657825,42662412,SAME_TYPE,ENTITY,synthetic,
42657825,42697847,SAME_TYPE,ENTITY,synthetic,
42657825,4280395,SAME_TYPE,ENTITY,synthetic,
42657825,4282331,SAME_TYPE,ENTITY,synthetic,
42657825,42978254,SAME_TYPE,ENTITY,synthetic,
42657825,43003219,SAME_TYPE,ENTITY,synthetic,
42662412,42683614,SAME_TYPE,ENTITY,synthetic,
42662412,42798679,SAME_TYPE,ENTITY,synthetic,
42662412,42803906,SAME_TYPE,ENTITY,synthetic,
42662412,42972401,SAME_TYPE,ENTITY,synthetic,
42662412,42978254,SAME_TYPE,ENTITY,synthetic,
42662412,42980855,SAME_TYPE,ENTITY,synthetic,
42676113,42629769,SAME_TYPE,ENTITY,synthetic,
42676113,4280395,SAME_TYPE,ENTITY,synthetic,
42676113,428156,SAME_TYPE,ENTITY,synthetic,
42676113,427536,SAME_TYPE,ENTITY,synthetic,
42676113,42978254,SAME_TYPE,ENTITY,synthetic,
42676113,42984245,SAME_TYPE,ENTITY,synthetic,
42683614,42690068,SAME_TYPE,ENTITY,synthetic,
42683614,42620145,SAME_TYPE,ENTITY,synthetic,
42683614,428181,SAME_TYPE,ENTITY,synthetic,
42683614,42760,SAME_TYPE,ENTITY,synthetic,
42683614,42773458,SAME_TYPE,ENTITY,synthetic,
42683614,42779199,SAME_TYPE,ENTITY,synthetic,
42683614,42783540,SAME_TYPE,ENTITY,synthetic,
42684039,426405,SAME_TYPE,ENTITY,synthetic,
42684039,428156,SAME_TYPE,ENTITY,synthetic,
42684039,427516,SAME_TYPE,ENTITY,synthetic,
42684039,42760,SAME_TYPE,ENTITY,synthetic,
42690068,42629769,SAME_TYPE,ENTITY,synthetic,
42690068,4279567,SAME_TYPE,ENTITY,synthetic,
42690068,42799242,SAME_TYPE,ENTITY,synthetic,
42690068,428156,SAME_TYPE,ENTITY,synthetic,
42690068,42748130,SAME_TYPE,ENTITY,synthetic,
42690068,42779199,SAME_TYPE,ENTITY,synthetic,
42690068,42980506,SAME_TYPE,ENTITY,synthetic,
42690068,42984245,SAME_TYPE,ENTITY,synthetic,
42691457,42798679,SAME_TYPE,ENTITY,synthetic,
42691457,42801205,SAME_TYPE,ENTITY,synthetic,
42691457,428041,SAME_TYPE,ENTITY,synthetic,
42691457,4280465,SAME_TYPE,ENTITY,synthetic,
42697847,428041,SAME_TYPE,ENTITY,synthetic,
42697847,4282331,SAME_TYPE,ENTITY,synthetic,
42697847,42760,SAME_TYPE,ENTITY,synthetic,
42703173,42629029,SAME_TYPE,ENTITY,synthetic,
42703173,426405,SAME_TYPE,ENTITY,synthetic,
42703173,42801205,SAME_TYPE,ENTITY,synthetic,
42703173,428156,SAME_TYPE,ENTITY,synthetic,
42703173,428181,SAME_TYPE,ENTITY,synthetic,
42703173,427628,SAME_TYPE,ENTITY,synthetic,
42703173,42773458,SAME_TYPE,ENTITY,synthetic,
42618611,4280395,SAME_TYPE,ENTITY,synthetic,
42618611,4280465,SAME_TYPE,ENTITY,synthetic,
42619722,42620145,SAME_TYPE,ENTITY,synthetic,
42619722,42799242,SAME_TYPE,ENTITY,synthetic,
42619722,42801205,SAME_TYPE,ENTITY,synthetic,
42619722,42803906,SAME_TYPE,ENTITY,synthetic,
42619722,4280465,SAME_TYPE,ENTITY,synthetic,
42619722,4282331,SAME_TYPE,ENTITY,synthetic,
42619722,42773458,SAME_TYPE,ENTITY,synthetic,
42619722,42783540,SAME_TYPE,ENTITY,synthetic,
42619722,43003219,SAME_TYPE,ENTITY,synthetic,
42620145,42629029,SAME_TYPE,ENTITY,synthetic,
42620145,426405,SAME_TYPE,ENTITY,synthetic,
42620145,428041,SAME_TYPE,ENTITY,synthetic,
42620145,428156,SAME_TYPE,ENTITY,synthetic,
42620145,4282331,SAME_TYPE,ENTITY,synthetic,
42620145,42773458,SAME_TYPE,ENTITY,synthetic,
42620145,42980506,SAME_TYPE,ENTITY,synthetic,
42629029,42803906,SAME_TYPE,ENTITY,synthetic,
42629029,428181,SAME_TYPE,ENTITY,synthetic,
42629029,42747621,SAME_TYPE,ENTITY,synthetic,
42629029,42750382,SAME_TYPE,ENTITY,synthetic,
42629029,42779199,SAME_TYPE,ENTITY,synthetic,
42629029,42783540,SAME_TYPE,ENTITY,synthetic,
42629769,42760,SAME_TYPE,ENTITY,synthetic,
42629769,42779199,SAME_TYPE,ENTITY,synthetic,
426405,428041,SAME_TYPE,ENTITY,synthetic,
426405,42760,SAME_TYPE,ENTITY,synthetic,
426405,42773458,SAME_TYPE,ENTITY,synthetic,
426405,43003219,SAME_TYPE,ENTITY,synthetic,
42795668,42747621,SAME_TYPE,ENTITY,synthetic,
42795668,427516,SAME_TYPE,ENTITY,synthetic,
42795668,427628,SAME_TYPE,ENTITY,synthetic,
42795668,42972262,SAME_TYPE,ENTITY,synthetic,
42795668,42980506,SAME_TYPE,ENTITY,synthetic,
4279567,42798679,SAME_TYPE,ENTITY,synthetic,
4279567,42801205,SAME_TYPE,ENTITY,synthetic,
4279567,4282331,SAME_TYPE,ENTITY,synthetic,
4279567,42747621,SAME_TYPE,ENTITY,synthetic,
4279567,42748130,SAME_TYPE,ENTITY,synthetic,
4279567,42783540,SAME_TYPE,ENTITY,synthetic,
4279567,42980506,SAME_TYPE,ENTITY,synthetic,
42798679,42803906,SAME_TYPE,ENTITY,synthetic,
42798679,428041,SAME_TYPE,ENTITY,synthetic,
42798679,42747621,SAME_TYPE,ENTITY,synthetic,
42798679,42972262,SAME_TYPE,ENTITY,synthetic,
42799242,42803906,SAME_TYPE,ENTITY,synthetic,
42799242,42783540,SAME_TYPE,ENTITY,synthetic,
42801205,42803906,SAME_TYPE,ENTITY,synthetic,
42801205,42972401,SAME_TYPE,ENTITY,synthetic,
42803906,428156,SAME_TYPE,ENTITY,synthetic,
42803906,427516,SAME_TYPE,ENTITY,synthetic,
42803906,42779199,SAME_TYPE,ENTITY,synthetic,
42803906,42783540,SAME_TYPE,ENTITY,synthetic,
4280395,428041,SAME_TYPE,ENTITY,synthetic,
4280395,42748130,SAME_TYPE,ENTITY,synthetic,
4280395,42773458,SAME_TYPE,ENTITY,synthetic,
4280395,42984245,SAME_TYPE,ENTITY,synthetic,
428041,4280465,SAME_TYPE,ENTITY,synthetic,
428041,42750382,SAME_TYPE,ENTITY,synthetic,
428041,427516,SAME_TYPE,ENTITY,synthetic,
428041,42760,SAME_TYPE,ENTITY,synthetic,
428041,42972401,SAME_TYPE,ENTITY,synthetic,
4280465,42748130,SAME_TYPE,ENTITY,synthetic,
4280465,427516,SAME_TYPE,ENTITY,synthetic,
4280465,42984245,SAME_TYPE,ENTITY,synthetic,
428156,42748130,SAME_TYPE,ENTITY,synthetic,
428156,42980855,SAME_TYPE,ENTITY,synthetic,
428156,42984245,SAME_TYPE,ENTITY,synthetic,
428181,4282331,SAME_TYPE,ENTITY,synthetic,
428181,42747621,SAME_TYPE,ENTITY,synthetic,
428181,42779199,SAME_TYPE,ENTITY,synthetic,
4282331,42773458,SAME_TYPE,ENTITY,synthetic,
42747621,427516,SAME_TYPE,ENTITY,synthetic,
42747621,42779199,SAME_TYPE,ENTITY,synthetic,
42747621,42980506,SAME_TYPE,ENTITY,synthetic,
42748130,42750382,SAME_TYPE,ENTITY,synthetic,
42750382,42760,SAME_TYPE,ENTITY,synthetic,
42750382,42972262,SAME_TYPE,ENTITY,synthetic,
42750382,42980855,SAME_TYPE,ENTITY,synthetic,
427536,427628,SAME_TYPE,ENTITY,synthetic,
427536,42980506,SAME_TYPE,ENTITY,synthetic,
42760,42773458,SAME_TYPE,ENTITY,synthetic,
42760,42783540,SAME_TYPE,ENTITY,synthetic,
42760,42972262,SAME_TYPE,ENTITY,synthetic,
427628,42773458,SAME_TYPE,ENTITY,synthetic,
427628,42972262,SAME_TYPE,ENTITY,synthetic,
427628,42980506,SAME_TYPE,ENTITY,synthetic,
427628,42980855,SAME_TYPE,ENTITY,synthetic,
42773458,42783540,SAME_TYPE,ENTITY,synthetic,
42779199,42972401,SAME_TYPE,ENTITY,synthetic,
42972262,43003219,SAME_TYPE,ENTITY,synthetic,
42980506,42980855,SAME_TYPE,ENTITY,synthetic,
105738593,837558,CONNECTED,,backbone,
89244184,162222869,CONNECTED,,backbone,
89244184,976673,CONNECTED,,backbone,
90088991,166842490,CONNECTED,,backbone,
90088991,194000992,CONNECTED,,backbone,
158942123,136154804,CONNECTED,,backbone,
130607692,1358529,CONNECTED,,backbone,
130607692,89969961,CONNECTED,,backbone,
146873674,180859693,CONNECTED,,backbone,
146873674,142568,CONNECTED,,backbone,
152783570,19706913,CONNECTED,,backbone,
152783570,58585428,CONNECTED,,backbone,
154885808,694749,CONNECTED,,backbone,
608739,144541854,CONNECTED,,backbone,
608739,174192273,CONNECTED,,backbone,
191023519,167533502,CONNECTED,,backbone,
16421659,628184,CONNECTED,,backbone,
158671089,1386794,CONNECTED,,backbone,
173745580,75639819,CONNECTED,,backbone,
89425031,117849424,CONNECTED,,backbone,
89425031,76801012,CONNECTED,,backbone,
1966013,125672738,CONNECTED,,backbone,
182277784,189527417,CONNECTED,,backbone,
992946,177990573,CONNECTED,,backbone,
1098798,72338600,CONNECTED,,backbone,
91830192,189450988,CONNECTED,,backbone,
41830743,131969079,CONNECTED,,backbone,
151540696,192142884,CONNECTED,,backbone,
68050,109519643,CONNECTED,,backbone,
1883655,193307456,CONNECTED,,backbone,
1883655,118521403,CONNECTED,,backbone,
76031045,160558243,CONNECTED,,backbone,
172578400,177620404,CONNECTED,,backbone,
144234503,113771715,CONNECTED,,backbone,
155649355,176312270,CONNECTED,,backbone,
155649355,63925989,CONNECTED,,backbone,
167404354,7691076,CONNECTED,,backbone,
136913114,131230660,CONNECTED,,backbone,
189938477,154514235,CONNECTED,,backbone,
105469770,125030299,CONNECTED,,backbone,
1028764,109313796,CONNECTED,,backbone,
161061041,68986166,CONNECTED,,backbone,
76201942,892978,CONNECTED,,backbone,
76201942,160299492,CONNECTED,,backbone,
102311758,490797,CONNECTED,,backbone,
198571257,47992220,CONNECTED,,backbone,
198571257,657848,CONNECTED,,backbone,
70462954,96292356,CONNECTED,,backbone,
70462954,4834389,CONNECTED,,backbone,
1367320,160010407,CONNECTED,,backbone,
1118867,18620389,CONNECTED,,backbone,
153320936,115586905,CONNECTED,,backbone,
153320936,160019262,CONNECTED,,backbone,
221662,454569,CONNECTED,,backbone,
154092282,181751909,CONNECTED,,backbone,
77952437,427628,CONNECTED,,backbone,
1273344,6958423,CONNECTED,,backbone,
56869823,56404067,CONNECTED,,backbone,
488014,71702075,CONNECTED,,backbone,
488014,13546932,CONNECTED,,backbone,
823979,171499982,CONNECTED,,backbone,
53944152,78988685,CONNECTED,,backbone,
135357145,59610380,CONNECTED,,backbone,
1655914,7786879,CONNECTED,,backbone,
1655914,125244376,CONNECTED,,backbone,
1655914,152581205,CONNECTED,,backbone,
175151509,71267478,CONNECTED,,backbone,
191041961,194034900,CONNECTED,,backbone,
1394137,1138820,CONNECTED,,backbone,
95156343,141957130,CONNECTED,,backbone,
1821296,918535,CONNECTED,,backbone,
12317851,50861952,CONNECTED,,backbone,
12317851,114410705,CONNECTED,,backbone,
58548637,117812187,CONNECTED,,backbone,
134731649,1970660,CONNECTED,,backbone,
134731649,44835,CONNECTED,,backbone,
85876961,119154899,CONNECTED,,backbone,
124304005,80576792,CONNECTED,,backbone,
85923193,137262345,CONNECTED,,backbone,
192041619,875780,CONNECTED,,backbone,
146193391,107044877,CONNECTED,,backbone,
179826006,143646285,CONNECTED,,backbone,
133952200,17442070,CONNECTED,,backbone,
133952200,156051057,CONNECTED,,backbone,
198629394,192759088,CONNECTED,,backbone,
195885623,62228627,CONNECTED,,backbone,
156657111,129346942,CONNECTED,,backbone,
156657111,1015543,CONNECTED,,backbone,
60553717,97403985,CONNECTED,,backbone,
1275595,70535178,CONNECTED,,backbone,
93636589,60883102,CONNECTED,,backbone,
132750869,1897005,CONNECTED,,backbone,
132750869,104856527,CONNECTED,,backbone,
727468,133030352,CONNECTED,,backbone,
1973466,157491886,CONNECTED,,backbone,
140941195,1278119,CONNECTED,,backbone,
111856853,152965950,CONNECTED,,backbone,
111856853,66672229,CONNECTED,,backbone,
157451046,88436587,CONNECTED,,backbone,
78492330,138690169,CONNECTED,,backbone,
78492330,177370537,CONNECTED,,backbone,
1848469,1795128,CONNECTED,,backbone,
67190683,992932,CONNECTED,,backbone,
109172857,109263725,CONNECTED,,backbone,
186056745,69862579,CONNECTED,,backbone,
15376331,121513275,CONNECTED,,backbone,
45150926,186445584,CONNECTED,,backbone,
45150926,106449800,CONNECTED,,backbone,
1140266,121120436,CONNECTED,,backbone,
1140266,142203532,CONNECTED,,backbone,
48970656,183494,CONNECTED,,backbone,
140306911,178114501,CONNECTED,,backbone,
155748490,199491095,CONNECTED,,backbone,
601733,177541366,CONNECTED,,backbone,
131631044,41865645,CONNECTED,,backbone,
1415511,83657657,CONNECTED,,backbone,
128819878,165769575,CONNECTED,,backbone,
128819878,144621776,CONNECTED,,backbone,
74868675,728638,CONNECTED,,backbone,
74868675,103887753,CONNECTED,,backbone,
106864460,65563525,CONNECTED,,backbone,
69673996,187036999,CONNECTED,,backbone,
69673996,1478119,CONNECTED,,backbone,
590310,107099044,CONNECTED,,backbone,
116008121,124311675,CONNECTED,,backbone,
1394834,92155798,CONNECTED,,backbone,
54193614,85885736,CONNECTED,,backbone,
116455903,176949894,CONNECTED,,backbone,
148308209,120672416,CONNECTED,,backbone,
148308209,1355293,CONNECTED,,backbone,
193808591,176417778,CONNECTED,,backbone,
136449680,190010359,CONNECTED,,backbone,
10985904,161081806,CONNECTED,,backbone,
10985904,144489635,CONNECTED,,backbone,
196505247,158205871,CONNECTED,,backbone,
196505247,57321169,CONNECTED,,backbone,
196505247,49604642,CONNECTED,,backbone,
166974541,1507026,CONNECTED,,backbone,
84175844,149895913,CONNECTED,,backbone,
84175844,139137668,CONNECTED,,backbone,
43092226,597513,CONNECTED,,backbone,
43092226,1653080,CONNECTED,,backbone,
731674,135925135,CONNECTED,,backbone,
164261639,115861889,CONNECTED,,backbone,
95954751,115786125,CONNECTED,,backbone,
95954751,133606203,CONNECTED,,backbone,
95954751,89507315,CONNECTED,,backbone,
72467843,194257247,CONNECTED,,backbone,
163029687,180890588,CONNECTED,,backbone,
163029687,93404970,CONNECTED,,backbone,
1563309,115601800,CONNECTED,,backbone,
1563309,121958631,CONNECTED,,backbone,
91060959,112954702,CONNECTED,,backbone,
171411640,59618,CONNECTED,,backbone,
1233249,49831550,CONNECTED,,backbone,
88149375,97286516,CONNECTED,,backbone,
96764488,18571239,CONNECTED,,backbone,
187386981,583539,CONNECTED,,backbone,
114333540,129837438,CONNECTED,,backbone,
11923455,126712162,CONNECTED,,backbone,
47740838,89823497,CONNECTED,,backbone,
47740838,97286516,CONNECTED,,backbone,
47740838,94190696,CONNECTED,,backbone,
166516818,1024641,CONNECTED,,backbone,
139126537,77981200,CONNECTED,,backbone,
89514411,156321126,CONNECTED,,backbone,
89514411,68961057,CONNECTED,,backbone,
122558643,110992,CONNECTED,,backbone,
122558643,776236,CONNECTED,,backbone,
126191787,99995200,CONNECTED,,backbone,
139413699,12437258,CONNECTED,,backbone,
139413699,143421797,CONNECTED,,backbone,
97230186,1376361,CONNECTED,,backbone,
188020316,124397732,CONNECTED,,backbone,
178139728,102052673,CONNECTED,,backbone,
17961778,132219172,CONNECTED,,backbone,
829935,1776000,CONNECTED,,backbone,
829935,80619302,CONNECTED,,backbone,
46363185,187418075,CONNECTED,,backbone,
46363185,1749656,CONNECTED,,backbone,
174327736,1804917,CONNECTED,,backbone,
174327736,102161774,CONNECTED,,backbone,
53962637,169158188,CONNECTED,,backbone,
144859851,193007725,CONNECTED,,backbone,
144859851,19334815,CONNECTED,,backbone,
158535154,95919,CONNECTED,,backbone,
158535154,16191,CONNECTED,,backbone,
164592513,171226166,CONNECTED,,backbone,
164592513,543842,CONNECTED,,backbone,
93486441,1095940,CONNECTED,,backbone,
962262,140106813,CONNECTED,,backbone,
144566572,68916250,CONNECTED,,backbone,
1402536,119487572,CONNECTED,,backbone,
122819551,90918148,CONNECTED,,backbone,
1475748,182664986,CONNECTED,,backbone,
1475748,140169602,CONNECTED,,backbone,
66718050,198412595,CONNECTED,,backbone,
125342417,575645,CONNECTED,,backbone,
596790,193569123,CONNECTED,,backbone,
596790,1934439,CONNECTED,,backbone,
95862319,153932452,CONNECTED,,backbone,
86006569,45953297,CONNECTED,,backbone,
171236081,164318487,CONNECTED,,backbone,
136522777,49263720,CONNECTED,,backbone,
166742062,164654096,CONNECTED,,backbone,
12437258,19335393,CONNECTED,,backbone,
12437258,113505023,CONNECTED,,backbone,
748241,131669267,CONNECTED,,backbone,
95965869,162847091,CONNECTED,,backbone,
112450031,70320257,CONNECTED,,backbone,
140983775,19782456,CONNECTED,,backbone,
140983775,1448401,CONNECTED,,backbone,
178947070,74101302,CONNECTED,,backbone,
76415814,48383867,CONNECTED,,backbone,
128463553,75844970,CONNECTED,,backbone,
128463553,132152722,CONNECTED,,backbone,
173466910,8642455,CONNECTED,,backbone,
749737,113049397,CONNECTED,,backbone,
749737,500483,CONNECTED,,backbone,
197123241,68465120,CONNECTED,,backbone,
170639144,79835301,CONNECTED,,backbone,
170639144,70572996,CONNECTED,,backbone,
170639144,163524844,CONNECTED,,backbone,
121611886,667072,CONNECTED,,backbone,
121611886,440907,CONNECTED,,backbone,
1434983,164692875,CONNECTED,,backbone,
179267474,193333438,CONNECTED,,backbone,
69242002,69511893,CONNECTED,,backbone,
69242002,99814786,CONNECTED,,backbone,
57321169,146162964,CONNECTED,,backbone,
93654733,17245123,CONNECTED,,backbone,
93654733,133055079,CONNECTED,,backbone,
115683507,510080,CONNECTED,,backbone,
1144789,1154850,CONNECTED,,backbone,
92869680,197076313,CONNECTED,,backbone,
115202037,13342098,CONNECTED,,backbone,
14462222,84884548,CONNECTED,,backbone,
14462222,103980203,CONNECTED,,backbone,
180859693,48376827,CONNECTED,,backbone,
1961753,44180071,CONNECTED,,backbone,
134155954,526935,CONNECTED,,backbone,
164648638,67798637,CONNECTED,,backbone,
164648638,57679363,CONNECTED,,backbone,
965374,89857247,CONNECTED,,backbone,
49697,188177179,CONNECTED,,backbone,
871051,150672696,CONNECTED,,backbone,
577879,772672,CONNECTED,,backbone,
1215173,43859570,CONNECTED,,backbone,
1215173,192098683,CONNECTED,,backbone,
1215173,147628967,CONNECTED,,backbone,
1954210,149845547,CONNECTED,,backbone,
78126988,1127842,CONNECTED,,backbone,
122365185,58311,CONNECTED,,backbone,
13033089,102158996,CONNECTED,,backbone,
126765424,63418122,CONNECTED,,backbone,
126765424,77105185,CONNECTED,,backbone,
150788643,114677206,CONNECTED,,backbone,
98271319,182012721,CONNECTED,,backbone,
98271319,76977861,CONNECTED,,backbone,
1914217,131278958,CONNECTED,,backbone,
48531322,179352181,CONNECTED,,backbone,
129659,7012714,CONNECTED,,backbone,
1833743,144831045,CONNECTED,,backbone,
181976947,7494723,CONNECTED,,backbone,
1176578,192174257,CONNECTED,,backbone,
76417350,99060651,CONNECTED,,backbone,
76417350,116080467,CONNECTED,,backbone,
160677550,161441808,CONNECTED,,backbone,
173184886,98734006,CONNECTED,,backbone,
173184886,79762331,CONNECTED,,backbone,
71304482,126422618,CONNECTED,,backbone,
7258811,121385555,CONNECTED,,backbone,
65263340,124771365,CONNECTED,,backbone,
188862314,1011717,CONNECTED,,backbone,
188862314,1459990,CONNECTED,,backbone,
48380082,189837571,CONNECTED,,backbone,
153632939,89240386,CONNECTED,,backbone,
153632939,145741781,CONNECTED,,backbone,
105622489,914314,CONNECTED,,backbone,
105622489,19791244,CONNECTED,,backbone,
900643,13220326,CONNECTED,,backbone,
940877,97817081,CONNECTED,,backbone,
1530817,104696072,CONNECTED,,backbone,
66554614,861676,CONNECTED,,backbone,
97682342,1911412,CONNECTED,,backbone,
1600579,5270546,CONNECTED,,backbone,
1600579,866064,CONNECTED,,backbone,
172200536,105481597,CONNECTED,,backbone,
172200536,835358,CONNECTED,,backbone,
12666155,86455291,CONNECTED,,backbone,
9337890,134141763,CONNECTED,,backbone,
9337890,82073978,CONNECTED,,backbone,
9337890,485254,CONNECTED,,backbone,
1380205,169075719,CONNECTED,,backbone,
5583,146399823,CONNECTED,,backbone,
5583,76942741,CONNECTED,,backbone,
43848709,165102144,CONNECTED,,backbone,
168562600,1656847,CONNECTED,,backbone,
172348234,638509,CONNECTED,,backbone,
97152373,175151509,CONNECTED,,backbone,
191151028,61785574,CONNECTED,,backbone,
191151028,69366685,CONNECTED,,backbone,
64866328,1503218,CONNECTED,,backbone,
116911450,132982,CONNECTED,,backbone,
141736603,1327981,CONNECTED,,backbone,
59367269,178155489,CONNECTED,,backbone,
131189249,109608,CONNECTED,,backbone,
75611212,98219783,CONNECTED,,backbone,
431237,178170728,CONNECTED,,backbone,
149089208,167476448,CONNECTED,,backbone,
149089208,167865,CONNECTED,,backbone,
149089208,32938911,CONNECTED,,backbone,
19960328,145413359,CONNECTED,,backbone,
135320811,148920970,CONNECTED,,backbone,
135320811,170741301,CONNECTED,,backbone,
108212512,97606950,CONNECTED,,backbone,
156235221,153318253,CONNECTED,,backbone,
143413054,1850285,CONNECTED,,backbone,
143413054,116171164,CONNECTED,,backbone,
165920456,110071634,CONNECTED,,backbone,
165920456,97033086,CONNECTED,,backbone,
191739073,122812724,CONNECTED,,backbone,
1428065,138673340,CONNECTED,,backbone,
151273806,148593201,CONNECTED,,backbone,
160701327,130088459,CONNECTED,,backbone,
8985172,197115869,CONNECTED,,backbone,
176191748,776040,CONNECTED,,backbone,
109150827,163784463,CONNECTED,,backbone,
46700542,169835643,CONNECTED,,backbone,
973256,113160291,CONNECTED,,backbone,
190935733,4447159,CONNECTED,,backbone,
190935733,159080717,CONNECTED,,backbone,
1593807,478424,CONNECTED,,backbone,
1973327,89927282,CONNECTED,,backbone,
121086664,73056940,CONNECTED,,backbone,
181751909,144914782,CONNECTED,,backbone,
181751909,74907722,CONNECTED,,backbone,
138881524,1949928,CONNECTED,,backbone,
1570233,186600569,CONNECTED,,backbone,
118898556,125433515,CONNECTED,,backbone,
118898556,731542,CONNECTED,,backbone,
169962767,103861451,CONNECTED,,backbone,
169962767,48844607,CONNECTED,,backbone,
134030213,70535178,CONNECTED,,backbone,
134030213,151854619,CONNECTED,,backbone,
164652331,840320,CONNECTED,,backbone,
193439282,68007697,CONNECTED,,backbone,
193439282,182511154,CONNECTED,,backbone,
78210384,138944352,CONNECTED,,backbone,
50297996,190012978,CONNECTED,,backbone,
68624051,138910398,CONNECTED,,backbone,
68624051,118624835,CONNECTED,,backbone,
5113131,62976043,CONNECTED,,backbone,
1107494,121596756,CONNECTED,,backbone,
1107494,12748020,CONNECTED,,backbone,
1372765,124392,CONNECTED,,backbone,
52082784,124311792,CONNECTED,,backbone,
61523419,182928502,CONNECTED,,backbone,
61523419,11830737,CONNECTED,,backbone,
44772919,66487555,CONNECTED,,backbone,
167160413,150489516,CONNECTED,,backbone,
167160413,5985585,CONNECTED,,backbone,
45182693,1265752,CONNECTED,,backbone,
45182693,96483499,CONNECTED,,backbone,
167119012,75438,CONNECTED,,backbone,
167119012,24175360,CONNECTED,,backbone,
70710763,72836641,CONNECTED,,backbone,
70968927,138183878,CONNECTED,,backbone,
920454,880153,CONNECTED,,backbone,
139602929,89595165,CONNECTED,,backbone,
139602929,5940976,CONNECTED,,backbone,
88001704,77244683,CONNECTED,,backbone,
125760335,465458,CONNECTED,,backbone,
141042797,1672109,CONNECTED,,backbone,
141042797,1170775,CONNECTED,,backbone,
1096008,69180653,CONNECTED,,backbone,
1096008,66932595,CONNECTED,,backbone,
1096008,86948584,CONNECTED,,backbone,
74447011,35156893,CONNECTED,,backbone,
74447011,84866717,CONNECTED,,backbone,
165209507,181157754,CONNECTED,,backbone,
113315358,1250385,CONNECTED,,backbone,
197859622,173162644,CONNECTED,,backbone,
197828920,1261886,CONNECTED,,backbone,
190451658,134155954,CONNECTED,,backbone,
6278530,87236805,CONNECTED,,backbone,
6278530,78131582,CONNECTED,,backbone,
43620874,177315818,CONNECTED,,backbone,
20300196,1790587,CONNECTED,,backbone,
20300196,189079193,CONNECTED,,backbone,
20300196,10503637,CONNECTED,,backbone,
125303724,80764697,CONNECTED,,backbone,
143304114,4502073,CONNECTED,,backbone,
149551134,135451771,CONNECTED,,backbone,
149551134,81243492,CONNECTED,,backbone,
577507,1929800,CONNECTED,,backbone,
199447782,92758771,CONNECTED,,backbone,
199447782,105021424,CONNECTED,,backbone,
169066495,60142848,CONNECTED,,backbone,
169066495,1914421,CONNECTED,,backbone,
87411590,82165751,CONNECTED,,backbone,
61080388,77690316,CONNECTED,,backbone,
59462639,1966640,CONNECTED,,backbone,
142069236,1435550,CONNECTED,,backbone,
1706350,46295064,CONNECTED,,backbone,
99889863,122845937,CONNECTED,,backbone,
99657389,108809086,CONNECTED,,backbone,
99657389,886361,CONNECTED,,backbone,
99657389,61529362,CONNECTED,,backbone,
63760991,86527716,CONNECTED,,backbone,
63760991,90470710,CONNECTED,,backbone,
48177127,117424673,CONNECTED,,backbone,
105020327,6163748,CONNECTED,,backbone,
114181196,1853768,CONNECTED,,backbone,
114181196,78959133,CONNECTED,,backbone,
194698036,143752242,CONNECTED,,backbone,
802432,814724,CONNECTED,,backbone,
118386474,113021496,CONNECTED,,backbone,
1508670,85193554,CONNECTED,,backbone,
128376208,539756,CONNECTED,,backbone,
70213100,12231662,CONNECTED,,backbone,
127595288,115484503,CONNECTED,,backbone,
162807763,1204397,CONNECTED,,backbone,
162807763,190451826,CONNECTED,,backbone,
768641,92992075,CONNECTED,,backbone,
768641,97997045,CONNECTED,,backbone,
768641,18874352,CONNECTED,,backbone,
158295278,1239189,CONNECTED,,backbone,
158295278,154005924,CONNECTED,,backbone,
89523228,98667801,CONNECTED,,backbone,
89523228,147856719,CONNECTED,,backbone,
89523228,72902873,CONNECTED,,backbone,
673029,177670161,CONNECTED,,backbone,
6774491,116016507,CONNECTED,,backbone,
6774491,10611879,CONNECTED,,backbone,
137953268,76707334,CONNECTED,,backbone,
63492787,744274,CONNECTED,,backbone,
63492787,1755934,CONNECTED,,backbone,
653701,116717363,CONNECTED,,backbone,
653701,72836641,CONNECTED,,backbone,
176412141,146754086,CONNECTED,,backbone,
176412141,110284585,CONNECTED,,backbone,
155441131,90053340,CONNECTED,,backbone,
155441131,99853491,CONNECTED,,backbone,
155441131,1719411,CONNECTED,,backbone,
15805947,108981236,CONNECTED,,backbone,
15805947,999787,CONNECTED,,backbone,
185481193,180673812,CONNECTED,,backbone,
67441930,110284585,CONNECTED,,backbone,
141987089,80648257,CONNECTED,,backbone,
156646913,143840905,CONNECTED,,backbone,
156646913,1201838,CONNECTED,,backbone,
13889830,113036,CONNECTED,,backbone,
65563525,89895221,CONNECTED,,backbone,
65563525,1831113,CONNECTED,,backbone,
92106747,960347,CONNECTED,,backbone,
143421797,100897367,CONNECTED,,backbone,
136834956,166763787,CONNECTED,,backbone,
136834956,161464138,CONNECTED,,backbone,
69969784,170166628,CONNECTED,,backbone,
87492704,51246610,CONNECTED,,backbone,
87492704,112241763,CONNECTED,,backbone,
156128683,116637432,CONNECTED,,backbone,
156128683,1696092,CONNECTED,,backbone,
136300215,185936380,CONNECTED,,backbone,
14371694,110864343,CONNECTED,,backbone,
1846634,163929922,CONNECTED,,backbone,
141320657,105622489,CONNECTED,,backbone,
92989258,821903,CONNECTED,,backbone,
199941559,181540317,CONNECTED,,backbone,
162642971,1950597,CONNECTED,,backbone,
162642971,192452592,CONNECTED,,backbone,
162642971,166353769,CONNECTED,,backbone,
1204613,197393275,CONNECTED,,backbone,
1204613,126595064,CONNECTED,,backbone,
62577151,73171247,CONNECTED,,backbone,
62577151,87143289,CONNECTED,,backbone,
62577151,581844,CONNECTED,,backbone,
1335618,4860331,CONNECTED,,backbone,
188273326,42676113,CONNECTED,,backbone,
49161179,198447869,CONNECTED,,backbone,
18219029,106090499,CONNECTED,,backbone,
19637360,199183930,CONNECTED,,backbone,
19637360,112481627,CONNECTED,,backbone,
127874277,874213,CONNECTED,,backbone,
19368529,75418221,CONNECTED,,backbone,
187405567,589020,CONNECTED,,backbone,
822625,82858273,CONNECTED,,backbone,
1656721,102381084,CONNECTED,,backbone,
1656721,54972572,CONNECTED,,backbone,
65419121,189689438,CONNECTED,,backbone,
9003298,139001497,CONNECTED,,backbone,
9003298,179675894,CONNECTED,,backbone,
186954937,140409601,CONNECTED,,backbone,
178709375,102219660,CONNECTED,,backbone,
6522303,122955536,CONNECTED,,backbone,
106030148,131656389,CONNECTED,,backbone,
175904611,133601872,CONNECTED,,backbone,
175904611,153251937,CONNECTED,,backbone,
175904611,107329350,CONNECTED,,backbone,
190184732,1242942,CONNECTED,,backbone,
198785089,116589166,CONNECTED,,backbone,
170592076,85594707,CONNECTED,,backbone,
197115869,16982395,CONNECTED,,backbone,
197115869,59406372,CONNECTED,,backbone,
64606452,177242003,CONNECTED,,backbone,
64606452,190295375,CONNECTED,,backbone,
127065416,170895193,CONNECTED,,backbone,
83657657,927166,CONNECTED,,backbone,
175057662,152987150,CONNECTED,,backbone,
146495948,177994341,CONNECTED,,backbone,
54692577,89507315,CONNECTED,,backbone,
54692577,123833045,CONNECTED,,backbone,
156356521,1680284,CONNECTED,,backbone,
156356521,80344095,CONNECTED,,backbone,
156356521,149579128,CONNECTED,,backbone,
123366372,141594184,CONNECTED,,backbone,
123366372,11983453,CONNECTED,,backbone,
78259539,65615053,CONNECTED,,backbone,
78259539,1953468,CONNECTED,,backbone,
78259539,107460954,CONNECTED,,backbone,
78259539,138947374,CONNECTED,,backbone,
184736532,64722901,CONNECTED,,backbone,
184736532,53589299,CONNECTED,,backbone,
67433832,66790208,CONNECTED,,backbone,
44033928,146484044,CONNECTED,,backbone,
92153964,41884009,CONNECTED,,backbone,
176891503,174474985,CONNECTED,,backbone,
176891503,123547125,CONNECTED,,backbone,
176891503,94050000,CONNECTED,,backbone,
1579254,129198437,CONNECTED,,backbone,
176254259,1130769,CONNECTED,,backbone,
176254259,59157398,CONNECTED,,backbone,
176254259,19185797,CONNECTED,,backbone,
1573016,106559838,CONNECTED,,backbone,
184837570,772758,CONNECTED,,backbone,
184837570,172799290,CONNECTED,,backbone,
110081280,35750123,CONNECTED,,backbone,
110081280,12350110,CONNECTED,,backbone,
170430,1486139,CONNECTED,,backbone,
170430,163663432,CONNECTED,,backbone,
170430,528177,CONNECTED,,backbone,
171135069,142997178,CONNECTED,,backbone,
83626598,188024163,CONNECTED,,backbone,
410709,80378,CONNECTED,,backbone,
1303308,161268110,CONNECTED,,backbone,
181194442,164918331,CONNECTED,,backbone,
181194442,893382,CONNECTED,,backbone,
141598049,89915261,CONNECTED,,backbone,
141598049,108103137,CONNECTED,,backbone,
82895616,138232919,CONNECTED,,backbone,
82895616,12132530,CONNECTED,,backbone,
82895616,141297731,CONNECTED,,backbone,
97643667,160712581,CONNECTED,,backbone,
121802299,804006,CONNECTED,,backbone,
148877885,185898,CONNECTED,,backbone,
167260761,1096008,CONNECTED,,backbone,
44733683,61060240,CONNECTED,,backbone,
156023557,499686,CONNECTED,,backbone,
582890,43620874,CONNECTED,,backbone,
582890,142793330,CONNECTED,,backbone,
63084991,76558,CONNECTED,,backbone,
63084991,177066439,CONNECTED,,backbone,
147083035,169041057,CONNECTED,,backbone,
116667,104027268,CONNECTED,,backbone,
66910770,84524727,CONNECTED,,backbone,
124471487,186938988,CONNECTED,,backbone,
124471487,174637474,CONNECTED,,backbone,
1489054,1114247,CONNECTED,,backbone,
1489054,52027,CONNECTED,,backbone,
1489054,162299780,CONNECTED,,backbone,
180852124,124547445,CONNECTED,,backbone,
180852124,164955525,CONNECTED,,backbone,
5748903,76801012,CONNECTED,,backbone,
58081253,193676234,CONNECTED,,backbone,
58081253,110968,CONNECTED,,backbone,
1659221,156430129,CONNECTED,,backbone,
789555,63971265,CONNECTED,,backbone,
60578099,155139009,CONNECTED,,backbone,
193377250,1290655,CONNECTED,,backbone,
153055342,178486545,CONNECTED,,backbone,
95123547,24193503,CONNECTED,,backbone,
95123547,608474,CONNECTED,,backbone,
54191611,174700642,CONNECTED,,backbone,
4577320,91061251,CONNECTED,,backbone,
829634,152803443,CONNECTED,,backbone,
1683788,97811159,CONNECTED,,backbone,
68896355,121830156,CONNECTED,,backbone,
68896355,67389424,CONNECTED,,backbone,
69212950,76006983,CONNECTED,,backbone,
82316095,88744637,CONNECTED,,backbone,
198679049,74891467,CONNECTED,,backbone,
87242494,7911775,CONNECTED,,backbone,
1226468,86994285,CONNECTED,,backbone,
1226468,102857727,CONNECTED,,backbone,
68577657,49126273,CONNECTED,,backbone,
41963727,795385,CONNECTED,,backbone,
185795503,109678816,CONNECTED,,backbone,
181515069,1032420,CONNECTED,,backbone,
181515069,47058521,CONNECTED,,backbone,
137833658,55243123,CONNECTED,,backbone,
163929922,67025968,CONNECTED,,backbone,
156981140,42320815,CONNECTED,,backbone,
156981140,135331548,CONNECTED,,backbone,
97129734,169288280,CONNECTED,,backbone,
87337916,62492,CONNECTED,,backbone,
87337916,148493247,CONNECTED,,backbone,
168775049,198250755,CONNECTED,,backbone,
48994462,8377349,CONNECTED,,backbone,
48994462,857833,CONNECTED,,backbone,
141117854,193487801,CONNECTED,,backbone,
89037549,191081157,CONNECTED,,backbone,
138018427,123215033,CONNECTED,,backbone,
161660259,154875214,CONNECTED,,backbone,
72320413,67023742,CONNECTED,,backbone,
72320413,13156423,CONNECTED,,backbone,
65890281,151258823,CONNECTED,,backbone,
18574610,80868074,CONNECTED,,backbone,
177315439,456641,CONNECTED,,backbone,
177315439,84477332,CONNECTED,,backbone,
131820811,182327508,CONNECTED,,backbone,
1302451,82593193,CONNECTED,,backbone,
61044469,44627147,CONNECTED,,backbone,
104219740,170727482,CONNECTED,,backbone,
104219740,138584241,CONNECTED,,backbone,
104219740,188758536,CONNECTED,,backbone,
1008420,12483199,CONNECTED,,backbone,
132889303,91453,CONNECTED,,backbone,
132889303,162895096,CONNECTED,,backbone,
131980612,153154062,CONNECTED,,backbone,
1961216,47356881,CONNECTED,,backbone,
58817117,1301282,CONNECTED,,backbone,
105924767,64134380,CONNECTED,,backbone,
105924767,42090008,CONNECTED,,backbone,
90560817,184429847,CONNECTED,,backbone,
90560817,162525553,CONNECTED,,backbone,
90560817,90580,CONNECTED,,backbone,
1805637,1946429,CONNECTED,,backbone,
1805637,78482429,CONNECTED,,backbone,
15041420,63137497,CONNECTED,,backbone,
188758536,37874875,CONNECTED,,backbone,
188758536,177185328,CONNECTED,,backbone,
1336000,970760,CONNECTED,,backbone,
146162964,84796321,CONNECTED,,backbone,
146162964,185852168,CONNECTED,,backbone,
192052785,1526417,CONNECTED,,backbone,
192052785,83206740,CONNECTED,,backbone,
111373984,1949375,CONNECTED,,backbone,
45728909,1547147,CONNECTED,,backbone,
45728909,113170119,CONNECTED,,backbone,
45728909,701015,CONNECTED,,backbone,
74011093,149951842,CONNECTED,,backbone,
71012147,1517679,CONNECTED,,backbone,
64014,599677,CONNECTED,,backbone,
167366823,44887847,CONNECTED,,backbone,
190443341,169843320,CONNECTED,,backbone,
190443341,63699707,CONNECTED,,backbone,
669037,106203837,CONNECTED,,backbone,
669037,1869894,CONNECTED,,backbone,
192844867,66733621,CONNECTED,,backbone,
171686508,87797849,CONNECTED,,backbone,
51147811,651575,CONNECTED,,backbone,
51147811,105084306,CONNECTED,,backbone,
51147811,123657748,CONNECTED,,backbone,
51147811,153757759,CONNECTED,,backbone,
147501563,484971,CONNECTED,,backbone,
160584083,198759117,CONNECTED,,backbone,
87203738,122769773,CONNECTED,,backbone,
87203738,49761744,CONNECTED,,backbone,
59510075,135399634,CONNECTED,,backbone,
92749922,66008988,CONNECTED,,backbone,
18618352,195364363,CONNECTED,,backbone,
18618352,59446218,CONNECTED,,backbone,
18618352,154111351,CONNECTED,,backbone,
1662211,1776000,CONNECTED,,backbone,
71839778,151536585,CONNECTED,,backbone,
148544688,158945394,CONNECTED,,backbone,
148544688,952310,CONNECTED,,backbone,
78803160,114253475,CONNECTED,,backbone,
143288229,941068,CONNECTED,,backbone,
113823521,196845720,CONNECTED,,backbone,
1765929,1591271,CONNECTED,,backbone,
1765929,795610,CONNECTED,,backbone,
66782614,18980026,CONNECTED,,backbone,
66782614,15384228,CONNECTED,,backbone,
107760339,10196149,CONNECTED,,backbone,
107760339,134769392,CONNECTED,,backbone,
47943018,138664146,CONNECTED,,backbone,
156696007,43075389,CONNECTED,,backbone,
146737049,140941195,CONNECTED,,backbone,
1240784,1839448,CONNECTED,,backbone,
9713248,128420325,CONNECTED,,backbone,
619982,10552280,CONNECTED,,backbone,
619982,127909572,CONNECTED,,backbone,
11736350,1258796,CONNECTED,,backbone,
11736350,64869133,CONNECTED,,backbone,
51499091,145512703,CONNECTED,,backbone,
137270681,106012501,CONNECTED,,backbone,
164127824,5045288,CONNECTED,,backbone,
78842369,86129072,CONNECTED,,backbone,
165565078,160614030,CONNECTED,,backbone,
40186421,161133364,CONNECTED,,backbone,
40186421,86259968,CONNECTED,,backbone,
40186421,1229713,CONNECTED,,backbone,
40186421,175301903,CONNECTED,,backbone,
83258206,170224571,CONNECTED,,backbone,
83258206,1556829,CONNECTED,,backbone,
48745996,138386573,CONNECTED,,backbone,
1969352,184171357,CONNECTED,,backbone,
131557971,1571424,CONNECTED,,backbone,
81779107,153157688,CONNECTED,,backbone,
190927193,1840587,CONNECTED,,backbone,
58039800,155789260,CONNECTED,,backbone,
58039800,122841963,CONNECTED,,backbone,
88695329,151029812,CONNECTED,,backbone,
152861578,95759531,CONNECTED,,backbone,
1489153,167321886,CONNECTED,,backbone,
58009308,19637360,CONNECTED,,backbone,
73308411,130031,CONNECTED,,backbone,
73308411,460691,CONNECTED,,backbone,
1606434,140106813,CONNECTED,,backbone,
102274176,162472506,CONNECTED,,backbone,
128232056,127337786,CONNECTED,,backbone,
128232056,105532777,CONNECTED,,backbone,
187313134,161933260,CONNECTED,,backbone,
190824647,131903033,CONNECTED,,backbone,
82925939,1590679,CONNECTED,,backbone,
155647737,167038460,CONNECTED,,backbone,
7685176,16961252,CONNECTED,,backbone,
118196207,1079461,CONNECTED,,backbone,
118196207,69405670,CONNECTED,,backbone,
12735368,148571831,CONNECTED,,backbone,
1742254,52807234,CONNECTED,,backbone,
59618,11428547,CONNECTED,,backbone,
1078435,1061063,CONNECTED,,backbone,
6259207,118687676,CONNECTED,,backbone,
599500,1439015,CONNECTED,,backbone,
100347010,1013232,CONNECTED,,backbone,
100347010,46647129,CONNECTED,,backbone,
100347010,127132399,CONNECTED,,backbone,
49082267,1979098,CONNECTED,,backbone,
49082267,70541624,CONNECTED,,backbone,
78809830,1635543,CONNECTED,,backbone,
78809830,134354015,CONNECTED,,backbone,
123500234,199192778,CONNECTED,,backbone,
123500234,162802397,CONNECTED,,backbone,
983391,1264460,CONNECTED,,backbone,
1276095,98461031,CONNECTED,,backbone,
130794183,89536263,CONNECTED,,backbone,
163515788,936545,CONNECTED,,backbone,
124872311,176727454,CONNECTED,,backbone,
124872311,178947070,CONNECTED,,backbone,
1477826,156256483,CONNECTED,,backbone,
490257,94237447,CONNECTED,,backbone,
61040549,148951008,CONNECTED,,backbone,
191056256,190559558,CONNECTED,,backbone,
197006238,81164417,CONNECTED,,backbone,
197006238,176030301,CONNECTED,,backbone,
197006238,812532,CONNECTED,,backbone,
1646208,138695831,CONNECTED,,backbone,
140637388,134058428,CONNECTED,,backbone,
44098773,53103978,CONNECTED,,backbone,
139163579,554945,CONNECTED,,backbone,
75607044,169586534,CONNECTED,,backbone,
109793966,158817110,CONNECTED,,backbone,
109793966,504325,CONNECTED,,backbone,
61352284,6755165,CONNECTED,,backbone,
13894387,86704010,CONNECTED,,backbone,
13894387,198487604,CONNECTED,,backbone,
13894387,109326476,CONNECTED,,backbone,
13894387,167520172,CONNECTED,,backbone,
86472791,163417166,CONNECTED,,backbone,
140269006,188489650,CONNECTED,,backbone,
835869,76784743,CONNECTED,,backbone,
79746934,129887359,CONNECTED,,backbone,
75412091,11487018,CONNECTED,,backbone,
106873497,18369137,CONNECTED,,backbone,
106873497,129374909,CONNECTED,,backbone,
73306550,6219186,CONNECTED,,backbone,
565383,1041279,CONNECTED,,backbone,
118315162,178593457,CONNECTED,,backbone,
107586854,85501265,CONNECTED,,backbone,
107586854,134284384,CONNECTED,,backbone,
16495981,1461800,CONNECTED,,backbone,
100524,171599901,CONNECTED,,backbone,
46388391,165635233,CONNECTED,,backbone,
46388391,68720608,CONNECTED,,backbone,
494709,1297711,CONNECTED,,backbone,
1054276,174192273,CONNECTED,,backbone,
1054276,1156869,CONNECTED,,backbone,
183774607,1680218,CONNECTED,,backbone,
172621082,78174328,CONNECTED,,backbone,
161086954,796652,CONNECTED,,backbone,
1611471,125593302,CONNECTED,,backbone,
67645278,1024689,CONNECTED,,backbone,
52196679,172702080,CONNECTED,,backbone,
79440291,163963665,CONNECTED,,backbone,
171158239,98732493,CONNECTED,,backbone,
44886017,741833,CONNECTED,,backbone,
162543297,19781131,CONNECTED,,backbone,
173827607,196670364,CONNECTED,,backbone,
173827607,157131297,CONNECTED,,backbone,
110790452,127280822,CONNECTED,,backbone,
110790452,135577190,CONNECTED,,backbone,
89897447,92856737,CONNECTED,,backbone,
89897447,89707143,CONNECTED,,backbone,
89897447,1636453,CONNECTED,,backbone,
143550188,108170242,CONNECTED,,backbone,
1658181,1368323,CONNECTED,,backbone,
1658181,191353345,CONNECTED,,backbone,
102544,1625783,CONNECTED,,backbone,
102544,82198629,CONNECTED,,backbone,
93401,1433374,CONNECTED,,backbone,
168691320,1008023,CONNECTED,,backbone,
168691320,74407078,CONNECTED,,backbone,
135498925,624892,CONNECTED,,backbone,
96432148,1358529,CONNECTED,,backbone,
92702139,180694142,CONNECTED,,backbone,
50524815,111391353,CONNECTED,,backbone,
479251,180686796,CONNECTED,,backbone,
4977007,134384152,CONNECTED,,backbone,
174192273,63839229,CONNECTED,,backbone,
197802963,98869293,CONNECTED,,backbone,
83237996,76843542,CONNECTED,,backbone,
175305747,1988749,CONNECTED,,backbone,
131211091,158577128,CONNECTED,,backbone,
131211091,69180908,CONNECTED,,backbone,
1962587,17992344,CONNECTED,,backbone,
1962587,168059550,CONNECTED,,backbone,
65880878,161134861,CONNECTED,,backbone,
1066593,183262064,CONNECTED,,backbone,
1066593,152129429,CONNECTED,,backbone,
82443824,43977023,CONNECTED,,backbone,
104148364,13011807,CONNECTED,,backbone,
104148364,705965,CONNECTED,,backbone,
104148364,111742938,CONNECTED,,backbone,
105830622,115125069,CONNECTED,,backbone,
105830622,63417880,CONNECTED,,backbone,
105830622,184558299,CONNECTED,,backbone,
105830622,7564575,CONNECTED,,backbone,
105039839,66904144,CONNECTED,,backbone,
171628849,44934883,CONNECTED,,backbone,
4361225,162845393,CONNECTED,,backbone,
4361225,72749329,CONNECTED,,backbone,
119887411,108513675,CONNECTED,,backbone,
119887411,11046647,CONNECTED,,backbone,
50211554,994008,CONNECTED,,backbone,
120673178,128338241,CONNECTED,,backbone,
120673178,35153915,CONNECTED,,backbone,
1390978,77404260,CONNECTED,,backbone,
1390978,157105502,CONNECTED,,backbone,
1390978,497820,CONNECTED,,backbone,
84173304,45694834,CONNECTED,,backbone,
84173304,680984,CONNECTED,,backbone,
199892979,192462044,CONNECTED,,backbone,
8371802,6259207,CONNECTED,,backbone,
187264981,55909017,CONNECTED,,backbone,
187264981,536683,CONNECTED,,backbone,
43003219,168979726,CONNECTED,,backbone,
43003219,787111,CONNECTED,,backbone,
198299266,190020118,CONNECTED,,backbone,
106823601,133178448,CONNECTED,,backbone,
106823601,178574528,CONNECTED,,backbone,
1413720,147072229,CONNECTED,,backbone,
90291821,156948784,CONNECTED,,backbone,
90291821,471205,CONNECTED,,backbone,
3498700,141426428,CONNECTED,,backbone,
3498700,70509325,CONNECTED,,backbone,
152422169,154051819,CONNECTED,,backbone,
152422169,139423451,CONNECTED,,backbone,
152196082,187051796,CONNECTED,,backbone,
918091,162071,CONNECTED,,backbone,
151838156,187254455,CONNECTED,,backbone,
150102889,130050268,CONNECTED,,backbone,
189896019,47140027,CONNECTED,,backbone,
179904930,655988,CONNECTED,,backbone,
179904930,173160040,CONNECTED,,backbone,
122913259,74687719,CONNECTED,,backbone,
122913259,90088180,CONNECTED,,backbone,
165960289,86526387,CONNECTED,,backbone,
182253548,56269485,CONNECTED,,backbone,
46930946,126133114,CONNECTED,,backbone,
57151372,187808995,CONNECTED,,backbone,
112306659,1895027,CONNECTED,,backbone,
112306659,164652331,CONNECTED,,backbone,
18061,95986236,CONNECTED,,backbone,
170941568,120682253,CONNECTED,,backbone,
180474075,16339411,CONNECTED,,backbone,
1621810,17460275,CONNECTED,,backbone,
1714684,1822368,CONNECTED,,backbone,
176640690,45367700,CONNECTED,,backbone,
176640690,152593300,CONNECTED,,backbone,
114286733,167682584,CONNECTED,,backbone,
1303629,5653990,CONNECTED,,backbone,
1303629,125557496,CONNECTED,,backbone,
67689715,153701433,CONNECTED,,backbone,
56853942,191778792,CONNECTED,,backbone,
56853942,103347472,CONNECTED,,backbone,
187705887,166967651,CONNECTED,,backbone,
119843079,67279879,CONNECTED,,backbone,
1400017,18332622,CONNECTED,,backbone,
966003,70080817,CONNECTED,,backbone,
44221280,133259904,CONNECTED,,backbone,
123504963,186106058,CONNECTED,,backbone,
141297526,61927836,CONNECTED,,backbone,
141297526,1135189,CONNECTED,,backbone,
12568329,140066029,CONNECTED,,backbone,
130583205,77012397,CONNECTED,,backbone,
1237572,142908985,CONNECTED,,backbone,
1237572,190993089,CONNECTED,,backbone,
76205667,86069801,CONNECTED,,backbone,
156001131,111070833,CONNECTED,,backbone,
97248183,1250663,CONNECTED,,backbone,
129663093,127781915,CONNECTED,,backbone,
129663093,41077540,CONNECTED,,backbone,
147765642,192425906,CONNECTED,,backbone,
81613354,73308072,CONNECTED,,backbone,
60139989,1762862,CONNECTED,,backbone,
623134,195473271,CONNECTED,,backbone,
191105198,64624,CONNECTED,,backbone,
42849781,1672202,CONNECTED,,backbone,
132426659,185962656,CONNECTED,,backbone,
132426659,180769152,CONNECTED,,backbone,
86664929,69591,CONNECTED,,backbone,
89823497,82050270,CONNECTED,,backbone,
89823497,99952546,CONNECTED,,backbone,
137779305,150648107,CONNECTED,,backbone,
137779305,136029358,CONNECTED,,backbone,
150105752,124673037,CONNECTED,,backbone,
150105752,1336106,CONNECTED,,backbone,
106574518,1862945,CONNECTED,,backbone,
1074558,707908,CONNECTED,,backbone,
94840389,45624111,CONNECTED,,backbone,
79541394,50464515,CONNECTED,,backbone,
137830456,129619291,CONNECTED,,backbone,
93334685,50602236,CONNECTED,,backbone,
78059509,1602048,CONNECTED,,backbone,
87472615,151837268,CONNECTED,,backbone,
87472615,195948015,CONNECTED,,backbone,
65298925,103785173,CONNECTED,,backbone,
135841360,111605810,CONNECTED,,backbone,
135841360,84663309,CONNECTED,,backbone,
196301811,119950244,CONNECTED,,backbone,
715328,138299401,CONNECTED,,backbone,
102400303,169412910,CONNECTED,,backbone,
1247755,95994994,CONNECTED,,backbone,
122006794,1877993,CONNECTED,,backbone,
134463169,1013232,CONNECTED,,backbone,
134463169,141594184,CONNECTED,,backbone,
191449221,1372385,CONNECTED,,backbone,
191449221,72703801,CONNECTED,,backbone,
92761161,1386932,CONNECTED,,backbone,
92761161,89592463,CONNECTED,,backbone,
99548296,134653775,CONNECTED,,backbone,
196296630,148624643,CONNECTED,,backbone,
196296630,44818617,CONNECTED,,backbone,
67911957,180770,CONNECTED,,backbone,
143880810,143305222,CONNECTED,,backbone,
10785474,137779813,CONNECTED,,backbone,
47275390,149579128,CONNECTED,,backbone,
47275390,183126852,CONNECTED,,backbone,
112667829,89896,CONNECTED,,backbone,
112667829,1624866,CONNECTED,,backbone,
112667829,124294549,CONNECTED,,backbone,
167780198,15344458,CONNECTED,,backbone,
167780198,7437826,CONNECTED,,backbone,
167780198,1032420,CONNECTED,,backbone,
107198116,103565153,CONNECTED,,backbone,
107198116,1014988,CONNECTED,,backbone,
107198116,139624736,CONNECTED,,backbone,
171944246,1017054,CONNECTED,,backbone,
171944246,43099960,CONNECTED,,backbone,
171944246,1633913,CONNECTED,,backbone,
167547250,8416012,CONNECTED,,backbone,
70216905,143746416,CONNECTED,,backbone,
126644106,127871749,CONNECTED,,backbone,
1158580,127568675,CONNECTED,,backbone,
1158580,1832438,CONNECTED,,backbone,
78123467,126133114,CONNECTED,,backbone,
78123467,60220956,CONNECTED,,backbone,
14502079,143520424,CONNECTED,,backbone,
87234547,11983453,CONNECTED,,backbone,
140550111,126696712,CONNECTED,,backbone,
140550111,70348875,CONNECTED,,backbone,
135870270,148106181,CONNECTED,,backbone,
193102511,972537,CONNECTED,,backbone,
193102511,86379496,CONNECTED,,backbone,
181733214,129760337,CONNECTED,,backbone,
962890,1623199,CONNECTED,,backbone,
962890,187667248,CONNECTED,,backbone,
1795113,53534273,CONNECTED,,backbone,
3186871,942366,CONNECTED,,backbone,
105544067,606505,CONNECTED,,backbone,
190642594,127556280,CONNECTED,,backbone,
190642594,1525486,CONNECTED,,backbone,
190642594,103891313,CONNECTED,,backbone,
190642594,1633593,CONNECTED,,backbone,
176012723,197985866,CONNECTED,,backbone,
120720277,166987731,CONNECTED,,backbone,
1997590,1683401,CONNECTED,,backbone,
1997590,196017259,CONNECTED,,backbone,
1997590,160573276,CONNECTED,,backbone,
154434365,146088355,CONNECTED,,backbone,
18927585,41079039,CONNECTED,,backbone,
18927585,18369137,CONNECTED,,backbone,
127726918,1669811,CONNECTED,,backbone,
116428733,197567896,CONNECTED,,backbone,
56163828,62363211,CONNECTED,,backbone,
56163828,131206071,CONNECTED,,backbone,
1308456,9183907,CONNECTED,,backbone,
131278958,130106491,CONNECTED,,backbone,
106535297,114398384,CONNECTED,,backbone,
7266453,136475907,CONNECTED,,backbone,
195369549,172285397,CONNECTED,,backbone,
164320802,197066961,CONNECTED,,backbone,
81866746,170895193,CONNECTED,,backbone,
74179870,134377749,CONNECTED,,backbone,
174277520,186861691,CONNECTED,,backbone,
188011016,701102,CONNECTED,,backbone,
188011016,54368211,CONNECTED,,backbone,
1654891,54256377,CONNECTED,,backbone,
1654891,103861470,CONNECTED,,backbone,
1654891,432761,CONNECTED,,backbone,
132614081,164779347,CONNECTED,,backbone,
132614081,960452,CONNECTED,,backbone,
13669962,121210693,CONNECTED,,backbone,
113625497,91415335,CONNECTED,,backbone,
113625497,79278154,CONNECTED,,backbone,
125152279,163621589,CONNECTED,,backbone,
147568439,152864626,CONNECTED,,backbone,
64973780,1886130,CONNECTED,,backbone,
1698632,105890037,CONNECTED,,backbone,
168564398,198109734,CONNECTED,,backbone,
807940,141487268,CONNECTED,,backbone,
807940,95644149,CONNECTED,,backbone,
159324495,18584640,CONNECTED,,backbone,
66477981,798269,CONNECTED,,backbone,
66477981,42879106,CONNECTED,,backbone,
192425906,1601352,CONNECTED,,backbone,
44805,99927826,CONNECTED,,backbone,
113041297,183294126,CONNECTED,,backbone,
64352108,119338481,CONNECTED,,backbone,
97212690,132844817,CONNECTED,,backbone,
97212690,177185328,CONNECTED,,backbone,
97212690,181481334,CONNECTED,,backbone,
591214,1792473,CONNECTED,,backbone,
591214,193724081,CONNECTED,,backbone,
591214,65567313,CONNECTED,,backbone,
1266822,119767551,CONNECTED,,backbone,
1266822,15474038,CONNECTED,,backbone,
1266822,89978632,CONNECTED,,backbone,
57221335,81235627,CONNECTED,,backbone,
105155163,1473850,CONNECTED,,backbone,
61004705,44389776,CONNECTED,,backbone,
61004705,42197189,CONNECTED,,backbone,
10516220,98303572,CONNECTED,,backbone,
10516220,182377814,CONNECTED,,backbone,
14682189,135377789,CONNECTED,,backbone,
144487408,161467601,CONNECTED,,backbone,
144487408,71654355,CONNECTED,,backbone,
182204976,88877679,CONNECTED,,backbone,
182204976,159532256,CONNECTED,,backbone,
119844069,107760339,CONNECTED,,backbone,
128628773,70053261,CONNECTED,,backbone,
122996168,138788332,CONNECTED,,backbone,
64947035,178819431,CONNECTED,,backbone,
185584321,132273209,CONNECTED,,backbone,
166937392,151303372,CONNECTED,,backbone,
166937392,787111,CONNECTED,,backbone,
156477506,115493998,CONNECTED,,backbone,
173245379,20299610,CONNECTED,,backbone,
50905306,93430778,CONNECTED,,backbone,
197421476,57594849,CONNECTED,,backbone,
197421476,179896914,CONNECTED,,backbone,
85053465,1433373,CONNECTED,,backbone,
85053465,918734,CONNECTED,,backbone,
136067712,18332622,CONNECTED,,backbone,
189545293,137050435,CONNECTED,,backbone,
189545293,102588548,CONNECTED,,backbone,
102533195,1508303,CONNECTED,,backbone,
357750,166919682,CONNECTED,,backbone,
105820229,86413707,CONNECTED,,backbone,
480283,134731649,CONNECTED,,backbone,
480283,188100745,CONNECTED,,backbone,
151403,1031393,CONNECTED,,backbone,
151403,87501936,CONNECTED,,backbone,
19754715,81585567,CONNECTED,,backbone,
19754715,58895542,CONNECTED,,backbone,
49827529,730992,CONNECTED,,backbone,
1189096,61720293,CONNECTED,,backbone,
32951490,90311257,CONNECTED,,backbone,
77596849,12842863,CONNECTED,,backbone,
77596849,175631607,CONNECTED,,backbone,
77596849,40210378,CONNECTED,,backbone,
139612626,122851728,CONNECTED,,backbone,
139612626,56867891,CONNECTED,,backbone,
139612626,141739052,CONNECTED,,backbone,
192429473,86259968,CONNECTED,,backbone,
170887325,118811288,CONNECTED,,backbone,
175045242,1092777,CONNECTED,,backbone,
123475607,44367905,CONNECTED,,backbone,
123475607,126209446,CONNECTED,,backbone,
92434761,150935651,CONNECTED,,backbone,
92434761,189339744,CONNECTED,,backbone,
92434761,10997505,CONNECTED,,backbone,
527710,165263699,CONNECTED,,backbone,
56712133,110220067,CONNECTED,,backbone,
18216616,109676823,CONNECTED,,backbone,
121108563,1264110,CONNECTED,,backbone,
121108563,184425544,CONNECTED,,backbone,
42773458,165704995,CONNECTED,,backbone,
109588872,151326998,CONNECTED,,backbone,
109588872,101480589,CONNECTED,,backbone,
62453444,8878200,CONNECTED,,backbone,
1615920,35106002,CONNECTED,,backbone,
1615920,10203630,CONNECTED,,backbone,
132971743,153593447,CONNECTED,,backbone,
159840258,153316694,CONNECTED,,backbone,
159840258,170749844,CONNECTED,,backbone,
1165795,140850244,CONNECTED,,backbone,
11289033,186709863,CONNECTED,,backbone,
11289033,13877667,CONNECTED,,backbone,
87342490,123751580,CONNECTED,,backbone,
92493311,49138686,CONNECTED,,backbone,
1138827,13378363,CONNECTED,,backbone,
123286534,44764037,CONNECTED,,backbone,
123286534,130307070,CONNECTED,,backbone,
10224170,119928397,CONNECTED,,backbone,
811766,1048219,CONNECTED,,backbone,
802756,79661212,CONNECTED,,backbone,
802756,1352644,CONNECTED,,backbone,
1120891,146773326,CONNECTED,,backbone,
1535470,171524630,CONNECTED,,backbone,
146724198,82561588,CONNECTED,,backbone,
102795203,104043971,CONNECTED,,backbone,
123412955,73888247,CONNECTED,,backbone,
123412955,129374909,CONNECTED,,backbone,
123412955,80009492,CONNECTED,,backbone,
44515430,114429051,CONNECTED,,backbone,
14451410,73306550,CONNECTED,,backbone,
192914943,145115260,CONNECTED,,backbone,
78358265,57155155,CONNECTED,,backbone,
78358265,12416608,CONNECTED,,backbone,
77826289,89823497,CONNECTED,,backbone,
77826289,143093328,CONNECTED,,backbone,
61521050,59222493,CONNECTED,,backbone,
61521050,166516818,CONNECTED,,backbone,
75721850,142912981,CONNECTED,,backbone,
708929,168578014,CONNECTED,,backbone,
155488359,97370190,CONNECTED,,backbone,
42297368,1517623,CONNECTED,,backbone,
128530772,59239891,CONNECTED,,backbone,
114822687,42619722,CONNECTED,,backbone,
1425394,174960704,CONNECTED,,backbone,
81021928,192598501,CONNECTED,,backbone,
193817173,78018203,CONNECTED,,backbone,
193817173,153776916,CONNECTED,,backbone,
869939,126668901,CONNECTED,,backbone,
869939,128479727,CONNECTED,,backbone,
189449049,131843453,CONNECTED,,backbone,
189449049,109529168,CONNECTED,,backbone,
1177225,118876184,CONNECTED,,backbone,
53277047,169767422,CONNECTED,,backbone,
53277047,128198126,CONNECTED,,backbone,
108519522,122498229,CONNECTED,,backbone,
91857686,86927768,CONNECTED,,backbone,
91857686,187263628,CONNECTED,,backbone,
69007304,176602127,CONNECTED,,backbone,
1209281,62115972,CONNECTED,,backbone,
1209281,185537558,CONNECTED,,backbone,
135870571,100535946,CONNECTED,,backbone,
11702606,75448204,CONNECTED,,backbone,
142233538,190961747,CONNECTED,,backbone,
72223267,185361676,CONNECTED,,backbone,
110494387,94889968,CONNECTED,,backbone,
64617792,79522303,CONNECTED,,backbone,
64617792,162109018,CONNECTED,,backbone,
112885306,100346084,CONNECTED,,backbone,
8687069,172586247,CONNECTED,,backbone,
8687069,7163591,CONNECTED,,backbone,
174224198,160648485,CONNECTED,,backbone,
161141470,154880461,CONNECTED,,backbone,
4353507,111724804,CONNECTED,,backbone,
105861866,10503637,CONNECTED,,backbone,
190601922,65982200,CONNECTED,,backbone,
190601922,182968733,CONNECTED,,backbone,
519411,80414004,CONNECTED,,backbone,
519411,67701775,CONNECTED,,backbone,
1515646,18213,CONNECTED,,backbone,
10954102,166180284,CONNECTED,,backbone,
132058625,140288375,CONNECTED,,backbone,
4218310,170933993,CONNECTED,,backbone,
4218310,58094935,CONNECTED,,backbone,
67269920,54372706,CONNECTED,,backbone,
67269920,1108375,CONNECTED,,backbone,
67269920,182718103,CONNECTED,,backbone,
62179397,1749656,CONNECTED,,backbone,
62179397,73291731,CONNECTED,,backbone,
116976592,57068247,CONNECTED,,backbone,
116976592,128467102,CONNECTED,,backbone,
116976592,116918984,CONNECTED,,backbone,
5381169,114674486,CONNECTED,,backbone,
26928087,87240333,CONNECTED,,backbone,
26928087,79495945,CONNECTED,,backbone,
1839702,15724228,CONNECTED,,backbone,
1440390,1461546,CONNECTED,,backbone,
188404759,99625290,CONNECTED,,backbone,
95685309,133934393,CONNECTED,,backbone,
1213405,121189195,CONNECTED,,backbone,
158661076,164575198,CONNECTED,,backbone,
182950188,154543092,CONNECTED,,backbone,
13560845,20307626,CONNECTED,,backbone,
162297201,108131808,CONNECTED,,backbone,
1447772,55206649,CONNECTED,,backbone,
85875904,1736655,CONNECTED,,backbone,
96345273,197331635,CONNECTED,,backbone,
127003037,142370947,CONNECTED,,backbone,
96037306,5586499,CONNECTED,,backbone,
41905605,118413031,CONNECTED,,backbone,
1388851,76784743,CONNECTED,,backbone,
173244703,139136902,CONNECTED,,backbone,
173244703,124129935,CONNECTED,,backbone,
19103563,13448841,CONNECTED,,backbone,
171154632,138690169,CONNECTED,,backbone,
171154632,186275996,CONNECTED,,backbone,
126810714,144768834,CONNECTED,,backbone,
185320827,160132723,CONNECTED,,backbone,
106897481,8179532,CONNECTED,,backbone,
106897481,124326440,CONNECTED,,backbone,
87456691,74181898,CONNECTED,,backbone,
122934124,16825393,CONNECTED,,backbone,
67452596,166767156,CONNECTED,,backbone,
154051819,131349596,CONNECTED,,backbone,
154051819,150666325,CONNECTED,,backbone,
142443970,126644015,CONNECTED,,backbone,
1834813,145085374,CONNECTED,,backbone,
1838017,112995837,CONNECTED,,backbone,
975879,76942818,CONNECTED,,backbone,
422721,109303431,CONNECTED,,backbone,
70715083,88048342,CONNECTED,,backbone,
93294630,852553,CONNECTED,,backbone,
42410849,158722289,CONNECTED,,backbone,
106904034,167520172,CONNECTED,,backbone,
6939849,82639592,CONNECTED,,backbone,
151025736,18777861,CONNECTED,,backbone,
91941009,159057402,CONNECTED,,backbone,
91941009,14025243,CONNECTED,,backbone,
192559952,112259773,CONNECTED,,backbone,
192559952,166396265,CONNECTED,,backbone,
192559952,87497435,CONNECTED,,backbone,
115673507,184781135,CONNECTED,,backbone,
128840768,1728516,CONNECTED,,backbone,
93902571,489027,CONNECTED,,backbone,
893791,178593457,CONNECTED,,backbone,
893791,180797519,CONNECTED,,backbone,
94795877,114269450,CONNECTED,,backbone,
917969,154394117,CONNECTED,,backbone,
917969,176514232,CONNECTED,,backbone,
500483,79628222,CONNECTED,,backbone,
500483,186938988,CONNECTED,,backbone,
174958282,1738333,CONNECTED,,backbone,
174958282,85551650,CONNECTED,,backbone,
124148847,169928061,CONNECTED,,backbone,
124148847,136617476,CONNECTED,,backbone,
140654027,179830652,CONNECTED,,backbone,
170575759,152283143,CONNECTED,,backbone,
170575759,171320645,CONNECTED,,backbone,
134514188,196209345,CONNECTED,,backbone,
134514188,119455412,CONNECTED,,backbone,
90413321,145470857,CONNECTED,,backbone,
90413321,19649551,CONNECTED,,backbone,
19697017,89760333,CONNECTED,,backbone,
107162415,85692708,CONNECTED,,backbone,
65394506,56896161,CONNECTED,,backbone,
169275096,86210842,CONNECTED,,backbone,
48882852,69849619,CONNECTED,,backbone,
1779004,101134584,CONNECTED,,backbone,
641767,184042562,CONNECTED,,backbone,
63634487,1504759,CONNECTED,,backbone,
63634487,131265745,CONNECTED,,backbone,
18221659,75059146,CONNECTED,,backbone,
124529763,162646412,CONNECTED,,backbone,
124599744,153972397,CONNECTED,,backbone,
124599744,112488699,CONNECTED,,backbone,
1047201,5033980,CONNECTED,,backbone,
1047201,129186165,CONNECTED,,backbone,
590455,1964831,CONNECTED,,backbone,
185746550,90088180,CONNECTED,,backbone,
185746550,134032021,CONNECTED,,backbone,
1637950,981154,CONNECTED,,backbone,
134066237,1190376,CONNECTED,,backbone,
857042,126051560,CONNECTED,,backbone,
857042,56163880,CONNECTED,,backbone,
1364567,186919910,CONNECTED,,backbone,
1364567,177937599,CONNECTED,,backbone,
81809430,702218,CONNECTED,,backbone,
103736441,172390991,CONNECTED,,backbone,
1966350,1481060,CONNECTED,,backbone,
79993437,66458788,CONNECTED,,backbone,
143233,182159344,CONNECTED,,backbone,
834133,51515553,CONNECTED,,backbone,
834133,166464059,CONNECTED,,backbone,
834133,72645201,CONNECTED,,backbone,
86491249,145726084,CONNECTED,,backbone,
7390008,60142877,CONNECTED,,backbone,
7390008,1019167,CONNECTED,,backbone,
129198437,106542368,CONNECTED,,backbone,
196630237,182037236,CONNECTED,,backbone,
167221,127517589,CONNECTED,,backbone,
167221,167934732,CONNECTED,,backbone,
1261216,11932074,CONNECTED,,backbone,
1261216,44295586,CONNECTED,,backbone,
49593230,130195612,CONNECTED,,backbone,
63916674,56497174,CONNECTED,,backbone,
63916674,165056313,CONNECTED,,backbone,
116656818,188414068,CONNECTED,,backbone,
104351023,65770475,CONNECTED,,backbone,
161102201,148478233,CONNECTED,,backbone,
1865835,124996657,CONNECTED,,backbone,
1865835,79564373,CONNECTED,,backbone,
72645185,165651951,CONNECTED,,backbone,
8932,133604725,CONNECTED,,backbone,
131682228,60578099,CONNECTED,,backbone,
124965358,153517363,CONNECTED,,backbone,
189829348,479382,CONNECTED,,backbone,
189829348,181141164,CONNECTED,,backbone,
74197377,158891396,CONNECTED,,backbone,
74197377,163345525,CONNECTED,,backbone,
1683310,1973651,CONNECTED,,backbone,
105250150,78359440,CONNECTED,,backbone,
149523708,185818673,CONNECTED,,backbone,
164226714,77801786,CONNECTED,,backbone,
197325919,173184886,CONNECTED,,backbone,
197325919,48417447,CONNECTED,,backbone,
155838607,146461131,CONNECTED,,backbone,
144541854,187707237,CONNECTED,,backbone,
86951577,199212468,CONNECTED,,backbone,
172707680,149894907,CONNECTED,,backbone,
135411,81267837,CONNECTED,,backbone,
41944252,874864,CONNECTED,,backbone,
41944252,529699,CONNECTED,,backbone,
41944252,48417447,CONNECTED,,backbone,
41944252,75094069,CONNECTED,,backbone,
175955012,119446611,CONNECTED,,backbone,
163282437,136275211,CONNECTED,,backbone,
163282437,191594075,CONNECTED,,backbone,
779343,115862790,CONNECTED,,backbone,
153006132,142440056,CONNECTED,,backbone,
147764541,52504,CONNECTED,,backbone,
140917326,117552759,CONNECTED,,backbone,
85995657,57129624,CONNECTED,,backbone,
175923690,183927554,CONNECTED,,backbone,
175923690,148420447,CONNECTED,,backbone,
185393506,109432385,CONNECTED,,backbone,
185393506,4680699,CONNECTED,,backbone,
185393506,152205128,CONNECTED,,backbone,
83583147,130238196,CONNECTED,,backbone,
83583147,1623369,CONNECTED,,backbone,
146023254,176248849,CONNECTED,,backbone,
57801040,186670638,CONNECTED,,backbone,
57801040,157870273,CONNECTED,,backbone,
499445,150128268,CONNECTED,,backbone,
499445,1885206,CONNECTED,,backbone,
121687393,106204081,CONNECTED,,backbone,
89847,19028832,CONNECTED,,backbone,
89847,170483527,CONNECTED,,backbone,
1221555,182215062,CONNECTED,,backbone,
175731649,79412465,CONNECTED,,backbone,
175731649,88433479,CONNECTED,,backbone,
175731649,175493521,CONNECTED,,backbone,
4915631,130290015,CONNECTED,,backbone,
1475984,137564271,CONNECTED,,backbone,
105129067,149693528,CONNECTED,,backbone,
96080623,53187292,CONNECTED,,backbone,
96080623,194969256,CONNECTED,,backbone,
137120084,75179789,CONNECTED,,backbone,
94869970,179752868,CONNECTED,,backbone,
49261517,1470998,CONNECTED,,backbone,
49261517,69072515,CONNECTED,,backbone,
111469219,15065,CONNECTED,,backbone,
191019135,147030765,CONNECTED,,backbone,
117123836,50244031,CONNECTED,,backbone,
47836688,147155562,CONNECTED,,backbone,
47836688,163204614,CONNECTED,,backbone,
170795698,188381285,CONNECTED,,backbone,
170795698,78880940,CONNECTED,,backbone,
165538931,64433450,CONNECTED,,backbone,
186864072,45213348,CONNECTED,,backbone,
186864072,106350496,CONNECTED,,backbone,
146754086,1973448,CONNECTED,,backbone,
178450709,118199200,CONNECTED,,backbone,
56939659,1070508,CONNECTED,,backbone,
138970992,1137286,CONNECTED,,backbone,
138970992,65419121,CONNECTED,,backbone,
152283232,1055457,CONNECTED,,backbone,
152283232,51235224,CONNECTED,,backbone,
158563036,1233937,CONNECTED,,backbone,
154867072,113505023,CONNECTED,,backbone,
154867072,177050184,CONNECTED,,backbone,
185301127,76274360,CONNECTED,,backbone,
1352644,151292558,CONNECTED,,backbone,
1352644,93479047,CONNECTED,,backbone,
123823735,175753027,CONNECTED,,backbone,
123823735,166344728,CONNECTED,,backbone,
123823735,93294630,CONNECTED,,backbone,
1313220,182443412,CONNECTED,,backbone,
43937762,90138823,CONNECTED,,backbone,
91969756,71044904,CONNECTED,,backbone,
91969756,93263962,CONNECTED,,backbone,
4874491,874864,CONNECTED,,backbone,
12231662,1787509,CONNECTED,,backbone,
12231662,350225,CONNECTED,,backbone,
140282339,61156236,CONNECTED,,backbone,
140282339,169066495,CONNECTED,,backbone,
137849690,119455412,CONNECTED,,backbone,
137849690,162356220,CONNECTED,,backbone,
131625736,55434078,CONNECTED,,backbone,
4896551,178295772,CONNECTED,,backbone,
501198,140936978,CONNECTED,,backbone,
187037852,91453,CONNECTED,,backbone,
183269675,105076421,CONNECTED,,backbone,
183269675,103744321,CONNECTED,,backbone,
133047454,120395320,CONNECTED,,backbone,
15069566,155724838,CONNECTED,,backbone,
99092358,43558448,CONNECTED,,backbone,
51912779,1795128,CONNECTED,,backbone,
59934503,159727399,CONNECTED,,backbone,
59934503,105544845,CONNECTED,,backbone,
1530725,115669686,CONNECTED,,backbone,
1530725,34735,CONNECTED,,backbone,
119525632,149859718,CONNECTED,,backbone,
119525632,170071019,CONNECTED,,backbone,
53087230,179359863,CONNECTED,,backbone,
53087230,75292706,CONNECTED,,backbone,
53087230,84374849,CONNECTED,,backbone,
165118426,159720104,CONNECTED,,backbone,
142787113,1119446,CONNECTED,,backbone,
142787113,26844807,CONNECTED,,backbone,
1642096,64433450,CONNECTED,,backbone,
164159965,158502080,CONNECTED,,backbone,
154390747,170744235,CONNECTED,,backbone,
154390747,171686508,CONNECTED,,backbone,
137039148,116358034,CONNECTED,,backbone,
193567960,75099381,CONNECTED,,backbone,
106498634,93297153,CONNECTED,,backbone,
43607577,1267807,CONNECTED,,backbone,
140727817,16010187,CONNECTED,,backbone,
140727817,121975398,CONNECTED,,backbone,
128199991,788368,CONNECTED,,backbone,
15293542,15811971,CONNECTED,,backbone,
124104219,111749186,CONNECTED,,backbone,
70373969,46400199,CONNECTED,,backbone,
70373969,134514499,CONNECTED,,backbone,
159757903,63176212,CONNECTED,,backbone,
66904144,192158193,CONNECTED,,backbone,
54341813,90348417,CONNECTED,,backbone,
31857615,178295772,CONNECTED,,backbone,
60208477,958460,CONNECTED,,backbone,
11620416,93247728,CONNECTED,,backbone,
170846623,95965869,CONNECTED,,backbone,
170846623,100776105,CONNECTED,,backbone,
53499116,132441898,CONNECTED,,backbone,
53499116,86995091,CONNECTED,,backbone,
1301866,9031797,CONNECTED,,backbone,
1301866,44316312,CONNECTED,,backbone,
135965243,154841986,CONNECTED,,backbone,
80003386,118399666,CONNECTED,,backbone,
80003386,130533149,CONNECTED,,backbone,
65542993,143842771,CONNECTED,,backbone,
172250760,115543213,CONNECTED,,backbone,
172250760,167036843,CONNECTED,,backbone,
594238,12666155,CONNECTED,,backbone,
72086194,163636930,CONNECTED,,backbone,
132610113,110430699,CONNECTED,,backbone,
1337064,1350207,CONNECTED,,backbone,
178389595,1790587,CONNECTED,,backbone,
178389595,112526969,CONNECTED,,backbone,
157302465,165920456,CONNECTED,,backbone,
80228522,1545782,CONNECTED,,backbone,
125557496,178128939,CONNECTED,,backbone,
125557496,140129768,CONNECTED,,backbone,
113130915,1941355,CONNECTED,,backbone,
55432034,1178348,CONNECTED,,backbone,
63334823,1067650,CONNECTED,,backbone,
63334823,192209766,CONNECTED,,backbone,
63334823,164262869,CONNECTED,,backbone,
143884139,144812069,CONNECTED,,backbone,
7943209,123649313,CONNECTED,,backbone,
100528938,113025016,CONNECTED,,backbone,
114846790,142069236,CONNECTED,,backbone,
1494984,53834751,CONNECTED,,backbone,
99793216,1829666,CONNECTED,,backbone,
99793216,56609764,CONNECTED,,backbone,
18407381,172251596,CONNECTED,,backbone,
18407381,624252,CONNECTED,,backbone,
11580364,179554897,CONNECTED,,backbone,
93651202,1238469,CONNECTED,,backbone,
93651202,52082784,CONNECTED,,backbone,
93651202,166340528,CONNECTED,,backbone,
142929134,48385464,CONNECTED,,backbone,
142929134,176235096,CONNECTED,,backbone,
142929134,49164302,CONNECTED,,backbone,
86448326,65734814,CONNECTED,,backbone,
143752242,1066389,CONNECTED,,backbone,
83362260,884325,CONNECTED,,backbone,
185049528,129176,CONNECTED,,backbone,
156139294,166357489,CONNECTED,,backbone,
156139294,960452,CONNECTED,,backbone,
1556829,57416397,CONNECTED,,backbone,
1556829,59424042,CONNECTED,,backbone,
180479517,1768308,CONNECTED,,backbone,
60805966,64649554,CONNECTED,,backbone,
62905875,1250618,CONNECTED,,backbone,
53104442,141736603,CONNECTED,,backbone,
976318,73789021,CONNECTED,,backbone,
73186343,45938812,CONNECTED,,backbone,
164667600,70509325,CONNECTED,,backbone,
66004017,146703357,CONNECTED,,backbone,
112254123,751014,CONNECTED,,backbone,
112254123,1109851,CONNECTED,,backbone,
112254123,84055483,CONNECTED,,backbone,
95650810,163851622,CONNECTED,,backbone,
95650810,147749924,CONNECTED,,backbone,
87684322,182362914,CONNECTED,,backbone,
87684322,1129992,CONNECTED,,backbone,
128338241,1420827,CONNECTED,,backbone,
1623369,175372327,CONNECTED,,backbone,
127580037,197483146,CONNECTED,,backbone,
75045603,6698132,CONNECTED,,backbone,
75045603,1583032,CONNECTED,,backbone,
180860648,171485258,CONNECTED,,backbone,
65615053,194427714,CONNECTED,,backbone,
65615053,1403278,CONNECTED,,backbone,
121843182,1670843,CONNECTED,,backbone,
53915067,81166085,CONNECTED,,backbone,
136048015,81924225,CONNECTED,,backbone,
132524269,137235837,CONNECTED,,backbone,
1832258,156023557,CONNECTED,,backbone,
165651951,176324361,CONNECTED,,backbone,
165651951,167381171,CONNECTED,,backbone,
175834138,1434983,CONNECTED,,backbone,
99323871,132817713,CONNECTED,,backbone,
658094,47109030,CONNECTED,,backbone,
658094,1654891,CONNECTED,,backbone,
7603068,107460954,CONNECTED,,backbone,
1840568,170724084,CONNECTED,,backbone,
63431709,126545,CONNECTED,,backbone,
63431709,116974866,CONNECTED,,backbone,
1104623,1065764,CONNECTED,,backbone,
1669388,186049356,CONNECTED,,backbone,
100457638,139095606,CONNECTED,,backbone,
1404056,46181694,CONNECTED,,backbone,
189674520,48169659,CONNECTED,,backbone,
189674520,141330163,CONNECTED,,backbone,
42795668,157827395,CONNECTED,,backbone,
135331548,118418975,CONNECTED,,backbone,
135331548,60654709,CONNECTED,,backbone,
143018877,776040,CONNECTED,,backbone,
9255403,172104436,CONNECTED,,backbone,
9612296,1643885,CONNECTED,,backbone,
48105607,81658,CONNECTED,,backbone,
70752085,876948,CONNECTED,,backbone,
69879579,180741213,CONNECTED,,backbone,
20415132,1335557,CONNECTED,,backbone,
68403530,137910467,CONNECTED,,backbone,
121529162,88695329,CONNECTED,,backbone,
129556593,194153365,CONNECTED,,backbone,
129556593,67023742,CONNECTED,,backbone,
110920735,15336085,CONNECTED,,backbone,
60219988,47273069,CONNECTED,,backbone,
7039319,4191386,CONNECTED,,backbone,
162181007,78530930,CONNECTED,,backbone,
162181007,1330230,CONNECTED,,backbone,
62876512,1127151,CONNECTED,,backbone,
85840116,93334685,CONNECTED,,backbone,
153157125,127378160,CONNECTED,,backbone,
189450988,62807,CONNECTED,,backbone,
136131737,100528938,CONNECTED,,backbone,
136131737,16860495,CONNECTED,,backbone,
136131737,133030352,CONNECTED,,backbone,
1755408,1518385,CONNECTED,,backbone,
184054197,70900942,CONNECTED,,backbone,
68916250,148305414,CONNECTED,,backbone,
68916250,1961753,CONNECTED,,backbone,
1274724,1339728,CONNECTED,,backbone,
1274724,173834365,CONNECTED,,backbone,
13625273,56943157,CONNECTED,,backbone,
134563113,4245955,CONNECTED,,backbone,
134563113,89536114,CONNECTED,,backbone,
47135621,78696433,CONNECTED,,backbone,
124446233,152987150,CONNECTED,,backbone,
138654861,187754218,CONNECTED,,backbone,
88034680,69127920,CONNECTED,,backbone,
88034680,43888196,CONNECTED,,backbone,
112491750,1200711,CONNECTED,,backbone,
121035804,49853420,CONNECTED,,backbone,
121035804,11797992,CONNECTED,,backbone,
157163064,118638358,CONNECTED,,backbone,
183294761,1335623,CONNECTED,,backbone,
784696,44733683,CONNECTED,,backbone,
1389611,11560242,CONNECTED,,backbone,
1389611,115216202,CONNECTED,,backbone,
184674005,15848513,CONNECTED,,backbone,
63976491,113797363,CONNECTED,,backbone,
63976491,1934546,CONNECTED,,backbone,
63976491,128324392,CONNECTED,,backbone,
149959880,1433373,CONNECTED,,backbone,
99071641,133520885,CONNECTED,,backbone,
5831484,146495667,CONNECTED,,backbone,
1574708,144079693,CONNECTED,,backbone,
4238484,112219084,CONNECTED,,backbone,
77430970,196157444,CONNECTED,,backbone,
142084967,174685351,CONNECTED,,backbone,
142084967,118257115,CONNECTED,,backbone,
125125744,1675712,CONNECTED,,backbone,
181509,144764339,CONNECTED,,backbone,
70452701,7471995,CONNECTED,,backbone,
5573806,178513814,CONNECTED,,backbone,
121705699,140747222,CONNECTED,,backbone,
88809099,73056940,CONNECTED,,backbone,
106943055,181905999,CONNECTED,,backbone,
125559915,199138142,CONNECTED,,backbone,
186916587,134650132,CONNECTED,,backbone,
128877395,1198478,CONNECTED,,backbone,
128877395,152191982,CONNECTED,,backbone,
104502155,73986851,CONNECTED,,backbone,
105091156,173662747,CONNECTED,,backbone,
163962982,80413163,CONNECTED,,backbone,
107460954,478529,CONNECTED,,backbone,
180519522,45938812,CONNECTED,,backbone,
1388794,169212631,CONNECTED,,backbone,
162456091,1776679,CONNECTED,,backbone,
57186804,82745889,CONNECTED,,backbone,
796598,798234,CONNECTED,,backbone,
796598,60501599,CONNECTED,,backbone,
153333371,118943884,CONNECTED,,backbone,
1658702,111983005,CONNECTED,,backbone,
66039563,101005255,CONNECTED,,backbone,
66039563,48674064,CONNECTED,,backbone,
119965711,1747091,CONNECTED,,backbone,
177277356,199908262,CONNECTED,,backbone,
103027249,1204396,CONNECTED,,backbone,
1842996,122514895,CONNECTED,,backbone,
1842996,731506,CONNECTED,,backbone,
49228524,1104795,CONNECTED,,backbone,
49228524,93940777,CONNECTED,,backbone,
1790376,49782791,CONNECTED,,backbone,
56888304,142114035,CONNECTED,,backbone,
56888304,70851108,CONNECTED,,backbone,
179352626,159366299,CONNECTED,,backbone,
132518960,1433373,CONNECTED,,backbone,
99179667,80663656,CONNECTED,,backbone,
175918249,1883767,CONNECTED,,backbone,
153357268,75067217,CONNECTED,,backbone,
153357268,128128949,CONNECTED,,backbone,
76932304,40195976,CONNECTED,,backbone,
76932304,43845370,CONNECTED,,backbone,
76932304,64473024,CONNECTED,,backbone,
62339041,59688879,CONNECTED,,backbone,
62339041,1672105,CONNECTED,,backbone,
110220067,141105348,CONNECTED,,backbone,
85471559,102410901,CONNECTED,,backbone,
122021998,194034900,CONNECTED,,backbone,
122021998,1198855,CONNECTED,,backbone,
159847950,109256406,CONNECTED,,backbone,
69905744,47200886,CONNECTED,,backbone,
69905744,1835359,CONNECTED,,backbone,
69905744,1347541,CONNECTED,,backbone,
16797451,129835623,CONNECTED,,backbone,
101564708,152449883,CONNECTED,,backbone,
101564708,12666155,CONNECTED,,backbone,
458804,129814300,CONNECTED,,backbone,
458804,136986678,CONNECTED,,backbone,
116411795,103170538,CONNECTED,,backbone,
1319972,80663656,CONNECTED,,backbone,
144190002,73683601,CONNECTED,,backbone,
144190002,45323583,CONNECTED,,backbone,
71010545,944748,CONNECTED,,backbone,
46796695,177370537,CONNECTED,,backbone,
1886130,1798495,CONNECTED,,backbone,
1886130,68458093,CONNECTED,,backbone,
63846609,77189735,CONNECTED,,backbone,
83063150,42801205,CONNECTED,,backbone,
1704086,181260287,CONNECTED,,backbone,
129142594,123337278,CONNECTED,,backbone,
76812356,155621251,CONNECTED,,backbone,
76812356,70235141,CONNECTED,,backbone,
170573106,74014014,CONNECTED,,backbone,
170573106,1150401,CONNECTED,,backbone,
96515719,1505361,CONNECTED,,backbone,
167386916,172348234,CONNECTED,,backbone,
167386916,1418282,CONNECTED,,backbone,
179812114,70017212,CONNECTED,,backbone,
179812114,88461440,CONNECTED,,backbone,
10173674,18221659,CONNECTED,,backbone,
10173674,41698988,CONNECTED,,backbone,
766099,95156343,CONNECTED,,backbone,
126328442,183947944,CONNECTED,,backbone,
126328442,81503496,CONNECTED,,backbone,
168815517,171908824,CONNECTED,,backbone,
72893344,58291155,CONNECTED,,backbone,
1528888,151561007,CONNECTED,,backbone,
1528888,1624488,CONNECTED,,backbone,
120037303,43681904,CONNECTED,,backbone,
1067650,73846436,CONNECTED,,backbone,
131378291,92355287,CONNECTED,,backbone,
68015466,91027357,CONNECTED,,backbone,
68015466,166987731,CONNECTED,,backbone,
68015466,137779813,CONNECTED,,backbone,
183541217,61929715,CONNECTED,,backbone,
1496063,180363495,CONNECTED,,backbone,
1496063,1435821,CONNECTED,,backbone,
82903340,54456300,CONNECTED,,backbone,
73319066,127532648,CONNECTED,,backbone,
52772016,189685920,CONNECTED,,backbone,
197314292,85885736,CONNECTED,,backbone,
1907147,105924767,CONNECTED,,backbone,
1907147,80378,CONNECTED,,backbone,
1652145,10894754,CONNECTED,,backbone,
1799166,7733,CONNECTED,,backbone,
59690861,72597648,CONNECTED,,backbone,
1877993,114336631,CONNECTED,,backbone,
108570876,72944840,CONNECTED,,backbone,
108570876,53194852,CONNECTED,,backbone,
164399220,150437473,CONNECTED,,backbone,
738816,107583443,CONNECTED,,backbone,
95773488,61976861,CONNECTED,,backbone,
167909476,8819315,CONNECTED,,backbone,
74038409,99886495,CONNECTED,,backbone,
74038409,167336463,CONNECTED,,backbone,
132504108,173210448,CONNECTED,,backbone,
65280512,15360,CONNECTED,,backbone,
162932588,149809,CONNECTED,,backbone,
1285886,151710409,CONNECTED,,backbone,
1285886,55394668,CONNECTED,,backbone,
77868986,147465843,CONNECTED,,backbone,
135539075,47990770,CONNECTED,,backbone,
5550997,1273344,CONNECTED,,backbone,
5550997,1768157,CONNECTED,,backbone,
170737752,1488243,CONNECTED,,backbone,
170737752,1658702,CONNECTED,,backbone,
104938702,174765808,CONNECTED,,backbone,
146374813,62441643,CONNECTED,,backbone,
63931940,1308673,CONNECTED,,backbone,
1803599,96576934,CONNECTED,,backbone,
91852078,85459449,CONNECTED,,backbone,
83683624,130651459,CONNECTED,,backbone,
83683624,581059,CONNECTED,,backbone,
194642508,53934664,CONNECTED,,backbone,
146489117,79278154,CONNECTED,,backbone,
1049591,190451658,CONNECTED,,backbone,
166127394,140756328,CONNECTED,,backbone,
191983472,110120762,CONNECTED,,backbone,
149650158,83496275,CONNECTED,,backbone,
149650158,873144,CONNECTED,,backbone,
149650158,179292689,CONNECTED,,backbone,
170331557,171845115,CONNECTED,,backbone,
170331557,118868845,CONNECTED,,backbone,
195612941,90015624,CONNECTED,,backbone,
66714228,1292010,CONNECTED,,backbone,
66714228,1803004,CONNECTED,,backbone,
62098058,156438626,CONNECTED,,backbone,
62098058,53987145,CONNECTED,,backbone,
54123921,156668368,CONNECTED,,backbone,
89240386,124573606,CONNECTED,,backbone,
1707855,1979098,CONNECTED,,backbone,
148405726,131832455,CONNECTED,,backbone,
14598377,171013296,CONNECTED,,backbone,
74914699,119031911,CONNECTED,,backbone,
117362516,182914,CONNECTED,,backbone,
5929438,158444648,CONNECTED,,backbone,
111037662,1317138,CONNECTED,,backbone,
192505202,73879566,CONNECTED,,backbone,
1702255,140078839,CONNECTED,,backbone,
197943288,160938234,CONNECTED,,backbone,
62763495,1991323,CONNECTED,,backbone,
13474293,196778534,CONNECTED,,backbone,
13474293,161915937,CONNECTED,,backbone,
162596746,957709,CONNECTED,,backbone,
735213,89246400,CONNECTED,,backbone,
1795128,1140121,CONNECTED,,backbone,
1795128,54230,CONNECTED,,backbone,
189855170,97228288,CONNECTED,,backbone,
53494806,184197110,CONNECTED,,backbone,
59193643,93089534,CONNECTED,,backbone,
22159851,898400,CONNECTED,,backbone,
22159851,1037548,CONNECTED,,backbone,
145035204,138944352,CONNECTED,,backbone,
45386548,43621478,CONNECTED,,backbone,
8070541,70734974,CONNECTED,,backbone,
8070541,19637360,CONNECTED,,backbone,
8070541,192989402,CONNECTED,,backbone,
55981335,109004958,CONNECTED,,backbone,
55981335,112257438,CONNECTED,,backbone,
166649532,11294963,CONNECTED,,backbone,
96003469,92371911,CONNECTED,,backbone,
96003469,120185813,CONNECTED,,backbone,
148114777,74867090,CONNECTED,,backbone,
148114777,1563309,CONNECTED,,backbone,
182334218,1726852,CONNECTED,,backbone,
175291250,158401763,CONNECTED,,backbone,
175291250,79013842,CONNECTED,,backbone,
61351190,130306483,CONNECTED,,backbone,
106147097,167381171,CONNECTED,,backbone,
106147097,1660313,CONNECTED,,backbone,
106147097,187414062,CONNECTED,,backbone,
112002903,128015286,CONNECTED,,backbone,
197745034,618858,CONNECTED,,backbone,
197745034,1608790,CONNECTED,,backbone,
1489768,147030765,CONNECTED,,backbone,
109454837,47522976,CONNECTED,,backbone,
78017234,95562135,CONNECTED,,backbone,
78017234,99827932,CONNECTED,,backbone,
96601881,199426820,CONNECTED,,backbone,
96601881,34736028,CONNECTED,,backbone,
99827932,152892025,CONNECTED,,backbone,
128481454,1989789,CONNECTED,,backbone,
63719780,49168240,CONNECTED,,backbone,
98457571,888674,CONNECTED,,backbone,
98457571,1318756,CONNECTED,,backbone,
818942,164918331,CONNECTED,,backbone,
818942,627532,CONNECTED,,backbone,
818942,163707194,CONNECTED,,backbone,
818942,185124254,CONNECTED,,backbone,
83767498,86398836,CONNECTED,,backbone,
83767498,78532972,CONNECTED,,backbone,
34615288,75275911,CONNECTED,,backbone,
34615288,1845563,CONNECTED,,backbone,
47008934,196478341,CONNECTED,,backbone,
45961,92697362,CONNECTED,,backbone,
58375979,93237569,CONNECTED,,backbone,
58375979,135399634,CONNECTED,,backbone,
58375979,787865,CONNECTED,,backbone,
162485741,1336000,CONNECTED,,backbone,
162485741,1946477,CONNECTED,,backbone,
83571468,62436019,CONNECTED,,backbone,
7543424,120622050,CONNECTED,,backbone,
7543424,190587530,CONNECTED,,backbone,
120116711,166143935,CONNECTED,,backbone,
1934385,42879106,CONNECTED,,backbone,
1934385,160476986,CONNECTED,,backbone,
198413126,4378088,CONNECTED,,backbone,
941362,147313333,CONNECTED,,backbone,
941362,85617161,CONNECTED,,backbone,
47101121,165197799,CONNECTED,,backbone,
47101121,138871762,CONNECTED,,backbone,
198907204,72719026,CONNECTED,,backbone,
139369883,132890862,CONNECTED,,backbone,
103226,121625124,CONNECTED,,backbone,
773209,583256,CONNECTED,,backbone,
125754218,81633647,CONNECTED,,backbone,
17726327,166455787,CONNECTED,,backbone,
17726327,181504616,CONNECTED,,backbone,
17726327,109540278,CONNECTED,,backbone,
84628461,525079,CONNECTED,,backbone,
84628461,583119,CONNECTED,,backbone,
84628461,162543297,CONNECTED,,backbone,
146971687,78035539,CONNECTED,,backbone,
146971687,1335557,CONNECTED,,backbone,
146971687,121105281,CONNECTED,,backbone,
172575411,116908151,CONNECTED,,backbone,
182376773,1992993,CONNECTED,,backbone,
184429847,1052140,CONNECTED,,backbone,
184429847,199752,CONNECTED,,backbone,
184429847,117502089,CONNECTED,,backbone,
47976764,166403172,CONNECTED,,backbone,
130238840,79552328,CONNECTED,,backbone,
978159,153429026,CONNECTED,,backbone,
111742403,1740330,CONNECTED,,backbone,
202989,141403791,CONNECTED,,backbone,
99062102,504733,CONNECTED,,backbone,
99062102,193382,CONNECTED,,backbone,
849843,199916867,CONNECTED,,backbone,
59420744,61626723,CONNECTED,,backbone,
92181,151292558,CONNECTED,,backbone,
146073287,134573086,CONNECTED,,backbone,
146073287,170337377,CONNECTED,,backbone,
186590629,192659702,CONNECTED,,backbone,
159503248,1319570,CONNECTED,,backbone,
97305368,1412282,CONNECTED,,backbone,
126141683,737832,CONNECTED,,backbone,
126141683,141055313,CONNECTED,,backbone,
90959675,95484591,CONNECTED,,backbone,
90959675,114789909,CONNECTED,,backbone,
90959675,99810009,CONNECTED,,backbone,
147404261,69180653,CONNECTED,,backbone,
147404261,60397336,CONNECTED,,backbone,
147404261,46665794,CONNECTED,,backbone,
147712816,49697,CONNECTED,,backbone,
142212774,147856719,CONNECTED,,backbone,
142212774,1209332,CONNECTED,,backbone,
105951186,1388921,CONNECTED,,backbone,
82619310,102437128,CONNECTED,,backbone,
1919808,178812720,CONNECTED,,backbone,
1701453,127996058,CONNECTED,,backbone,
1701453,95895461,CONNECTED,,backbone,
187595120,192999298,CONNECTED,,backbone,
1151718,1454572,CONNECTED,,backbone,
115482236,47790768,CONNECTED,,backbone,
163708582,136466700,CONNECTED,,backbone,
89314099,162472506,CONNECTED,,backbone,
109519643,149008308,CONNECTED,,backbone,
109519643,142407055,CONNECTED,,backbone,
99474078,44019171,CONNECTED,,backbone,
151900368,620820948,CONNECTED,,backbone,
112455734,74791801,CONNECTED,,backbone,
74452027,1899226,CONNECTED,,backbone,
153725421,167381171,CONNECTED,,backbone,
8636,12533167,CONNECTED,,backbone,
193895490,1657623,CONNECTED,,backbone,
150933408,486701,CONNECTED,,backbone,
143416587,119358829,CONNECTED,,backbone,
143416587,17351234,CONNECTED,,backbone,
43577219,110798794,CONNECTED,,backbone,
133220651,89090782,CONNECTED,,backbone,
455024,134563113,CONNECTED,,backbone,
455024,69885584,CONNECTED,,backbone,
141426428,110988673,CONNECTED,,backbone,
141426428,185114235,CONNECTED,,backbone,
982695,762402,CONNECTED,,backbone,
1524522,16731979,CONNECTED,,backbone,
169657714,147480542,CONNECTED,,backbone,
160320921,193115710,CONNECTED,,backbone,
1227798,1194615,CONNECTED,,backbone,
446559,148598029,CONNECTED,,backbone,
1949726,196496356,CONNECTED,,backbone,
72564556,193642861,CONNECTED,,backbone,
18725941,98766812,CONNECTED,,backbone,
158673142,135469323,CONNECTED,,backbone,
102473836,76784743,CONNECTED,,backbone,
102473836,63907379,CONNECTED,,backbone,
95197581,74197377,CONNECTED,,backbone,
1837051,151909607,CONNECTED,,backbone,
1837051,166828988,CONNECTED,,backbone,
182843246,85983277,CONNECTED,,backbone,
182843246,13372755,CONNECTED,,backbone,
157277083,106846216,CONNECTED,,backbone,
157277083,116406818,CONNECTED,,backbone,
157277083,82393904,CONNECTED,,backbone,
185640991,86639696,CONNECTED,,backbone,
188313021,172224355,CONNECTED,,backbone,
80351,90907337,CONNECTED,,backbone,
119465838,51235224,CONNECTED,,backbone,
119465838,149831851,CONNECTED,,backbone,
434751,175702730,CONNECTED,,backbone,
1362499,139103208,CONNECTED,,backbone,
1362499,968545,CONNECTED,,backbone,
1601352,147307936,CONNECTED,,backbone,
85403426,194013665,CONNECTED,,backbone,
91563631,153055342,CONNECTED,,backbone,
86885779,55502708,CONNECTED,,backbone,
86885779,1835221,CONNECTED,,backbone,
86885779,84475,CONNECTED,,backbone,
1562632,160320921,CONNECTED,,backbone,
1117357,94871278,CONNECTED,,backbone,
1117357,179181154,CONNECTED,,backbone,
129123621,804636,CONNECTED,,backbone,
129123621,184864124,CONNECTED,,backbone,
129123621,71230768,CONNECTED,,backbone,
129123621,177069098,CONNECTED,,backbone,
174518260,85053465,CONNECTED,,backbone,
174518260,103356591,CONNECTED,,backbone,
184013080,7496392,CONNECTED,,backbone,
106493253,167306954,CONNECTED,,backbone,
181981968,113980221,CONNECTED,,backbone,
850309,102553394,CONNECTED,,backbone,
15103136,88877679,CONNECTED,,backbone,
97870253,8187621,CONNECTED,,backbone,
484986,143132603,CONNECTED,,backbone,
484986,107320099,CONNECTED,,backbone,
869347,191073212,CONNECTED,,backbone,
7430978,160568636,CONNECTED,,backbone,
1112476,87004652,CONNECTED,,backbone,
1112476,180951830,CONNECTED,,backbone,
1112476,106937746,CONNECTED,,backbone,
1975516,141824675,CONNECTED,,backbone,
1975516,112946132,CONNECTED,,backbone,
1261361,152558204,CONNECTED,,backbone,
46263905,46930946,CONNECTED,,backbone,
46263905,173029335,CONNECTED,,backbone,
1854663,203951,CONNECTED,,backbone,
1854663,49393615,CONNECTED,,backbone,
134644174,44251252,CONNECTED,,backbone,
48500550,101694526,CONNECTED,,backbone,
50569066,78472756,CONNECTED,,backbone,
50569066,85548179,CONNECTED,,backbone,
17058544,180223927,CONNECTED,,backbone,
17058544,44772919,CONNECTED,,backbone,
793564,45478942,CONNECTED,,backbone,
793564,94338356,CONNECTED,,backbone,
793564,48358543,CONNECTED,,backbone,
1975668,1027953,CONNECTED,,backbone,
164590920,701015,CONNECTED,,backbone,
52548023,90323924,CONNECTED,,backbone,
52548023,1221146,CONNECTED,,backbone,
185523957,106012248,CONNECTED,,backbone,
1485916,185054506,CONNECTED,,backbone,
427536,111231087,CONNECTED,,backbone,
87155289,1117486,CONNECTED,,backbone,
499295,116667,CONNECTED,,backbone,
54381276,17817463,CONNECTED,,backbone,
136310792,192658555,CONNECTED,,backbone,
136310792,150248895,CONNECTED,,backbone,
358105,138730242,CONNECTED,,backbone,
130238196,170877981,CONNECTED,,backbone,
3184275,136232050,CONNECTED,,backbone,
156081,63496870,CONNECTED,,backbone,
156081,62163880,CONNECTED,,backbone,
140498651,50015014,CONNECTED,,backbone,
58408276,56469983,CONNECTED,,backbone,
169326437,1440390,CONNECTED,,backbone,
181190010,1984733,CONNECTED,,backbone,
102011495,69224708,CONNECTED,,backbone,
102011495,117515576,CONNECTED,,backbone,
97984293,41827513,CONNECTED,,backbone,
150212369,1572248,CONNECTED,,backbone,
150212369,1260744,CONNECTED,,backbone,
179068,77631687,CONNECTED,,backbone,
179068,889438,CONNECTED,,backbone,
172251596,160063889,CONNECTED,,backbone,
140169602,143668639,CONNECTED,,backbone,
140169602,152191982,CONNECTED,,backbone,
71629093,175380099,CONNECTED,,backbone,
79569675,64101318,CONNECTED,,backbone,
79569675,180708766,CONNECTED,,backbone,
47486899,190024496,CONNECTED,,backbone,
47486899,1650587,CONNECTED,,backbone,
89508186,105983453,CONNECTED,,backbone,
90550236,87236805,CONNECTED,,backbone,
131578337,47053084,CONNECTED,,backbone,
172170142,56176859,CONNECTED,,backbone,
176354755,140269114,CONNECTED,,backbone,
182667036,199993361,CONNECTED,,backbone,
69497826,1475984,CONNECTED,,backbone,
69497826,45756705,CONNECTED,,backbone,
69497826,136043540,CONNECTED,,backbone,
71994411,137350059,CONNECTED,,backbone,
166161577,177197488,CONNECTED,,backbone,
80631551,106717038,CONNECTED,,backbone,
976416,63839229,CONNECTED,,backbone,
486169,160249,CONNECTED,,backbone,
198323696,142114035,CONNECTED,,backbone,
81167520,193710354,CONNECTED,,backbone,
1421669,197989339,CONNECTED,,backbone,
100414331,168482085,CONNECTED,,backbone,
100414331,113859,CONNECTED,,backbone,
136587821,102124020,CONNECTED,,backbone,
128866574,66391457,CONNECTED,,backbone,
50078746,45419673,CONNECTED,,backbone,
14139626,146176498,CONNECTED,,backbone,
148493247,95861778,CONNECTED,,backbone,
55812541,1085729,CONNECTED,,backbone,
1595857,1757252,CONNECTED,,backbone,
1595857,186733458,CONNECTED,,backbone,
100546760,134772350,CONNECTED,,backbone,
100546760,77787466,CONNECTED,,backbone,
133601872,1301372,CONNECTED,,backbone,
190449872,169120231,CONNECTED,,backbone,
93169941,118638358,CONNECTED,,backbone,
198343284,122269233,CONNECTED,,backbone,
146028524,100348011,CONNECTED,,backbone,
1418506,175057662,CONNECTED,,backbone,
31850044,190653349,CONNECTED,,backbone,
175500431,106159025,CONNECTED,,backbone,
1739987,114967954,CONNECTED,,backbone,
1739987,160380172,CONNECTED,,backbone,
554611,48544263,CONNECTED,,backbone,
554611,1852863,CONNECTED,,backbone,
554611,138697732,CONNECTED,,backbone,
184042562,165946042,CONNECTED,,backbone,
184042562,1031426,CONNECTED,,backbone,
140678820,133190868,CONNECTED,,backbone,
78252008,17027209,CONNECTED,,backbone,
78252008,1784760,CONNECTED,,backbone,
160641254,114246770,CONNECTED,,backbone,
85237069,167001127,CONNECTED,,backbone,
174142137,161316396,CONNECTED,,backbone,
174142137,73324361,CONNECTED,,backbone,
174142137,175372778,CONNECTED,,backbone,
108809086,63729972,CONNECTED,,backbone,
191581568,102550917,CONNECTED,,backbone,
42539895,1738015,CONNECTED,,backbone,
50800185,433563,CONNECTED,,backbone,
50800185,63595959,CONNECTED,,backbone,
60658824,91125038,CONNECTED,,backbone,
49031101,1403735,CONNECTED,,backbone,
186669252,776236,CONNECTED,,backbone,
186669252,166468435,CONNECTED,,backbone,
8847560,170575759,CONNECTED,,backbone,
8847560,1347543,CONNECTED,,backbone,
133337540,125652795,CONNECTED,,backbone,
1888803,175568116,CONNECTED,,backbone,
83181976,98869370,CONNECTED,,backbone,
83181976,453923,CONNECTED,,backbone,
161802799,68609296,CONNECTED,,backbone,
114034645,72223136,CONNECTED,,backbone,
127119538,1532143,CONNECTED,,backbone,
73846436,17014701,CONNECTED,,backbone,
73846436,150808385,CONNECTED,,backbone,
167013983,108400566,CONNECTED,,backbone,
406759,127726918,CONNECTED,,backbone,
82049778,192999298,CONNECTED,,backbone,
82049778,193558313,CONNECTED,,backbone,
1432174,1987884,CONNECTED,,backbone,
16981756,184782792,CONNECTED,,backbone,
1668291,81590565,CONNECTED,,backbone,
1668291,152568201,CONNECTED,,backbone,
1668291,166132768,CONNECTED,,backbone,
154833090,1009729,CONNECTED,,backbone,
182970639,1475972,CONNECTED,,backbone,
109843170,145030940,CONNECTED,,backbone,
109843170,117361861,CONNECTED,,backbone,
96367413,82927623,CONNECTED,,backbone,
97391103,19272190,CONNECTED,,backbone,
66488016,125113716,CONNECTED,,backbone,
1055457,1428196,CONNECTED,,backbone,
798234,54206437,CONNECTED,,backbone,
80929064,169144688,CONNECTED,,backbone,
183280968,146724198,CONNECTED,,backbone,
63798172,1318756,CONNECTED,,backbone,
151350030,10224170,CONNECTED,,backbone,
35150168,102089745,CONNECTED,,backbone,
79941246,919655,CONNECTED,,backbone,
79941246,142371512,CONNECTED,,backbone,
54011349,63595959,CONNECTED,,backbone,
84683013,101773558,CONNECTED,,backbone,
1862797,105155163,CONNECTED,,backbone,
1862797,121646128,CONNECTED,,backbone,
180585381,71795547,CONNECTED,,backbone,
121830156,144019514,CONNECTED,,backbone,
138016790,7111742,CONNECTED,,backbone,
76789185,7312674,CONNECTED,,backbone,
42426605,122939179,CONNECTED,,backbone,
1203326,848990,CONNECTED,,backbone,
153447133,4385969,CONNECTED,,backbone,
153447133,166356110,CONNECTED,,backbone,
158365599,146176498,CONNECTED,,backbone,
56340208,164623960,CONNECTED,,backbone,
118119731,126359949,CONNECTED,,backbone,
165785680,118386474,CONNECTED,,backbone,
128056849,72571,CONNECTED,,backbone,
193152561,81601072,CONNECTED,,backbone,
12480317,976036,CONNECTED,,backbone,
12480317,158673142,CONNECTED,,backbone,
92861579,1583630,CONNECTED,,backbone,
7942,1482456,CONNECTED,,backbone,
115135989,1484885,CONNECTED,,backbone,
189036522,1670843,CONNECTED,,backbone,
189036522,1629760,CONNECTED,,backbone,
34998133,166621884,CONNECTED,,backbone,
34998133,1609673,CONNECTED,,backbone,
123879647,104345962,CONNECTED,,backbone,
190084974,122556408,CONNECTED,,backbone,
49060675,113217220,CONNECTED,,backbone,
193787078,953214,CONNECTED,,backbone,
193787078,195637046,CONNECTED,,backbone,
57068247,12725739,CONNECTED,,backbone,
67427222,165960289,CONNECTED,,backbone,
126810301,52838156,CONNECTED,,backbone,
80407116,663984,CONNECTED,,backbone,
78044784,165883406,CONNECTED,,backbone,
78044784,60220956,CONNECTED,,backbone,
548509,56532282,CONNECTED,,backbone,
107727627,108772412,CONNECTED,,backbone,
69495350,117880582,CONNECTED,,backbone,
44657790,94639888,CONNECTED,,backbone,
44657790,1127842,CONNECTED,,backbone,
44657790,1101639,CONNECTED,,backbone,
188785703,191272022,CONNECTED,,backbone,
1143965,192841123,CONNECTED,,backbone,
152593300,93102041,CONNECTED,,backbone,
171300907,152358668,CONNECTED,,backbone,
171300907,136371146,CONNECTED,,backbone,
1054899,46089314,CONNECTED,,backbone,
175014617,1589475,CONNECTED,,backbone,
59356803,97991905,CONNECTED,,backbone,
59356803,104722,CONNECTED,,backbone,
993723,35803262,CONNECTED,,backbone,
185365960,97325090,CONNECTED,,backbone,
137867234,11901334,CONNECTED,,backbone,
137867234,598700,CONNECTED,,backbone,
137867234,75142722,CONNECTED,,backbone,
1545344,433563,CONNECTED,,backbone,
1843667,1573016,CONNECTED,,backbone,
72645201,60574902,CONNECTED,,backbone,
154724440,166703054,CONNECTED,,backbone,
15191432,73192023,CONNECTED,,backbone,
15191432,176594864,CONNECTED,,backbone,
163925536,182344533,CONNECTED,,backbone,
158292271,1065471,CONNECTED,,backbone,
119010874,58284206,CONNECTED,,backbone,
156073325,475024,CONNECTED,,backbone,
71620390,52947354,CONNECTED,,backbone,
71620390,144931273,CONNECTED,,backbone,
1928661,701326,CONNECTED,,backbone,
1928661,1650997,CONNECTED,,backbone,
1887619,175328943,CONNECTED,,backbone,
179359863,83583754,CONNECTED,,backbone,
126545,196223908,CONNECTED,,backbone,
126545,181450578,CONNECTED,,backbone,
126545,105253014,CONNECTED,,backbone,
64321197,160112744,CONNECTED,,backbone,
165110253,17124297,CONNECTED,,backbone,
182156996,141454535,CONNECTED,,backbone,
104696072,14192045,CONNECTED,,backbone,
623073,163827606,CONNECTED,,backbone,
94587333,114489555,CONNECTED,,backbone,
94587333,191104055,CONNECTED,,backbone,
94587333,186162794,CONNECTED,,backbone,
4855228,68203012,CONNECTED,,backbone,
528318,66955465,CONNECTED,,backbone,
528318,66004017,CONNECTED,,backbone,
64725380,145512703,CONNECTED,,backbone,
64725380,1528904,CONNECTED,,backbone,
428843,525098,CONNECTED,,backbone,
115267647,197421476,CONNECTED,,backbone,
193296844,55456547,CONNECTED,,backbone,
193296844,9767,CONNECTED,,backbone,
358187,192451132,CONNECTED,,backbone,
81590565,63468516,CONNECTED,,backbone,
81590565,42799242,CONNECTED,,backbone,
158722289,153978450,CONNECTED,,backbone,
1723390,94325596,CONNECTED,,backbone,
197704862,1434983,CONNECTED,,backbone,
66203169,158292271,CONNECTED,,backbone,
1216145,6559066,CONNECTED,,backbone,
1216145,127712265,CONNECTED,,backbone,
116653322,102928942,CONNECTED,,backbone,
116653322,1467622,CONNECTED,,backbone,
149644710,166965435,CONNECTED,,backbone,
965639,79089186,CONNECTED,,backbone,
965639,141340927,CONNECTED,,backbone,
965639,7329499,CONNECTED,,backbone,
141414334,8926456,CONNECTED,,backbone,
141414334,7899598,CONNECTED,,backbone,
78320853,107862184,CONNECTED,,backbone,
78320853,116002201,CONNECTED,,backbone,
166168575,1495149,CONNECTED,,backbone,
99846398,183301167,CONNECTED,,backbone,
20381046,56084684,CONNECTED,,backbone,
171894345,100518793,CONNECTED,,backbone,
171894345,51727230,CONNECTED,,backbone,
61359906,156132744,CONNECTED,,backbone,
61359906,63360003,CONNECTED,,backbone,
159530802,169203511,CONNECTED,,backbone,
163132041,50297996,CONNECTED,,backbone,
84083925,34630371,CONNECTED,,backbone,
95327759,141249062,CONNECTED,,backbone,
100853851,48623361,CONNECTED,,backbone,
109682495,90058764,CONNECTED,,backbone,
87720187,108958681,CONNECTED,,backbone,
132024292,1201660,CONNECTED,,backbone,
134051049,188016408,CONNECTED,,backbone,
134051049,140269805,CONNECTED,,backbone,
34595234,117903170,CONNECTED,,backbone,
170178303,485306,CONNECTED,,backbone,
170178303,9591732,CONNECTED,,backbone,
131895564,1613629,CONNECTED,,backbone,
50898703,115081594,CONNECTED,,backbone,
7496,12433420,CONNECTED,,backbone,
90798287,76413842,CONNECTED,,backbone,
90798287,446559,CONNECTED,,backbone,
73056938,169075719,CONNECTED,,backbone,
170101440,156668368,CONNECTED,,backbone,
1404676,182853964,CONNECTED,,backbone,
1404676,111071726,CONNECTED,,backbone,
56717831,43629672,CONNECTED,,backbone,
56717831,157948628,CONNECTED,,backbone,
45516,69677624,CONNECTED,,backbone,
83690824,63293651,CONNECTED,,backbone,
76889715,166294510,CONNECTED,,backbone,
155598346,167059204,CONNECTED,,backbone,
145031786,7936098,CONNECTED,,backbone,
145031786,6559066,CONNECTED,,backbone,
106364668,69649270,CONNECTED,,backbone,
106364668,181433182,CONNECTED,,backbone,
17651456,150672696,CONNECTED,,backbone,
133058772,175045242,CONNECTED,,backbone,
147149911,191104055,CONNECTED,,backbone,
1412352,66554614,CONNECTED,,backbone,
98620331,186919910,CONNECTED,,backbone,
4441992,1027578,CONNECTED,,backbone,
8834814,84689671,CONNECTED,,backbone,
8834814,1863649,CONNECTED,,backbone,
121352323,44358029,CONNECTED,,backbone,
150268817,185178089,CONNECTED,,backbone,
7679225,119729161,CONNECTED,,backbone,
126668901,832851,CONNECTED,,backbone,
126668901,1450025,CONNECTED,,backbone,
126668901,134502924,CONNECTED,,backbone,
1428196,85456008,CONNECTED,,backbone,
93576518,960317,CONNECTED,,backbone,
1642159,172348234,CONNECTED,,backbone,
110936877,1011535,CONNECTED,,backbone,
179833136,1056202,CONNECTED,,backbone,
179833136,52263219,CONNECTED,,backbone,
190653349,184426116,CONNECTED,,backbone,
190653349,75299801,CONNECTED,,backbone,
15998562,9880275,CONNECTED,,backbone,
67831445,1823693,CONNECTED,,backbone,
67831445,69075320,CONNECTED,,backbone,
67831445,186057457,CONNECTED,,backbone,
158106823,120331948,CONNECTED,,backbone,
158106823,837181,CONNECTED,,backbone,
43063033,492990,CONNECTED,,backbone,
164699460,179069798,CONNECTED,,backbone,
164699460,58779135,CONNECTED,,backbone,
70766390,113217220,CONNECTED,,backbone,
59424042,1573734,CONNECTED,,backbone,
1502449,156132986,CONNECTED,,backbone,
1833240,187644377,CONNECTED,,backbone,
1833240,7312674,CONNECTED,,backbone,
85979017,8827841,CONNECTED,,backbone,
43629672,1118696,CONNECTED,,backbone,
64182339,204156,CONNECTED,,backbone,
132858666,1562764,CONNECTED,,backbone,
180800664,8953581,CONNECTED,,backbone,
175371133,1693859,CONNECTED,,backbone,
141249062,459615,CONNECTED,,backbone,
141249062,16333087,CONNECTED,,backbone,
66635203,120737850,CONNECTED,,backbone,
109682228,96380080,CONNECTED,,backbone,
1368421,18138080,CONNECTED,,backbone,
138293527,89834322,CONNECTED,,backbone,
50269712,134637236,CONNECTED,,backbone,
95816377,70877383,CONNECTED,,backbone,
131885831,93288949,CONNECTED,,backbone,
50902576,1003300,CONNECTED,,backbone,
50902576,637634,CONNECTED,,backbone,
75758629,641943,CONNECTED,,backbone,
60250984,83690878,CONNECTED,,backbone,
130259005,46296007,CONNECTED,,backbone,
72422926,1393779,CONNECTED,,backbone,
188631099,170867396,CONNECTED,,backbone,
188631099,124771365,CONNECTED,,backbone,
128005313,59667165,CONNECTED,,backbone,
128005313,90476589,CONNECTED,,backbone,
890002,53944152,CONNECTED,,backbone,
180741213,1792776,CONNECTED,,backbone,
180741213,72550743,CONNECTED,,backbone,
732875,186607395,CONNECTED,,backbone,
732875,1595391,CONNECTED,,backbone,
25576758,4718488,CONNECTED,,backbone,
75841174,50956783,CONNECTED,,backbone,
155382329,97070294,CONNECTED,,backbone,
155382329,143689366,CONNECTED,,backbone,
155382329,169973887,CONNECTED,,backbone,
81646890,182203149,CONNECTED,,backbone,
81646890,88596670,CONNECTED,,backbone,
154652041,90539398,CONNECTED,,backbone,
700948,64995620,CONNECTED,,backbone,
105495079,131089,CONNECTED,,backbone,
103216440,120077302,CONNECTED,,backbone,
103216440,1818702,CONNECTED,,backbone,
583539,133223341,CONNECTED,,backbone,
137607306,52766893,CONNECTED,,backbone,
172086018,416818,CONNECTED,,backbone,
172086018,8656899,CONNECTED,,backbone,
86665892,133532169,CONNECTED,,backbone,
86665892,84248949,CONNECTED,,backbone,
10744578,198863417,CONNECTED,,backbone,
10744578,122845937,CONNECTED,,backbone,
960542,35135234,CONNECTED,,backbone,
960542,193665345,CONNECTED,,backbone,
960542,175516826,CONNECTED,,backbone,
1202145,657511,CONNECTED,,backbone,
1202145,160131537,CONNECTED,,backbone,
64134380,78482429,CONNECTED,,backbone,
188744707,80016955,CONNECTED,,backbone,
78470231,105777192,CONNECTED,,backbone,
78470231,119217869,CONNECTED,,backbone,
115222326,46514309,CONNECTED,,backbone,
154354930,69885584,CONNECTED,,backbone,
111441655,184161173,CONNECTED,,backbone,
111441655,1598848,CONNECTED,,backbone,
135860737,96210181,CONNECTED,,backbone,
87311127,106873497,CONNECTED,,backbone,
180449535,160463839,CONNECTED,,backbone,
73324361,108059405,CONNECTED,,backbone,
148418479,144947027,CONNECTED,,backbone,
148418479,4718488,CONNECTED,,backbone,
163140615,1386682,CONNECTED,,backbone,
151017642,81705290,CONNECTED,,backbone,
151017642,154974575,CONNECTED,,backbone,
159301880,459786,CONNECTED,,backbone,
159301880,125655814,CONNECTED,,backbone,
164109043,110421216,CONNECTED,,backbone,
164109043,93471011,CONNECTED,,backbone,
164109043,11902464,CONNECTED,,backbone,
9897099,110798794,CONNECTED,,backbone,
181503561,198329593,CONNECTED,,backbone,
109356136,1389859,CONNECTED,,backbone,
124460442,148454901,CONNECTED,,backbone,
15338239,177018059,CONNECTED,,backbone,
15338239,17810745,CONNECTED,,backbone,
15338239,1140497,CONNECTED,,backbone,
157388077,155646273,CONNECTED,,backbone,
44002002,149022582,CONNECTED,,backbone,
179848552,135479653,CONNECTED,,backbone,
132608,1824563,CONNECTED,,backbone,
53983245,1671572,CONNECTED,,backbone,
142861634,120668046,CONNECTED,,backbone,
142861634,1434144,CONNECTED,,backbone,
164480937,66984096,CONNECTED,,backbone,
124391764,69511399,CONNECTED,,backbone,
119583212,123354989,CONNECTED,,backbone,
76571003,65213764,CONNECTED,,backbone,
127105889,162762108,CONNECTED,,backbone,
127105889,1554482,CONNECTED,,backbone,
613739,80579189,CONNECTED,,backbone,
613739,5100022,CONNECTED,,backbone,
10345977,131429190,CONNECTED,,backbone,
154473048,15330934,CONNECTED,,backbone,
154473048,139163579,CONNECTED,,backbone,
1569423,168812483,CONNECTED,,backbone,
1569423,619876,CONNECTED,,backbone,
162592864,164956824,CONNECTED,,backbone,
162592864,1190376,CONNECTED,,backbone,
120336824,13956775,CONNECTED,,backbone,
122382303,123856894,CONNECTED,,backbone,
1551172,1949315,CONNECTED,,backbone,
124940280,44867178,CONNECTED,,backbone,
124940280,1423577,CONNECTED,,backbone,
51287367,131980612,CONNECTED,,backbone,
80256146,55789137,CONNECTED,,backbone,
46803499,140936978,CONNECTED,,backbone,
46803499,16440328,CONNECTED,,backbone,
151864766,166127394,CONNECTED,,backbone,
151864766,1535697,CONNECTED,,backbone,
151864766,170539976,CONNECTED,,backbone,
60340130,174637534,CONNECTED,,backbone,
1275243,199254488,CONNECTED,,backbone,
1750636,107685887,CONNECTED,,backbone,
170933993,1337037,CONNECTED,,backbone,
810498,79935132,CONNECTED,,backbone,
141458757,168775049,CONNECTED,,backbone,
6559066,174701546,CONNECTED,,backbone,
6559066,138008264,CONNECTED,,backbone,
152921210,1231865,CONNECTED,,backbone,
152921210,842546,CONNECTED,,backbone,
152921210,113047698,CONNECTED,,backbone,
195033624,92371911,CONNECTED,,backbone,
51744198,198329593,CONNECTED,,backbone,
199979538,46655,CONNECTED,,backbone,
199979538,1572691,CONNECTED,,backbone,
162344849,78854171,CONNECTED,,backbone,
42165259,1919808,CONNECTED,,backbone,
132804153,190156335,CONNECTED,,backbone,
168577494,51734199,CONNECTED,,backbone,
153600376,153582670,CONNECTED,,backbone,
1420827,84178455,CONNECTED,,backbone,
14096289,88993421,CONNECTED,,backbone,
180263572,105682636,CONNECTED,,backbone,
11603670,153055342,CONNECTED,,backbone,
11603670,981647,CONNECTED,,backbone,
42460866,112777369,CONNECTED,,backbone,
42460866,122382303,CONNECTED,,backbone,
105899235,96611389,CONNECTED,,backbone,
191639920,192938828,CONNECTED,,backbone,
191639920,574771,CONNECTED,,backbone,
81932664,70594493,CONNECTED,,backbone,
109610997,1191335,CONNECTED,,backbone,
167959420,69901497,CONNECTED,,backbone,
34754169,14374293,CONNECTED,,backbone,
172681950,139838721,CONNECTED,,backbone,
1678716,151943343,CONNECTED,,backbone,
99431867,125754218,CONNECTED,,backbone,
47984118,171652864,CONNECTED,,backbone,
1793757,72550743,CONNECTED,,backbone,
178012357,160234990,CONNECTED,,backbone,
1563014,190437977,CONNECTED,,backbone,
1563014,633048,CONNECTED,,backbone,
151105871,162344849,CONNECTED,,backbone,
11243542,1038841,CONNECTED,,backbone,
11243542,61976861,CONNECTED,,backbone,
11243542,195193537,CONNECTED,,backbone,
861599,171801409,CONNECTED,,backbone,
861599,142178586,CONNECTED,,backbone,
10901047,1373190,CONNECTED,,backbone,
171578795,464888,CONNECTED,,backbone,
192759088,129871790,CONNECTED,,backbone,
146484044,96612638,CONNECTED,,backbone,
146484044,99133936,CONNECTED,,backbone,
8652667,163946832,CONNECTED,,backbone,
8652667,1157715,CONNECTED,,backbone,
1112326,1775554,CONNECTED,,backbone,
166233809,175260746,CONNECTED,,backbone,
11009449,170506997,CONNECTED,,backbone,
11009449,182862867,CONNECTED,,backbone,
11009449,134263070,CONNECTED,,backbone,
967564,175943739,CONNECTED,,backbone,
184558299,73522937,CONNECTED,,backbone,
99612697,181649542,CONNECTED,,backbone,
142222999,143860904,CONNECTED,,backbone,
71616213,137306795,CONNECTED,,backbone,
71616213,88030204,CONNECTED,,backbone,
48306037,979291,CONNECTED,,backbone,
48306037,96158646,CONNECTED,,backbone,
89855543,195994104,CONNECTED,,backbone,
166987731,180800664,CONNECTED,,backbone,
125736,485254,CONNECTED,,backbone,
176514232,65903431,CONNECTED,,backbone,
105410838,87339008,CONNECTED,,backbone,
105410838,42747621,CONNECTED,,backbone,
1028770,188183123,CONNECTED,,backbone,
903006,98275586,CONNECTED,,backbone,
157094381,16440328,CONNECTED,,backbone,
131100192,1259594,CONNECTED,,backbone,
131100192,141199822,CONNECTED,,backbone,
137494498,136371146,CONNECTED,,backbone,
19041404,109739120,CONNECTED,,backbone,
19041404,142853549,CONNECTED,,backbone,
66733671,72656328,CONNECTED,,backbone,
66733671,99335208,CONNECTED,,backbone,
90795961,788365,CONNECTED,,backbone,
195333715,189484752,CONNECTED,,backbone,
172339611,1949315,CONNECTED,,backbone,
184554741,1565375,CONNECTED,,backbone,
184554741,193704534,CONNECTED,,backbone,
184554741,189066935,CONNECTED,,backbone,
1667836,47174140,CONNECTED,,backbone,
182968278,66716092,CONNECTED,,backbone,
967070,63478272,CONNECTED,,backbone,
193882314,194677980,CONNECTED,,backbone,
93764201,114246770,CONNECTED,,backbone,
91690049,58674459,CONNECTED,,backbone,
91690049,169968295,CONNECTED,,backbone,
91690049,141739052,CONNECTED,,backbone,
164581631,165451,CONNECTED,,backbone,
164581631,162757267,CONNECTED,,backbone,
164581631,43225576,CONNECTED,,backbone,
152107392,1778876,CONNECTED,,backbone,
152107392,11138432,CONNECTED,,backbone,
150011419,148184046,CONNECTED,,backbone,
150011419,53170804,CONNECTED,,backbone,
16961252,1460481,CONNECTED,,backbone,
16961252,85014754,CONNECTED,,backbone,
50024488,99046202,CONNECTED,,backbone,
137728221,120336824,CONNECTED,,backbone,
1554482,197045128,CONNECTED,,backbone,
134223865,16996672,CONNECTED,,backbone,
876948,198644334,CONNECTED,,backbone,
876948,189913695,CONNECTED,,backbone,
1953468,104114465,CONNECTED,,backbone,
57059984,837181,CONNECTED,,backbone,
57059984,123879647,CONNECTED,,backbone,
87323000,193340748,CONNECTED,,backbone,
87323000,191453426,CONNECTED,,backbone,
178003596,46495,CONNECTED,,backbone,
178003596,134035448,CONNECTED,,backbone,
102010743,139836285,CONNECTED,,backbone,
1373211,175813175,CONNECTED,,backbone,
1373211,68220216,CONNECTED,,backbone,
197044790,172279911,CONNECTED,,backbone,
197044790,45742581,CONNECTED,,backbone,
193118451,528790,CONNECTED,,backbone,
1421861,1623426,CONNECTED,,backbone,
149316694,156948784,CONNECTED,,backbone,
350225,1054747,CONNECTED,,backbone,
630261,1925637,CONNECTED,,backbone,
630261,1313387,CONNECTED,,backbone,
630261,154733613,CONNECTED,,backbone,
126213969,1308376,CONNECTED,,backbone,
116469837,815735,CONNECTED,,backbone,
592588,107344745,CONNECTED,,backbone,
160220930,196115437,CONNECTED,,backbone,
768227,59571007,CONNECTED,,backbone,
768227,75236405,CONNECTED,,backbone,
147781866,91852078,CONNECTED,,backbone,
1226845,56269230,CONNECTED,,backbone,
154007385,66913589,CONNECTED,,backbone,
129087268,636543,CONNECTED,,backbone,
1630574,1286091,CONNECTED,,backbone,
18584640,707908,CONNECTED,,backbone,
75257487,12831514,CONNECTED,,backbone,
57996478,80579189,CONNECTED,,backbone,
658192,9273311,CONNECTED,,backbone,
111757666,18926617,CONNECTED,,backbone,
191324123,140720486,CONNECTED,,backbone,
108248454,123366372,CONNECTED,,backbone,
108248454,684929,CONNECTED,,backbone,
46588754,699611,CONNECTED,,backbone,
167198029,158492464,CONNECTED,,backbone,
17984672,13708222,CONNECTED,,backbone,
7163591,16803948,CONNECTED,,backbone,
134438834,134363495,CONNECTED,,backbone,
180931809,151356334,CONNECTED,,backbone,
182676263,154594322,CONNECTED,,backbone,
435316,87766986,CONNECTED,,backbone,
1880862,178381387,CONNECTED,,backbone,
136617476,136879206,CONNECTED,,backbone,
43888196,128222931,CONNECTED,,backbone,
463935,1530906,CONNECTED,,backbone,
463935,125314345,CONNECTED,,backbone,
463935,137705822,CONNECTED,,backbone,
107102937,91829787,CONNECTED,,backbone,
184161173,55917206,CONNECTED,,backbone,
117888232,158456469,CONNECTED,,backbone,
61161988,45182693,CONNECTED,,backbone,
61161988,73308072,CONNECTED,,backbone,
133055079,87510900,CONNECTED,,backbone,
133055079,522212,CONNECTED,,backbone,
1967630,159936922,CONNECTED,,backbone,
1967630,19408024,CONNECTED,,backbone,
99808592,142800646,CONNECTED,,backbone,
163006813,89030971,CONNECTED,,backbone,
163006813,76274147,CONNECTED,,backbone,
163006813,61649157,CONNECTED,,backbone,
102448333,124451913,CONNECTED,,backbone,
102448333,32986305,CONNECTED,,backbone,
196338307,170776661,CONNECTED,,backbone,
196338307,95648774,CONNECTED,,backbone,
621746,88363598,CONNECTED,,backbone,
82178707,92875514,CONNECTED,,backbone,
82178707,583729,CONNECTED,,backbone,
1998770,56902207,CONNECTED,,backbone,
77105185,173661607,CONNECTED,,backbone,
1463442,56729584,CONNECTED,,backbone,
44373207,167068104,CONNECTED,,backbone,
44373207,181980635,CONNECTED,,backbone,
44373207,82043,CONNECTED,,backbone,
95484591,51177403,CONNECTED,,backbone,
95484591,153242132,CONNECTED,,backbone,
1250385,153776916,CONNECTED,,backbone,
1250385,166468435,CONNECTED,,backbone,
96014085,114683924,CONNECTED,,backbone,
126016,110806912,CONNECTED,,backbone,
126016,152892025,CONNECTED,,backbone,
153877940,166855539,CONNECTED,,backbone,
153877940,61180337,CONNECTED,,backbone,
185999703,106999719,CONNECTED,,backbone,
194147250,47193138,CONNECTED,,backbone,
1833285,165704995,CONNECTED,,backbone,
498200,157305350,CONNECTED,,backbone,
498200,113511182,CONNECTED,,backbone,
65992538,1276095,CONNECTED,,backbone,
86354211,102900134,CONNECTED,,backbone,
1225448,107362794,CONNECTED,,backbone,
97339948,156650089,CONNECTED,,backbone,
1020289,176318991,CONNECTED,,backbone,
1020289,155882655,CONNECTED,,backbone,
171984345,1545344,CONNECTED,,backbone,
171984345,66637376,CONNECTED,,backbone,
171984345,61304792,CONNECTED,,backbone,
171984345,115242723,CONNECTED,,backbone,
76695327,131431962,CONNECTED,,backbone,
6784887,176723951,CONNECTED,,backbone,
6784887,89073713,CONNECTED,,backbone,
137921901,145090044,CONNECTED,,backbone,
137921901,99087803,CONNECTED,,backbone,
178363682,1170552,CONNECTED,,backbone,
178363682,152743320,CONNECTED,,backbone,
192054604,124599744,CONNECTED,,backbone,
199689273,85579043,CONNECTED,,backbone,
583256,1185765,CONNECTED,,backbone,
583256,82745889,CONNECTED,,backbone,
117741054,178955214,CONNECTED,,backbone,
117741054,142052331,CONNECTED,,backbone,
95112611,105682636,CONNECTED,,backbone,
1986505,182003315,CONNECTED,,backbone,
1986505,178139728,CONNECTED,,backbone,
70457440,557950,CONNECTED,,backbone,
628252,169883013,CONNECTED,,backbone,
110944678,110494387,CONNECTED,,backbone,
56817768,89595165,CONNECTED,,backbone,
43977023,171578795,CONNECTED,,backbone,
43977023,191041961,CONNECTED,,backbone,
10155251,85456008,CONNECTED,,backbone,
190182997,105488181,CONNECTED,,backbone,
1169159,182048831,CONNECTED,,backbone,
96702215,53915067,CONNECTED,,backbone,
452239,188659531,CONNECTED,,backbone,
1324223,142429164,CONNECTED,,backbone,
133934393,173817024,CONNECTED,,backbone,
98664380,128410899,CONNECTED,,backbone,
107960004,123509500,CONNECTED,,backbone,
99125200,543842,CONNECTED,,backbone,
99125200,53892154,CONNECTED,,backbone,
176416365,130015695,CONNECTED,,backbone,
1760106,153071886,CONNECTED,,backbone,
90606755,1217197,CONNECTED,,backbone,
94050000,58240389,CONNECTED,,backbone,
94050000,128410899,CONNECTED,,backbone,
149494896,4718488,CONNECTED,,backbone,
149494896,166624326,CONNECTED,,backbone,
149494896,95489656,CONNECTED,,backbone,
1828794,62471921,CONNECTED,,backbone,
174939389,70983966,CONNECTED,,backbone,
186377648,1918199,CONNECTED,,backbone,
148350410,154526487,CONNECTED,,backbone,
102302,1736620,CONNECTED,,backbone,
102302,172340390,CONNECTED,,backbone,
13869793,149032444,CONNECTED,,backbone,
183229695,1700769,CONNECTED,,backbone,
183229695,189466996,CONNECTED,,backbone,
66984096,169275096,CONNECTED,,backbone,
1763115,90901085,CONNECTED,,backbone,
77088136,765009,CONNECTED,,backbone,
134502924,72197233,CONNECTED,,backbone,
134502924,191581568,CONNECTED,,backbone,
61041410,186651496,CONNECTED,,backbone,
61041410,189919968,CONNECTED,,backbone,
43851670,64305758,CONNECTED,,backbone,
102663754,131089123,CONNECTED,,backbone,
73475372,70239778,CONNECTED,,backbone,
73475372,138170922,CONNECTED,,backbone,
1865255,106147566,CONNECTED,,backbone,
1865255,110921639,CONNECTED,,backbone,
98437416,818231,CONNECTED,,backbone,
98437416,66192202,CONNECTED,,backbone,
153887273,104506888,CONNECTED,,backbone,
153887273,187263628,CONNECTED,,backbone,
127532648,44887847,CONNECTED,,backbone,
75647193,1820250,CONNECTED,,backbone,
1407488,95580729,CONNECTED,,backbone,
143889654,95232136,CONNECTED,,backbone,
143889654,181709386,CONNECTED,,backbone,
50276874,44804066,CONNECTED,,backbone,
170176739,43100264,CONNECTED,,backbone,
1005295,147627327,CONNECTED,,backbone,
1005295,182326760,CONNECTED,,backbone,
155891703,1436378,CONNECTED,,backbone,
604193,169879056,CONNECTED,,backbone,
19607419,1693648,CONNECTED,,backbone,
19607419,17925567,CONNECTED,,backbone,
141049313,860917,CONNECTED,,backbone,
141049313,111505945,CONNECTED,,backbone,
6055235,144235408,CONNECTED,,backbone,
131240321,58515603,CONNECTED,,backbone,
116283256,41095667,CONNECTED,,backbone,
167970519,107576229,CONNECTED,,backbone,
150491433,164328180,CONNECTED,,backbone,
176234855,44764037,CONNECTED,,backbone,
176234855,1524969,CONNECTED,,backbone,
73112621,42795668,CONNECTED,,backbone,
73112621,150437473,CONNECTED,,backbone,
568470,82987531,CONNECTED,,backbone,
568470,45312825,CONNECTED,,backbone,
132441898,124103738,CONNECTED,,backbone,
585486,98198668,CONNECTED,,backbone,
189484752,139405270,CONNECTED,,backbone,
189484752,64995620,CONNECTED,,backbone,
140398830,173761387,CONNECTED,,backbone,
9960616,663984,CONNECTED,,backbone,
9960616,50127660,CONNECTED,,backbone,
158717252,119732373,CONNECTED,,backbone,
95706421,122163115,CONNECTED,,backbone,
171514108,137775531,CONNECTED,,backbone,
171514108,125344431,CONNECTED,,backbone,
171514108,190289438,CONNECTED,,backbone,
1707076,173741441,CONNECTED,,backbone,
1707076,66449089,CONNECTED,,backbone,
193044258,45151712,CONNECTED,,backbone,
193044258,174707351,CONNECTED,,backbone,
456288,528609,CONNECTED,,backbone,
456288,178170728,CONNECTED,,backbone,
166340528,74717717,CONNECTED,,backbone,
166132768,152210456,CONNECTED,,backbone,
146813657,106473119,CONNECTED,,backbone,
64607612,130139578,CONNECTED,,backbone,
170234560,166621884,CONNECTED,,backbone,
137052802,151335169,CONNECTED,,backbone,
137052802,19638919,CONNECTED,,backbone,
184349073,993233,CONNECTED,,backbone,
164410430,176039115,CONNECTED,,backbone,
164410430,920808,CONNECTED,,backbone,
62350421,185781657,CONNECTED,,backbone,
62350421,346313,CONNECTED,,backbone,
89210401,105883123,CONNECTED,,backbone,
888674,161650329,CONNECTED,,backbone,
888674,184506688,CONNECTED,,backbone,
82263319,98219783,CONNECTED,,backbone,
82263319,171001217,CONNECTED,,backbone,
82263319,113485660,CONNECTED,,backbone,
79823766,165620061,CONNECTED,,backbone,
100537582,137843792,CONNECTED,,backbone,
100537582,127076165,CONNECTED,,backbone,
149809,69224708,CONNECTED,,backbone,
149809,6259207,CONNECTED,,backbone,
137262345,856752,CONNECTED,,backbone,
86147435,175231597,CONNECTED,,backbone,
191373016,116088376,CONNECTED,,backbone,
90732410,191122238,CONNECTED,,backbone,
56489379,35118519,CONNECTED,,backbone,
56489379,484171,CONNECTED,,backbone,
56489379,82745889,CONNECTED,,backbone,
134134609,126712162,CONNECTED,,backbone,
180137627,147386295,CONNECTED,,backbone,
180137627,749256,CONNECTED,,backbone,
180137627,59303843,CONNECTED,,backbone,
168279,117344217,CONNECTED,,backbone,
168279,799378,CONNECTED,,backbone,
49535463,1190376,CONNECTED,,backbone,
145434391,160694134,CONNECTED,,backbone,
529971,44221280,CONNECTED,,backbone,
720136,171725866,CONNECTED,,backbone,
109739120,1154900,CONNECTED,,backbone,
109739120,199192778,CONNECTED,,backbone,
141376796,115862790,CONNECTED,,backbone,
141376796,1611677,CONNECTED,,backbone,
147696964,40187409,CONNECTED,,backbone,
86980019,190578193,CONNECTED,,backbone,
117401227,100517487,CONNECTED,,backbone,
193525287,1031820,CONNECTED,,backbone,
193525287,126776856,CONNECTED,,backbone,
193525287,55739177,CONNECTED,,backbone,
94429794,1583716,CONNECTED,,backbone,
94429794,1313220,CONNECTED,,backbone,
104196486,128338241,CONNECTED,,backbone,
182785108,130017797,CONNECTED,,backbone,
182785108,180254563,CONNECTED,,backbone,
67015670,1914217,CONNECTED,,backbone,
67015670,125280055,CONNECTED,,backbone,
198865052,175023190,CONNECTED,,backbone,
46118639,1473850,CONNECTED,,backbone,
46118639,67568894,CONNECTED,,backbone,
99853398,185051635,CONNECTED,,backbone,
181983493,135957933,CONNECTED,,backbone,
181983493,19914940,CONNECTED,,backbone,
98229523,59230163,CONNECTED,,backbone,
42199196,81667432,CONNECTED,,backbone,
42199196,144541854,CONNECTED,,backbone,
49078566,61622725,CONNECTED,,backbone,
49078566,1191004,CONNECTED,,backbone,
126142172,170107178,CONNECTED,,backbone,
75141558,130719109,CONNECTED,,backbone,
90950939,44696209,CONNECTED,,backbone,
8593133,134501932,CONNECTED,,backbone,
54664452,119211089,CONNECTED,,backbone,
54664452,61133154,CONNECTED,,backbone,
41085851,1991321,CONNECTED,,backbone,
509622,116527959,CONNECTED,,backbone,
509622,147072229,CONNECTED,,backbone,
509622,176235096,CONNECTED,,backbone,
101503462,126595064,CONNECTED,,backbone,
10796918,150866205,CONNECTED,,backbone,
60331224,44259397,CONNECTED,,backbone,
60331224,147392186,CONNECTED,,backbone,
60331224,171375230,CONNECTED,,backbone,
76800,172117143,CONNECTED,,backbone,
131155800,185698217,CONNECTED,,backbone,
1254445,60553717,CONNECTED,,backbone,
1254445,127887060,CONNECTED,,backbone,
1824754,85405850,CONNECTED,,backbone,
1910163,1623426,CONNECTED,,backbone,
830209,161066446,CONNECTED,,backbone,
1896350,176550995,CONNECTED,,backbone,
749305,60220956,CONNECTED,,backbone,
749305,53505786,CONNECTED,,backbone,
130168880,166481173,CONNECTED,,backbone,
130168880,126642221,CONNECTED,,backbone,
130168880,119807850,CONNECTED,,backbone,
70555082,79987964,CONNECTED,,backbone,
70555082,8920877,CONNECTED,,backbone,
70555082,56743226,CONNECTED,,backbone,
4385495,90550236,CONNECTED,,backbone,
182048413,90110741,CONNECTED,,backbone,
728638,830060,CONNECTED,,backbone,
194258584,140356711,CONNECTED,,backbone,
198558420,103071432,CONNECTED,,backbone,
198558420,159727399,CONNECTED,,backbone,
419725,131820811,CONNECTED,,backbone,
419725,1807066,CONNECTED,,backbone,
110490532,130227049,CONNECTED,,backbone,
1895402,65426110,CONNECTED,,backbone,
58782182,165952701,CONNECTED,,backbone,
1033856,175066054,CONNECTED,,backbone,
13909315,457522,CONNECTED,,backbone,
13355462,119732373,CONNECTED,,backbone,
116730108,18187160,CONNECTED,,backbone,
116730108,184045531,CONNECTED,,backbone,
195838831,62309290,CONNECTED,,backbone,
13291907,128841119,CONNECTED,,backbone,
13291907,14598377,CONNECTED,,backbone,
126567362,150362405,CONNECTED,,backbone,
126567362,960542,CONNECTED,,backbone,
82194768,140053547,CONNECTED,,backbone,
82194768,75521872,CONNECTED,,backbone,
82194768,93086162,CONNECTED,,backbone,
6591830,105492961,CONNECTED,,backbone,
186631023,13694632,CONNECTED,,backbone,
186631023,70509731,CONNECTED,,backbone,
142762,9651129,CONNECTED,,backbone,
93297153,49593230,CONNECTED,,backbone,
93297153,56411241,CONNECTED,,backbone,
53315101,89333883,CONNECTED,,backbone,
89560637,13156611,CONNECTED,,backbone,
89560637,56974135,CONNECTED,,backbone,
10926864,165946042,CONNECTED,,backbone,
10926864,1510024,CONNECTED,,backbone,
118413031,168041949,CONNECTED,,backbone,
118413031,589965,CONNECTED,,backbone,
118413031,136844940,CONNECTED,,backbone,
50862955,10450582,CONNECTED,,backbone,
1885210,1448089,CONNECTED,,backbone,
866656,157009499,CONNECTED,,backbone,
148353413,75165047,CONNECTED,,backbone,
148353413,122319242,CONNECTED,,backbone,
148353413,171403454,CONNECTED,,backbone,
190753235,1580544,CONNECTED,,backbone,
190753235,1297711,CONNECTED,,backbone,
99911,1198152,CONNECTED,,backbone,
99911,1395936,CONNECTED,,backbone,
192658555,15835052,CONNECTED,,backbone,
117306678,199908262,CONNECTED,,backbone,
700112,47747043,CONNECTED,,backbone,
169144688,78569762,CONNECTED,,backbone,
169144688,18045944,CONNECTED,,backbone,
157721058,102052673,CONNECTED,,backbone,
172043033,62410262,CONNECTED,,backbone,
1194431,110142422,CONNECTED,,backbone,
158894712,54692577,CONNECTED,,backbone,
44563396,112452700,CONNECTED,,backbone,
44563396,1564894,CONNECTED,,backbone,
44563396,15103136,CONNECTED,,backbone,
51921724,129060774,CONNECTED,,backbone,
51921724,187705887,CONNECTED,,backbone,
180330236,127555132,CONNECTED,,backbone,
180330236,119697578,CONNECTED,,backbone,
137346636,193333438,CONNECTED,,backbone,
1565668,40195976,CONNECTED,,backbone,
113797814,1753811,CONNECTED,,backbone,
104682,755058,CONNECTED,,backbone,
111873822,103434699,CONNECTED,,backbone,
111873822,73756274,CONNECTED,,backbone,
173163041,176949894,CONNECTED,,backbone,
173163041,79275434,CONNECTED,,backbone,
3476850,1814731,CONNECTED,,backbone,
87054057,1830429,CONNECTED,,backbone,
186067052,184064623,CONNECTED,,backbone,
186067052,167433590,CONNECTED,,backbone,
9270261,151045,CONNECTED,,backbone,
1935907,932793,CONNECTED,,backbone,
1935907,1303308,CONNECTED,,backbone,
1830334,109294,CONNECTED,,backbone,
1740112,49911076,CONNECTED,,backbone,
1740112,1833285,CONNECTED,,backbone,
56817679,140139491,CONNECTED,,backbone,
56817679,479408,CONNECTED,,backbone,
179088914,146474706,CONNECTED,,backbone,
49803468,91186152,CONNECTED,,backbone,
58239892,121958631,CONNECTED,,backbone,
110069008,48021223,CONNECTED,,backbone,
110069008,120538734,CONNECTED,,backbone,
103755931,173021092,CONNECTED,,backbone,
103755931,55051512,CONNECTED,,backbone,
1348607,1009021,CONNECTED,,backbone,
71503076,1611518,CONNECTED,,backbone,
71503076,14898775,CONNECTED,,backbone,
45624111,93166889,CONNECTED,,backbone,
67783390,184400376,CONNECTED,,backbone,
44730,142353649,CONNECTED,,backbone,
4481889,151147428,CONNECTED,,backbone,
4481889,1911412,CONNECTED,,backbone,
150475224,2039399,CONNECTED,,backbone,
43396016,88878311,CONNECTED,,backbone,
43396016,19912117,CONNECTED,,backbone,
557325,107689273,CONNECTED,,backbone,
557325,47076219,CONNECTED,,backbone,
16614870,99548296,CONNECTED,,backbone,
16614870,167533502,CONNECTED,,backbone,
16614870,53303588,CONNECTED,,backbone,
131081373,100165030,CONNECTED,,backbone,
192069746,46193190,CONNECTED,,backbone,
192069746,73155409,CONNECTED,,backbone,
192069746,88867499,CONNECTED,,backbone,
192069746,1183357,CONNECTED,,backbone,
56037832,490797,CONNECTED,,backbone,
893774,60665960,CONNECTED,,backbone,
194267089,158004119,CONNECTED,,backbone,
141487268,172098,CONNECTED,,backbone,
119876850,102410901,CONNECTED,,backbone,
119876850,128897647,CONNECTED,,backbone,
119876850,47804247,CONNECTED,,backbone,
180686796,141752633,CONNECTED,,backbone,
14815387,132463626,CONNECTED,,backbone,
193572459,90095205,CONNECTED,,backbone,
88297809,6592586,CONNECTED,,backbone,
19806236,101590322,CONNECTED,,backbone,
77868698,1621685,CONNECTED,,backbone,
51111561,920666,CONNECTED,,backbone,
83082411,123297975,CONNECTED,,backbone,
121886366,170205327,CONNECTED,,backbone,
121886366,115949537,CONNECTED,,backbone,
121886366,159554849,CONNECTED,,backbone,
11430402,126148216,CONNECTED,,backbone,
636580,118658095,CONNECTED,,backbone,
15059763,585285,CONNECTED,,backbone,
15059763,973256,CONNECTED,,backbone,
139401322,193552973,CONNECTED,,backbone,
162054533,64773539,CONNECTED,,backbone,
130662692,197759611,CONNECTED,,backbone,
130662692,189840005,CONNECTED,,backbone,
169282175,65554224,CONNECTED,,backbone,
128868630,122561450,CONNECTED,,backbone,
119154899,1931367,CONNECTED,,backbone,
119154899,978358,CONNECTED,,backbone,
179819075,12433420,CONNECTED,,backbone,
73869112,156934552,CONNECTED,,backbone,
136920323,48563620,CONNECTED,,backbone,
186570440,1060006,CONNECTED,,backbone,
1929270,69676933,CONNECTED,,backbone,
19677034,166499700,CONNECTED,,backbone,
19677034,49911076,CONNECTED,,backbone,
175753027,110209190,CONNECTED,,backbone,
175753027,14696046,CONNECTED,,backbone,
160007657,155393261,CONNECTED,,backbone,
1692697,8175802,CONNECTED,,backbone,
1692697,15376331,CONNECTED,,backbone,
1692697,1574849,CONNECTED,,backbone,
143299682,96217327,CONNECTED,,backbone,
1835869,1656713,CONNECTED,,backbone,
18635856,15558991,CONNECTED,,backbone,
18635856,69075320,CONNECTED,,backbone,
196773239,85716345,CONNECTED,,backbone,
132102994,192041619,CONNECTED,,backbone,
132102994,68098689,CONNECTED,,backbone,
139544453,107861709,CONNECTED,,backbone,
1198855,572982,CONNECTED,,backbone,
124911843,102392421,CONNECTED,,backbone,
124911843,1044027,CONNECTED,,backbone,
195004629,124475658,CONNECTED,,backbone,
195004629,150321643,CONNECTED,,backbone,
7695694,1835844,CONNECTED,,backbone,
7695694,8649217,CONNECTED,,backbone,
7695694,1574708,CONNECTED,,backbone,
89592463,41787264,CONNECTED,,backbone,
67830131,59964284,CONNECTED,,backbone,
105643049,124571021,CONNECTED,,backbone,
105643049,158205871,CONNECTED,,backbone,
15987499,80378,CONNECTED,,backbone,
120438286,120230286,CONNECTED,,backbone,
1716987,62160933,CONNECTED,,backbone,
193736715,134792,CONNECTED,,backbone,
49761744,644606,CONNECTED,,backbone,
49761744,176797887,CONNECTED,,backbone,
66193,528873,CONNECTED,,backbone,
166823887,1491189,CONNECTED,,backbone,
15483197,186864072,CONNECTED,,backbone,
127262955,140204185,CONNECTED,,backbone,
14749217,829560,CONNECTED,,backbone,
14749217,61819591,CONNECTED,,backbone,
153901824,22666041,CONNECTED,,backbone,
153901824,725578,CONNECTED,,backbone,
153901824,1815080,CONNECTED,,backbone,
104345962,89496465,CONNECTED,,backbone,
14478654,162156678,CONNECTED,,backbone,
100859415,76185336,CONNECTED,,backbone,
100859415,699611,CONNECTED,,backbone,
154950513,112731472,CONNECTED,,backbone,
89328610,162175409,CONNECTED,,backbone,
89328610,50291451,CONNECTED,,backbone,
174707351,108100340,CONNECTED,,backbone,
138015664,710404,CONNECTED,,backbone,
865104,40150148,CONNECTED,,backbone,
6330064,81164417,CONNECTED,,backbone,
114673049,18574610,CONNECTED,,backbone,
137435279,168279,CONNECTED,,backbone,
87200246,119484832,CONNECTED,,backbone,
127799798,172083995,CONNECTED,,backbone,
127799798,105134907,CONNECTED,,backbone,
127799798,52572703,CONNECTED,,backbone,
127799798,183980730,CONNECTED,,backbone,
1975000,166578432,CONNECTED,,backbone,
1975000,166161577,CONNECTED,,backbone,
136275211,132890862,CONNECTED,,backbone,
136275211,185173430,CONNECTED,,backbone,
136275211,8642455,CONNECTED,,backbone,
93275426,189450988,CONNECTED,,backbone,
93275426,90076200,CONNECTED,,backbone,
93275426,1078465,CONNECTED,,backbone,
132772738,17840466,CONNECTED,,backbone,
132772738,131682228,CONNECTED,,backbone,
113962257,1551172,CONNECTED,,backbone,
125846145,1642096,CONNECTED,,backbone,
197501779,119789824,CONNECTED,,backbone,
197501779,52149940,CONNECTED,,backbone,
15785106,24181445,CONNECTED,,backbone,
161923043,1968400,CONNECTED,,backbone,
161923043,164667600,CONNECTED,,backbone,
121072474,1242957,CONNECTED,,backbone,
13220326,1720827,CONNECTED,,backbone,
134059275,106012501,CONNECTED,,backbone,
102269588,63463676,CONNECTED,,backbone,
50823574,86527716,CONNECTED,,backbone,
41797969,1584014,CONNECTED,,backbone,
180269674,134370244,CONNECTED,,backbone,
180269674,158940568,CONNECTED,,backbone,
159958479,143421797,CONNECTED,,backbone,
159958479,85885736,CONNECTED,,backbone,
1181493,43475705,CONNECTED,,backbone,
112169220,182327508,CONNECTED,,backbone,
112169220,1137222,CONNECTED,,backbone,
147788881,1043923,CONNECTED,,backbone,
63243924,67231897,CONNECTED,,backbone,
84995776,199903892,CONNECTED,,backbone,
84995776,1015646,CONNECTED,,backbone,
141352254,168478621,CONNECTED,,backbone,
695626,1252610,CONNECTED,,backbone,
72223136,57220254,CONNECTED,,backbone,
72223136,152896658,CONNECTED,,backbone,
146779,809493,CONNECTED,,backbone,
146779,1369629,CONNECTED,,backbone,
110184422,70083081,CONNECTED,,backbone,
93470812,154575484,CONNECTED,,backbone,
17028949,64725197,CONNECTED,,backbone,
165769575,1300062,CONNECTED,,backbone,
165769575,1150213,CONNECTED,,backbone,
134814527,80559721,CONNECTED,,backbone,
134814527,420472,CONNECTED,,backbone,
116467300,56802851,CONNECTED,,backbone,
93227635,90119709,CONNECTED,,backbone,
47947745,66466973,CONNECTED,,backbone,
109817154,140111591,CONNECTED,,backbone,
109817154,74867601,CONNECTED,,backbone,
156482,12014790,CONNECTED,,backbone,
850496,94526284,CONNECTED,,backbone,
133556837,199701566,CONNECTED,,backbone,
133556837,46176057,CONNECTED,,backbone,
101672490,1013504,CONNECTED,,backbone,
101672490,178573584,CONNECTED,,backbone,
103787605,1117287,CONNECTED,,backbone,
103787605,51300812,CONNECTED,,backbone,
1203066,150324020,CONNECTED,,backbone,
1203066,1964756,CONNECTED,,backbone,
3500925,15711076,CONNECTED,,backbone,
3500925,119338481,CONNECTED,,backbone,
164168282,137273104,CONNECTED,,backbone,
125965761,178012524,CONNECTED,,backbone,
19726773,130344248,CONNECTED,,backbone,
19726773,122439542,CONNECTED,,backbone,
84866717,50796843,CONNECTED,,backbone,
84866717,116069981,CONNECTED,,backbone,
49527338,163835232,CONNECTED,,backbone,
17951858,1008973,CONNECTED,,backbone,
17951858,112885306,CONNECTED,,backbone,
17951858,48385464,CONNECTED,,backbone,
1556715,146488149,CONNECTED,,backbone,
113217220,52712493,CONNECTED,,backbone,
113217220,772482,CONNECTED,,backbone,
176862309,17318545,CONNECTED,,backbone,
1749656,54797,CONNECTED,,backbone,
10997505,6755165,CONNECTED,,backbone,
17896821,17810745,CONNECTED,,backbone,
186644541,128008551,CONNECTED,,backbone,
185029567,1961753,CONNECTED,,backbone,
67786061,1382615,CONNECTED,,backbone,
95946776,189080741,CONNECTED,,backbone,
175002784,192462044,CONNECTED,,backbone,
152210456,116083294,CONNECTED,,backbone,
152210456,106888516,CONNECTED,,backbone,
90311257,89536263,CONNECTED,,backbone,
79781157,107158254,CONNECTED,,backbone,
79781157,167109372,CONNECTED,,backbone,
144045418,172670271,CONNECTED,,backbone,
144045418,17964304,CONNECTED,,backbone,
189678589,1378679,CONNECTED,,backbone,
61100941,115125069,CONNECTED,,backbone,
61100941,139536641,CONNECTED,,backbone,
80236,636282,CONNECTED,,backbone,
80236,160467521,CONNECTED,,backbone,
942023,53577335,CONNECTED,,backbone,
199908262,157555745,CONNECTED,,backbone,
199908262,63425016,CONNECTED,,backbone,
191092863,101711701,CONNECTED,,backbone,
191092863,955886,CONNECTED,,backbone,
72773170,173279612,CONNECTED,,backbone,
72773170,97288178,CONNECTED,,backbone,
72773170,40686200,CONNECTED,,backbone,
72773170,62496436,CONNECTED,,backbone,
6958423,197047040,CONNECTED,,backbone,
184073839,177286583,CONNECTED,,backbone,
1774019,178947070,CONNECTED,,backbone,
1774019,755344,CONNECTED,,backbone,
86850783,185307629,CONNECTED,,backbone,
142196984,182338747,CONNECTED,,backbone,
145060341,61052741,CONNECTED,,backbone,
145060341,772482,CONNECTED,,backbone,
56532282,197263290,CONNECTED,,backbone,
1277776,158535154,CONNECTED,,backbone,
195998383,171001217,CONNECTED,,backbone,
195998383,101906105,CONNECTED,,backbone,
45484140,785546,CONNECTED,,backbone,
1477281,794867,CONNECTED,,backbone,
1477281,107460954,CONNECTED,,backbone,
109947945,105410838,CONNECTED,,backbone,
1124266,19556591,CONNECTED,,backbone,
97288178,4863083,CONNECTED,,backbone,
97288178,102763839,CONNECTED,,backbone,
97288178,148952063,CONNECTED,,backbone,
51511679,171819939,CONNECTED,,backbone,
51511679,110798794,CONNECTED,,backbone,
51511679,168116780,CONNECTED,,backbone,
156995659,142719994,CONNECTED,,backbone,
69465847,155801590,CONNECTED,,backbone,
69465847,49251516,CONNECTED,,backbone,
69465847,1829685,CONNECTED,,backbone,
1515933,155443493,CONNECTED,,backbone,
81745293,9026551,CONNECTED,,backbone,
81745293,899156,CONNECTED,,backbone,
75844970,186577,CONNECTED,,backbone,
75844970,771816,CONNECTED,,backbone,
75844970,70752085,CONNECTED,,backbone,
96713847,180603622,CONNECTED,,backbone,
73211541,134792,CONNECTED,,backbone,
178342917,1621685,CONNECTED,,backbone,
184676,56541031,CONNECTED,,backbone,
13214,138383679,CONNECTED,,backbone,
13214,52950957,CONNECTED,,backbone,
12655217,148903014,CONNECTED,,backbone,
12655217,151852679,CONNECTED,,backbone,
12432206,180009406,CONNECTED,,backbone,
136838031,80673932,CONNECTED,,backbone,
157852527,12019689,CONNECTED,,backbone,
184355933,1798586,CONNECTED,,backbone,
150519195,145430134,CONNECTED,,backbone,
883518,1033856,CONNECTED,,backbone,
155622170,1502449,CONNECTED,,backbone,
155622170,163552,CONNECTED,,backbone,
166210446,89536114,CONNECTED,,backbone,
166210446,169599909,CONNECTED,,backbone,
166210446,199628489,CONNECTED,,backbone,
86295705,5672161,CONNECTED,,backbone,
1438492,100847065,CONNECTED,,backbone,
95116686,76555667,CONNECTED,,backbone,
159870133,54233891,CONNECTED,,backbone,
1715989,193704534,CONNECTED,,backbone,
67835237,95946776,CONNECTED,,backbone,
67835237,96501698,CONNECTED,,backbone,
194973728,9604877,CONNECTED,,backbone,
1212588,1656415,CONNECTED,,backbone,
1009739,179239752,CONNECTED,,backbone,
1009739,47150013,CONNECTED,,backbone,
1139756,117753522,CONNECTED,,backbone,
16825393,183411919,CONNECTED,,backbone,
115668579,186106058,CONNECTED,,backbone,
1236242,122675166,CONNECTED,,backbone,
63271171,794333,CONNECTED,,backbone,
53928845,82760450,CONNECTED,,backbone,
53928845,1577409,CONNECTED,,backbone,
100534581,157870273,CONNECTED,,backbone,
100534581,95604541,CONNECTED,,backbone,
157688040,1372398,CONNECTED,,backbone,
92183874,1348161,CONNECTED,,backbone,
85471308,519411,CONNECTED,,backbone,
150100128,91781157,CONNECTED,,backbone,
653977,84818705,CONNECTED,,backbone,
653977,149860658,CONNECTED,,backbone,
174701208,105872385,CONNECTED,,backbone,
174701208,6384313,CONNECTED,,backbone,
129815940,62589936,CONNECTED,,backbone,
85642738,11665726,CONNECTED,,backbone,
85642738,151025736,CONNECTED,,backbone,
151571480,32973213,CONNECTED,,backbone,
81576641,66475071,CONNECTED,,backbone,
119031217,193394164,CONNECTED,,backbone,
13369134,157490915,CONNECTED,,backbone,
13369134,111480962,CONNECTED,,backbone,
158914569,15625187,CONNECTED,,backbone,
56043143,150779256,CONNECTED,,backbone,
47200886,175935451,CONNECTED,,backbone,
47200886,109938332,CONNECTED,,backbone,
126411771,115020273,CONNECTED,,backbone,
1831591,119504193,CONNECTED,,backbone,
32950337,85696670,CONNECTED,,backbone,
189956553,151318266,CONNECTED,,backbone,
855616,189043460,CONNECTED,,backbone,
855616,112901833,CONNECTED,,backbone,
855616,111933182,CONNECTED,,backbone,
855616,159456406,CONNECTED,,backbone,
11143257,104772236,CONNECTED,,backbone,
166344728,174029794,CONNECTED,,backbone,
184046290,69745630,CONNECTED,,backbone,
127303619,116567497,CONNECTED,,backbone,
99625290,176699653,CONNECTED,,backbone,
98776283,146971687,CONNECTED,,backbone,
170566482,78064795,CONNECTED,,backbone,
60845925,187817420,CONNECTED,,backbone,
60845925,175601269,CONNECTED,,backbone,
60845925,48563620,CONNECTED,,backbone,
6350176,89499684,CONNECTED,,backbone,
185264168,1014567,CONNECTED,,backbone,
185264168,74914699,CONNECTED,,backbone,
119951185,156215339,CONNECTED,,backbone,
45151712,1330481,CONNECTED,,backbone,
637252,100404655,CONNECTED,,backbone,
43050894,80379336,CONNECTED,,backbone,
43050894,130862982,CONNECTED,,backbone,
140598392,149951842,CONNECTED,,backbone,
152126639,48744072,CONNECTED,,backbone,
156933760,169659451,CONNECTED,,backbone,
156933760,104983139,CONNECTED,,backbone,
46762889,6591830,CONNECTED,,backbone,
118199200,177649064,CONNECTED,,backbone,
1400227,145228,CONNECTED,,backbone,
1400227,193787078,CONNECTED,,backbone,
192734820,176851986,CONNECTED,,backbone,
192734820,563175,CONNECTED,,backbone,
106112828,93876061,CONNECTED,,backbone,
161097970,59185730,CONNECTED,,backbone,
57679363,135389960,CONNECTED,,backbone,
1560134,123189357,CONNECTED,,backbone,
1560134,781009,CONNECTED,,backbone,
1560134,60340130,CONNECTED,,backbone,
16961712,329424,CONNECTED,,backbone,
169637993,100348011,CONNECTED,,backbone,
95232136,170616626,CONNECTED,,backbone,
149099913,65563525,CONNECTED,,backbone,
86255445,136273812,CONNECTED,,backbone,
153162370,159985453,CONNECTED,,backbone,
1818782,95943406,CONNECTED,,backbone,
1818782,185113,CONNECTED,,backbone,
49749687,102755892,CONNECTED,,backbone,
46295064,199465814,CONNECTED,,backbone,
46295064,120347,CONNECTED,,backbone,
46295064,1271400,CONNECTED,,backbone,
166690204,169636919,CONNECTED,,backbone,
1139832,151561007,CONNECTED,,backbone,
1139832,104986732,CONNECTED,,backbone,
142170400,117713118,CONNECTED,,backbone,
142170400,148980854,CONNECTED,,backbone,
99263403,119031911,CONNECTED,,backbone,
99263403,163422428,CONNECTED,,backbone,
99263403,139819039,CONNECTED,,backbone,
155587823,163200968,CONNECTED,,backbone,
155587823,149905887,CONNECTED,,backbone,
155587823,144566121,CONNECTED,,backbone,
148324801,1715176,CONNECTED,,backbone,
148324801,774075,CONNECTED,,backbone,
102178131,126516131,CONNECTED,,backbone,
102178131,99883208,CONNECTED,,backbone,
154394117,103127508,CONNECTED,,backbone,
73308072,144261845,CONNECTED,,backbone,
142487774,73475372,CONNECTED,,backbone,
132876575,1027953,CONNECTED,,backbone,
117880582,88436587,CONNECTED,,backbone,
653987,133763740,CONNECTED,,backbone,
13378363,85979017,CONNECTED,,backbone,
1977008,134810887,CONNECTED,,backbone,
1977008,1365974,CONNECTED,,backbone,
183726790,74959514,CONNECTED,,backbone,
107712512,94871278,CONNECTED,,backbone,
107712512,1677002,CONNECTED,,backbone,
107712512,1393500,CONNECTED,,backbone,
182051,184782704,CONNECTED,,backbone,
182051,132628358,CONNECTED,,backbone,
82277750,181905999,CONNECTED,,backbone,
82277750,88271542,CONNECTED,,backbone,
1146533,74717717,CONNECTED,,backbone,
1146533,148246492,CONNECTED,,backbone,
62816441,69075755,CONNECTED,,backbone,
112269563,19398789,CONNECTED,,backbone,
733088,101676362,CONNECTED,,backbone,
185023336,19706913,CONNECTED,,backbone,
1575649,112241763,CONNECTED,,backbone,
19888045,480966,CONNECTED,,backbone,
19888045,166132768,CONNECTED,,backbone,
113769195,816668,CONNECTED,,backbone,
113769195,69152032,CONNECTED,,backbone,
182647584,43053454,CONNECTED,,backbone,
106007566,185248125,CONNECTED,,backbone,
52880851,92678220,CONNECTED,,backbone,
94576892,1991323,CONNECTED,,backbone,
94576892,125846145,CONNECTED,,backbone,
94576892,106995502,CONNECTED,,backbone,
99892176,40678327,CONNECTED,,backbone,
99892176,11983453,CONNECTED,,backbone,
99892176,1963305,CONNECTED,,backbone,
175369224,432340,CONNECTED,,backbone,
179487270,9265,CONNECTED,,backbone,
173241139,42199196,CONNECTED,,backbone,
56588989,71988058,CONNECTED,,backbone,
56588989,102077859,CONNECTED,,backbone,
68016514,129142594,CONNECTED,,backbone,
68016514,94035491,CONNECTED,,backbone,
1721170,79657608,CONNECTED,,backbone,
1301038,146478850,CONNECTED,,backbone,
73321805,199903892,CONNECTED,,backbone,
1759478,1861514,CONNECTED,,backbone,
45729643,1836931,CONNECTED,,backbone,
45729643,911869,CONNECTED,,backbone,
104822216,1918117,CONNECTED,,backbone,
104822216,139103208,CONNECTED,,backbone,
83173400,164082759,CONNECTED,,backbone,
1949862,103444972,CONNECTED,,backbone,
166681095,78115814,CONNECTED,,backbone,
67829370,12452746,CONNECTED,,backbone,
67829370,1704086,CONNECTED,,backbone,
636282,62163016,CONNECTED,,backbone,
58277,126589702,CONNECTED,,backbone,
153777628,53185829,CONNECTED,,backbone,
9563192,79074199,CONNECTED,,backbone,
16010140,169837932,CONNECTED,,backbone,
125039041,1204462,CONNECTED,,backbone,
78117115,124311675,CONNECTED,,backbone,
124086910,6333618,CONNECTED,,backbone,
124086910,175320622,CONNECTED,,backbone,
175737761,78774306,CONNECTED,,backbone,
177608698,153150903,CONNECTED,,backbone,
129743015,60501599,CONNECTED,,backbone,
105135682,1369705,CONNECTED,,backbone,
66937174,113141736,CONNECTED,,backbone,
58682794,113188691,CONNECTED,,backbone,
1418520,63999575,CONNECTED,,backbone,
62747668,197635949,CONNECTED,,backbone,
62747668,160503682,CONNECTED,,backbone,
103906008,120737850,CONNECTED,,backbone,
103906008,89855543,CONNECTED,,backbone,
198733331,140529877,CONNECTED,,backbone,
195779490,91012656,CONNECTED,,backbone,
151743701,74756106,CONNECTED,,backbone,
151743701,45940493,CONNECTED,,backbone,
151743701,672002,CONNECTED,,backbone,
151743701,749418,CONNECTED,,backbone,
173506130,113668871,CONNECTED,,backbone,
173506130,127275296,CONNECTED,,backbone,
143119116,52910754,CONNECTED,,backbone,
143119116,185351343,CONNECTED,,backbone,
125793863,484317,CONNECTED,,backbone,
45348982,105438588,CONNECTED,,backbone,
152987150,91779039,CONNECTED,,backbone,
152987150,182811769,CONNECTED,,backbone,
189001775,177560135,CONNECTED,,backbone,
189001775,197123241,CONNECTED,,backbone,
114691536,152733606,CONNECTED,,backbone,
114691536,149475371,CONNECTED,,backbone,
165274701,128410899,CONNECTED,,backbone,
165274701,197359818,CONNECTED,,backbone,
82052231,86068722,CONNECTED,,backbone,
49156817,147764541,CONNECTED,,backbone,
13323636,99735640,CONNECTED,,backbone,
13323636,61019225,CONNECTED,,backbone,
35118519,12019689,CONNECTED,,backbone,
1702257,146457335,CONNECTED,,backbone,
78113627,117232740,CONNECTED,,backbone,
193036310,10292361,CONNECTED,,backbone,
193036310,13927873,CONNECTED,,backbone,
150641455,123493634,CONNECTED,,backbone,
530167,124694376,CONNECTED,,backbone,
530167,73094376,CONNECTED,,backbone,
184802657,646714,CONNECTED,,backbone,
1315674,60636715,CONNECTED,,backbone,
62005952,194988179,CONNECTED,,backbone,
62005952,4577320,CONNECTED,,backbone,
161706443,137624619,CONNECTED,,backbone,
129088635,167775434,CONNECTED,,backbone,
129088635,157309435,CONNECTED,,backbone,
109656243,1250663,CONNECTED,,backbone,
91460963,82858273,CONNECTED,,backbone,
91460963,139136902,CONNECTED,,backbone,
91460963,8645469,CONNECTED,,backbone,
109256406,187070092,CONNECTED,,backbone,
109256406,164663769,CONNECTED,,backbone,
109256406,160694134,CONNECTED,,backbone,
43567912,796214,CONNECTED,,backbone,
1950190,92877518,CONNECTED,,backbone,
1950190,103068735,CONNECTED,,backbone,
122436896,1582804,CONNECTED,,backbone,
74214061,90679771,CONNECTED,,backbone,
113746557,75828907,CONNECTED,,backbone,
113746557,69984222,CONNECTED,,backbone,
113746557,630632,CONNECTED,,backbone,
140719327,178231077,CONNECTED,,backbone,
149487114,159046865,CONNECTED,,backbone,
149487114,121611886,CONNECTED,,backbone,
130350144,52683667,CONNECTED,,backbone,
3575072,61167345,CONNECTED,,backbone,
3575072,135488191,CONNECTED,,backbone,
1693859,14928826,CONNECTED,,backbone,
1693859,64175627,CONNECTED,,backbone,
1693859,177479097,CONNECTED,,backbone,
150236773,137495682,CONNECTED,,backbone,
150236773,186161049,CONNECTED,,backbone,
150236773,1312671,CONNECTED,,backbone,
119504193,1260972,CONNECTED,,backbone,
1940880,163803151,CONNECTED,,backbone,
1940880,135485492,CONNECTED,,backbone,
1940880,156039601,CONNECTED,,backbone,
9029027,1627378,CONNECTED,,backbone,
9029027,747848,CONNECTED,,backbone,
9029027,145008326,CONNECTED,,backbone,
191282199,74765192,CONNECTED,,backbone,
86210822,54663987,CONNECTED,,backbone,
86210822,116404231,CONNECTED,,backbone,
198262616,866808,CONNECTED,,backbone,
8470573,120538734,CONNECTED,,backbone,
1288787,193767943,CONNECTED,,backbone,
105018656,115232804,CONNECTED,,backbone,
105018656,1142205,CONNECTED,,backbone,
105018656,4196892,CONNECTED,,backbone,
10625062,670222,CONNECTED,,backbone,
10625062,181416655,CONNECTED,,backbone,
198949661,954871,CONNECTED,,backbone,
198949661,8214541,CONNECTED,,backbone,
198949661,58351896,CONNECTED,,backbone,
97050073,144440423,CONNECTED,,backbone,
97050073,140550111,CONNECTED,,backbone,
142353649,53303588,CONNECTED,,backbone,
159379627,1740331,CONNECTED,,backbone,
22676037,102037842,CONNECTED,,backbone,
22676037,109841273,CONNECTED,,backbone,
166842490,915722,CONNECTED,,backbone,
166842490,1066625,CONNECTED,,backbone,
80611494,160589662,CONNECTED,,backbone,
150797987,1633913,CONNECTED,,backbone,
1275313,17381624,CONNECTED,,backbone,
1275313,78210384,CONNECTED,,backbone,
174279515,1009861,CONNECTED,,backbone,
174279515,161656822,CONNECTED,,backbone,
66399079,134216921,CONNECTED,,backbone,
799385,76417350,CONNECTED,,backbone,
161109814,177857255,CONNECTED,,backbone,
149236438,141752633,CONNECTED,,backbone,
140747471,168279,CONNECTED,,backbone,
90078592,168335278,CONNECTED,,backbone,
48684422,447376,CONNECTED,,backbone,
64282837,34992809,CONNECTED,,backbone,
102868427,119505174,CONNECTED,,backbone,
102868427,143325771,CONNECTED,,backbone,
160081979,66198,CONNECTED,,backbone,
160081979,187036999,CONNECTED,,backbone,
160081979,1613044,CONNECTED,,backbone,
1156793,113804281,CONNECTED,,backbone,
1041279,84816182,CONNECTED,,backbone,
48818597,163946832,CONNECTED,,backbone,
153374270,88806253,CONNECTED,,backbone,
153374270,15937166,CONNECTED,,backbone,
195191897,491686,CONNECTED,,backbone,
115847672,125890412,CONNECTED,,backbone,
115859665,63303831,CONNECTED,,backbone,
85193554,129978837,CONNECTED,,backbone,
901848,55574420,CONNECTED,,backbone,
901848,1941319,CONNECTED,,backbone,
60187416,1654775,CONNECTED,,backbone,
60187416,175215219,CONNECTED,,backbone,
60187416,1119446,CONNECTED,,backbone,
116538881,13346460,CONNECTED,,backbone,
576508,7942,CONNECTED,,backbone,
153150903,158723422,CONNECTED,,backbone,
1614455,83171322,CONNECTED,,backbone,
1614455,45213383,CONNECTED,,backbone,
1354118,1345104,CONNECTED,,backbone,
95482315,66423409,CONNECTED,,backbone,
1664357,140633260,CONNECTED,,backbone,
46762645,1044014,CONNECTED,,backbone,
112833418,26862180,CONNECTED,,backbone,
112833418,1115621,CONNECTED,,backbone,
197045562,61376327,CONNECTED,,backbone,
170947132,8523342,CONNECTED,,backbone,
165268936,107862184,CONNECTED,,backbone,
75299801,64309915,CONNECTED,,backbone,
104485143,162772874,CONNECTED,,backbone,
104485143,121085460,CONNECTED,,backbone,
192451132,12437258,CONNECTED,,backbone,
113728531,52523985,CONNECTED,,backbone,
113728531,13466458,CONNECTED,,backbone,
113728531,125303850,CONNECTED,,backbone,
159510785,72108784,CONNECTED,,backbone,
159510785,140362448,CONNECTED,,backbone,
87338589,1174507,CONNECTED,,backbone,
87338589,130035857,CONNECTED,,backbone,
123008031,132851,CONNECTED,,backbone,
123008031,126482499,CONNECTED,,backbone,
115578310,117436357,CONNECTED,,backbone,
115578310,574166,CONNECTED,,backbone,
42048570,113263484,CONNECTED,,backbone,
42544362,174394051,CONNECTED,,backbone,
181413553,169318423,CONNECTED,,backbone,
181413553,159539985,CONNECTED,,backbone,
181413553,1680747,CONNECTED,,backbone,
116077917,123854397,CONNECTED,,backbone,
19594420,182270521,CONNECTED,,backbone,
31851514,164458979,CONNECTED,,backbone,
31851514,197828920,CONNECTED,,backbone,
48363865,83583754,CONNECTED,,backbone,
106159025,182647693,CONNECTED,,backbone,
19912117,120742915,CONNECTED,,backbone,
127901731,116152204,CONNECTED,,backbone,
127901731,42984245,CONNECTED,,backbone,
183294993,523051,CONNECTED,,backbone,
1951479,1447772,CONNECTED,,backbone,
627565,90226688,CONNECTED,,backbone,
627565,97960763,CONNECTED,,backbone,
627565,4419065,CONNECTED,,backbone,
118689,857048,CONNECTED,,backbone,
118689,98229523,CONNECTED,,backbone,
118689,73780990,CONNECTED,,backbone,
72836904,469512,CONNECTED,,backbone,
14441595,715110,CONNECTED,,backbone,
99104568,127337786,CONNECTED,,backbone,
99104568,158673142,CONNECTED,,backbone,
1460184,120414697,CONNECTED,,backbone,
117830940,1717998,CONNECTED,,backbone,
45866570,114934602,CONNECTED,,backbone,
151939510,63024279,CONNECTED,,backbone,
151939510,42504802,CONNECTED,,backbone,
141316210,103445994,CONNECTED,,backbone,
1082810,87236805,CONNECTED,,backbone,
16566691,113961690,CONNECTED,,backbone,
170071019,188179650,CONNECTED,,backbone,
147181901,70900942,CONNECTED,,backbone,
401799,16421659,CONNECTED,,backbone,
107758135,125465563,CONNECTED,,backbone,
117075404,7731143,CONNECTED,,backbone,
137924834,177315818,CONNECTED,,backbone,
89422094,107310458,CONNECTED,,backbone,
97943560,583440,CONNECTED,,backbone,
97943560,16997568,CONNECTED,,backbone,
121051935,185441286,CONNECTED,,backbone,
179266673,192036677,CONNECTED,,backbone,
105253014,98696346,CONNECTED,,backbone,
1505912,567143,CONNECTED,,backbone,
128153436,5227216,CONNECTED,,backbone,
128153436,17984672,CONNECTED,,backbone,
128153436,127876712,CONNECTED,,backbone,
195145870,124337685,CONNECTED,,backbone,
56057822,18445464,CONNECTED,,backbone,
42064801,100405156,CONNECTED,,backbone,
849986,158401763,CONNECTED,,backbone,
1556422,753386,CONNECTED,,backbone,
1556422,1502193,CONNECTED,,backbone,
126274969,128321671,CONNECTED,,backbone,
1170033,173651980,CONNECTED,,backbone,
174090914,134745330,CONNECTED,,backbone,
174090914,153110634,CONNECTED,,backbone,
31910196,140111591,CONNECTED,,backbone,
31910196,161464138,CONNECTED,,backbone,
89499684,49330706,CONNECTED,,backbone,
89499684,680350,CONNECTED,,backbone,
89499684,81243492,CONNECTED,,backbone,
129641858,96150404,CONNECTED,,backbone,
74979358,134128010,CONNECTED,,backbone,
132976226,1752578,CONNECTED,,backbone,
143315181,150828945,CONNECTED,,backbone,
143315181,154106344,CONNECTED,,backbone,
641464,181535,CONNECTED,,backbone,
641464,902086,CONNECTED,,backbone,
54051662,75236405,CONNECTED,,backbone,
113244208,86135246,CONNECTED,,backbone,
176417778,181681735,CONNECTED,,backbone,
54047204,7662699,CONNECTED,,backbone,
70923437,106539782,CONNECTED,,backbone,
122446794,157528178,CONNECTED,,backbone,
1853573,91681067,CONNECTED,,backbone,
1853573,118614949,CONNECTED,,backbone,
129783244,1413796,CONNECTED,,backbone,
1757704,117466461,CONNECTED,,backbone,
1757704,122119370,CONNECTED,,backbone,
120460011,10936180,CONNECTED,,backbone,
120460011,138390759,CONNECTED,,backbone,
919711,171375230,CONNECTED,,backbone,
192903555,170146734,CONNECTED,,backbone,
62482939,170122643,CONNECTED,,backbone,
62482939,44407049,CONNECTED,,backbone,
62482939,124912024,CONNECTED,,backbone,
56032525,147480659,CONNECTED,,backbone,
56032525,189813078,CONNECTED,,backbone,
1986267,81343333,CONNECTED,,backbone,
1986267,9599096,CONNECTED,,backbone,
1060088,198916778,CONNECTED,,backbone,
106142,65814561,CONNECTED,,backbone,
164183295,68048027,CONNECTED,,backbone,
179896001,163484497,CONNECTED,,backbone,
179896001,483606,CONNECTED,,backbone,
188080565,66633444,CONNECTED,,backbone,
181409353,169766218,CONNECTED,,backbone,
181409353,71561517,CONNECTED,,backbone,
1571697,169685847,CONNECTED,,backbone,
69656901,1117357,CONNECTED,,backbone,
173590425,156035410,CONNECTED,,backbone,
199855035,1667673,CONNECTED,,backbone,
199855035,167203948,CONNECTED,,backbone,
153850852,168979726,CONNECTED,,backbone,
153850852,132804153,CONNECTED,,backbone,
1835359,122334526,CONNECTED,,backbone,
1327881,673880,CONNECTED,,backbone,
1327881,104043971,CONNECTED,,backbone,
1327881,188476146,CONNECTED,,backbone,
44977143,1817476,CONNECTED,,backbone,
179416664,1847068,CONNECTED,,backbone,
179416664,172587629,CONNECTED,,backbone,
59933823,16845430,CONNECTED,,backbone,
59933823,160010407,CONNECTED,,backbone,
59933823,75607044,CONNECTED,,backbone,
975966,125290219,CONNECTED,,backbone,
172551769,1367320,CONNECTED,,backbone,
125605846,45151712,CONNECTED,,backbone,
125605846,1157715,CONNECTED,,backbone,
125605846,115467275,CONNECTED,,backbone,
79723200,1612961,CONNECTED,,backbone,
79723200,10379,CONNECTED,,backbone,
948021,61626723,CONNECTED,,backbone,
486087,117232740,CONNECTED,,backbone,
170418129,86139163,CONNECTED,,backbone,
156019847,193726489,CONNECTED,,backbone,
41843450,132654211,CONNECTED,,backbone,
41843450,666332,CONNECTED,,backbone,
69604259,153055342,CONNECTED,,backbone,
69604259,199145585,CONNECTED,,backbone,
173187619,131229665,CONNECTED,,backbone,
124925348,51536902,CONNECTED,,backbone,
87215011,179444414,CONNECTED,,backbone,
87215011,198276396,CONNECTED,,backbone,
87215011,156646913,CONNECTED,,backbone,
144505685,1070508,CONNECTED,,backbone,
160310003,119381649,CONNECTED,,backbone,
125824360,63483478,CONNECTED,,backbone,
162757267,114247270,CONNECTED,,backbone,
162757267,106541103,CONNECTED,,backbone,
177292811,90907447,CONNECTED,,backbone,
177292811,15652,CONNECTED,,backbone,
76851657,8593133,CONNECTED,,backbone,
106901252,83176077,CONNECTED,,backbone,
190004689,35157989,CONNECTED,,backbone,
190004689,942979,CONNECTED,,backbone,
91473710,18980026,CONNECTED,,backbone,
121213493,124309391,CONNECTED,,backbone,
1563154,57068168,CONNECTED,,backbone,
126696712,58659699,CONNECTED,,backbone,
634785,143530747,CONNECTED,,backbone,
634785,115260241,CONNECTED,,backbone,
554945,124930780,CONNECTED,,backbone,
114300546,83849331,CONNECTED,,backbone,
114300546,170108151,CONNECTED,,backbone,
95938485,4735052,CONNECTED,,backbone,
95938485,17165180,CONNECTED,,backbone,
93174461,94729716,CONNECTED,,backbone,
139620677,128312802,CONNECTED,,backbone,
139620677,72719026,CONNECTED,,backbone,
1386932,73284659,CONNECTED,,backbone,
1386932,12978670,CONNECTED,,backbone,
48399098,83185799,CONNECTED,,backbone,
43332010,732875,CONNECTED,,backbone,
1157094,116746184,CONNECTED,,backbone,
1157094,1269925,CONNECTED,,backbone,
1157094,432859,CONNECTED,,backbone,
72337674,1038935,CONNECTED,,backbone,
198434558,647691,CONNECTED,,backbone,
198434558,55252069,CONNECTED,,backbone,
105475201,99809901,CONNECTED,,backbone,
102437128,138383679,CONNECTED,,backbone,
176823312,148254725,CONNECTED,,backbone,
147306708,179402360,CONNECTED,,backbone,
168820087,169766218,CONNECTED,,backbone,
168820087,182919378,CONNECTED,,backbone,
169661855,199187116,CONNECTED,,backbone,
1989542,149812333,CONNECTED,,backbone,
1989542,188469724,CONNECTED,,backbone,
115459346,19034215,CONNECTED,,backbone,
178574528,94237447,CONNECTED,,backbone,
178574528,151864836,CONNECTED,,backbone,
1265811,135510152,CONNECTED,,backbone,
1265811,60773848,CONNECTED,,backbone,
170108151,1005151,CONNECTED,,backbone,
195583038,107434942,CONNECTED,,backbone,
196117081,72761009,CONNECTED,,backbone,
1814413,66488647,CONNECTED,,backbone,
187037921,85773097,CONNECTED,,backbone,
187037921,142756995,CONNECTED,,backbone,
585619,153632939,CONNECTED,,backbone,
585619,105974061,CONNECTED,,backbone,
103902503,1485681,CONNECTED,,backbone,
79661212,76791086,CONNECTED,,backbone,
1292010,138903177,CONNECTED,,backbone,
1292010,140241961,CONNECTED,,backbone,
78115814,849843,CONNECTED,,backbone,
168328757,180585381,CONNECTED,,backbone,
168328757,1812876,CONNECTED,,backbone,
196790464,187732112,CONNECTED,,backbone,
105526298,44771344,CONNECTED,,backbone,
105526298,117674826,CONNECTED,,backbone,
1594581,162804329,CONNECTED,,backbone,
45306049,64433450,CONNECTED,,backbone,
45306049,121367055,CONNECTED,,backbone,
97298547,8174973,CONNECTED,,backbone,
163339282,143627618,CONNECTED,,backbone,
119224601,142546570,CONNECTED,,backbone,
164799610,140573208,CONNECTED,,backbone,
153620036,49393615,CONNECTED,,backbone,
174073280,10653841,CONNECTED,,backbone,
174073280,50783103,CONNECTED,,backbone,
191580592,97689730,CONNECTED,,backbone,
561739,65380387,CONNECTED,,backbone,
77848367,127736377,CONNECTED,,backbone,
1027997,81787040,CONNECTED,,backbone,
112454371,8847560,CONNECTED,,backbone,
112454371,191056256,CONNECTED,,backbone,
95805077,90539398,CONNECTED,,backbone,
181542719,99899332,CONNECTED,,backbone,
181542719,154022920,CONNECTED,,backbone,
18256,55952411,CONNECTED,,backbone,
129996775,15400136,CONNECTED,,backbone,
69745630,177058013,CONNECTED,,backbone,
123358694,159558428,CONNECTED,,backbone,
126209446,196587465,CONNECTED,,backbone,
119577819,1949726,CONNECTED,,backbone,
89027411,182861873,CONNECTED,,backbone,
54313496,1118867,CONNECTED,,backbone,
98331047,184416716,CONNECTED,,backbone,
89266697,157388077,CONNECTED,,backbone,
191720341,188862314,CONNECTED,,backbone,
1125581,93209625,CONNECTED,,backbone,
118257271,137728221,CONNECTED,,backbone,
113265123,187065003,CONNECTED,,backbone,
14416838,103440046,CONNECTED,,backbone,
14416838,153323617,CONNECTED,,backbone,
14416838,137607306,CONNECTED,,backbone,
114181896,190124394,CONNECTED,,backbone,
114181896,1126788,CONNECTED,,backbone,
114181896,77113080,CONNECTED,,backbone,
120142134,19589412,CONNECTED,,backbone,
120142134,117344217,CONNECTED,,backbone,
120142134,63931940,CONNECTED,,backbone,
150418954,132996058,CONNECTED,,backbone,
1449385,165203410,CONNECTED,,backbone,
1877489,143650189,CONNECTED,,backbone,
1877489,16981756,CONNECTED,,backbone,
1877489,146888161,CONNECTED,,backbone,
47437817,19242519,CONNECTED,,backbone,
47437817,134958466,CONNECTED,,backbone,
187275784,500032,CONNECTED,,backbone,
112737558,144258219,CONNECTED,,backbone,
119016882,172115552,CONNECTED,,backbone,
119016882,993149,CONNECTED,,backbone,
98164838,129113053,CONNECTED,,backbone,
98164838,90498630,CONNECTED,,backbone,
196776718,153372488,CONNECTED,,backbone,
176245625,1303308,CONNECTED,,backbone,
184823625,95580729,CONNECTED,,backbone,
12466463,7685176,CONNECTED,,backbone,
67990665,70336740,CONNECTED,,backbone,
153513487,184837570,CONNECTED,,backbone,
68602264,112526969,CONNECTED,,backbone,
196194960,46945398,CONNECTED,,backbone,
11294963,1054773,CONNECTED,,backbone,
11294963,114972107,CONNECTED,,backbone,
130139651,1595185,CONNECTED,,backbone,
129375428,116002201,CONNECTED,,backbone,
64649554,66439343,CONNECTED,,backbone,
122216892,136085598,CONNECTED,,backbone,
50960372,158608298,CONNECTED,,backbone,
1773656,182166995,CONNECTED,,backbone,
129562744,160961687,CONNECTED,,backbone,
144559636,1492966,CONNECTED,,backbone,
127556280,109214779,CONNECTED,,backbone,
65982200,1742613,CONNECTED,,backbone,
123634167,35009514,CONNECTED,,backbone,
1124216,170337377,CONNECTED,,backbone,
144644870,47065184,CONNECTED,,backbone,
144644870,105820229,CONNECTED,,backbone,
74323211,1635797,CONNECTED,,backbone,
138788332,106917034,CONNECTED,,backbone,
128228458,57659044,CONNECTED,,backbone,
128228458,1230865,CONNECTED,,backbone,
119562577,611282,CONNECTED,,backbone,
182193742,158891396,CONNECTED,,backbone,
182193742,61589326,CONNECTED,,backbone,
122650105,477969,CONNECTED,,backbone,
122650105,1436960,CONNECTED,,backbone,
134297498,87234547,CONNECTED,,backbone,
77106303,1183357,CONNECTED,,backbone,
1003870,114463693,CONNECTED,,backbone,
126159943,1345339,CONNECTED,,backbone,
44644949,149142915,CONNECTED,,backbone,
44644949,156126212,CONNECTED,,backbone,
890932,157676238,CONNECTED,,backbone,
890932,52834849,CONNECTED,,backbone,
49547556,91826193,CONNECTED,,backbone,
49547556,134731649,CONNECTED,,backbone,
6326151,140936978,CONNECTED,,backbone,
77834005,10247592,CONNECTED,,backbone,
1961678,140066029,CONNECTED,,backbone,
16331302,126114759,CONNECTED,,backbone,
16331302,161914589,CONNECTED,,backbone,
100812437,119791341,CONNECTED,,backbone,
115674671,122365185,CONNECTED,,backbone,
115674671,70080817,CONNECTED,,backbone,
154841986,156039601,CONNECTED,,backbone,
139606064,6959694,CONNECTED,,backbone,
1985872,631717,CONNECTED,,backbone,
135389960,1030580,CONNECTED,,backbone,
135389960,59462400,CONNECTED,,backbone,
162905802,1524699,CONNECTED,,backbone,
162905802,174611560,CONNECTED,,backbone,
84151856,80543572,CONNECTED,,backbone,
84151856,7786879,CONNECTED,,backbone,
1599989,151377464,CONNECTED,,backbone,
1599989,115198864,CONNECTED,,backbone,
165665679,144101445,CONNECTED,,backbone,
178925055,53187369,CONNECTED,,backbone,
176541086,193406206,CONNECTED,,backbone,
176541086,96991180,CONNECTED,,backbone,
97591997,192822950,CONNECTED,,backbone,
142867850,173231285,CONNECTED,,backbone,
601840,119338640,CONNECTED,,backbone,
601840,176509709,CONNECTED,,backbone,
143502329,144903695,CONNECTED,,backbone,
143502329,153307879,CONNECTED,,backbone,
93747527,15896787,CONNECTED,,backbone,
163662439,982195,CONNECTED,,backbone,
878229,121687393,CONNECTED,,backbone,
69180908,1748314,CONNECTED,,backbone,
169311381,43492932,CONNECTED,,backbone,
96124332,186583010,CONNECTED,,backbone,
96124332,118218699,CONNECTED,,backbone,
96124332,103067594,CONNECTED,,backbone,
153124108,142113803,CONNECTED,,backbone,
182604952,1641876,CONNECTED,,backbone,
101579,42293225,CONNECTED,,backbone,
119832409,65426110,CONNECTED,,backbone,
119832409,5381169,CONNECTED,,backbone,
54699316,9921648,CONNECTED,,backbone,
54699316,1972907,CONNECTED,,backbone,
54699316,1178433,CONNECTED,,backbone,
175509946,121364329,CONNECTED,,backbone,
163526905,193711882,CONNECTED,,backbone,
15456344,137565570,CONNECTED,,backbone,
111464462,162321092,CONNECTED,,backbone,
176252763,1157255,CONNECTED,,backbone,
49126995,61100941,CONNECTED,,backbone,
49126995,116680023,CONNECTED,,backbone,
128841119,164591718,CONNECTED,,backbone,
105777192,47484923,CONNECTED,,backbone,
105777192,52170120,CONNECTED,,backbone,
105777192,113025579,CONNECTED,,backbone,
48984811,107827883,CONNECTED,,backbone,
48984811,98640515,CONNECTED,,backbone,
48984811,148553857,CONNECTED,,backbone,
135485492,1220077,CONNECTED,,backbone,
135527994,59667165,CONNECTED,,backbone,
52160800,110208211,CONNECTED,,backbone,
191272022,78044784,CONNECTED,,backbone,
151303372,92338399,CONNECTED,,backbone,
151303372,107504702,CONNECTED,,backbone,
139850302,67835237,CONNECTED,,backbone,
86597856,103984334,CONNECTED,,backbone,
86597856,181444332,CONNECTED,,backbone,
1797319,6960557,CONNECTED,,backbone,
1797319,1836734,CONNECTED,,backbone,
1192793,7008220,CONNECTED,,backbone,
82744814,171069974,CONNECTED,,backbone,
82744814,8847560,CONNECTED,,backbone,
110208211,60817833,CONNECTED,,backbone,
148305414,160632175,CONNECTED,,backbone,
148305414,77404432,CONNECTED,,backbone,
1203067,100461963,CONNECTED,,backbone,
80494536,893791,CONNECTED,,backbone,
80494536,121541650,CONNECTED,,backbone,
11293569,166196974,CONNECTED,,backbone,
60249573,99103981,CONNECTED,,backbone,
9856410,94090212,CONNECTED,,backbone,
87482078,83683624,CONNECTED,,backbone,
99811838,61605292,CONNECTED,,backbone,
127346490,179814460,CONNECTED,,backbone,
127346490,119381649,CONNECTED,,backbone,
106454698,132793789,CONNECTED,,backbone,
191122238,49604642,CONNECTED,,backbone,
794144,78342064,CONNECTED,,backbone,
187669382,119105222,CONNECTED,,backbone,
956509,65324923,CONNECTED,,backbone,
956509,177198859,CONNECTED,,backbone,
195665886,182669371,CONNECTED,,backbone,
168544222,136489656,CONNECTED,,backbone,
168544222,14682189,CONNECTED,,backbone,
168544222,95966749,CONNECTED,,backbone,
54256377,120459726,CONNECTED,,backbone,
54256377,53983245,CONNECTED,,backbone,
155140058,127288685,CONNECTED,,backbone,
155140058,179421391,CONNECTED,,backbone,
76267532,45308423,CONNECTED,,backbone,
172777167,171298243,CONNECTED,,backbone,
151158415,61507545,CONNECTED,,backbone,
128003917,15934027,CONNECTED,,backbone,
128003917,150482298,CONNECTED,,backbone,
128003917,95308044,CONNECTED,,backbone,
155619876,1776679,CONNECTED,,backbone,
155619876,519099,CONNECTED,,backbone,
1407060,169112858,CONNECTED,,backbone,
1407060,95767664,CONNECTED,,backbone,
10089,1005295,CONNECTED,,backbone,
441255,172629070,CONNECTED,,backbone,
46290334,196829321,CONNECTED,,backbone,
46094850,97339536,CONNECTED,,backbone,
46094850,185703025,CONNECTED,,backbone,
46094850,6784887,CONNECTED,,backbone,
46094850,103857637,CONNECTED,,backbone,
119719572,98461031,CONNECTED,,backbone,
46173068,840320,CONNECTED,,backbone,
46173068,164159965,CONNECTED,,backbone,
71285736,186480035,CONNECTED,,backbone,
4949892,63012749,CONNECTED,,backbone,
177877183,103879965,CONNECTED,,backbone,
184081125,56364697,CONNECTED,,backbone,
1130181,68966495,CONNECTED,,backbone,
1130181,1120063,CONNECTED,,backbone,
84663186,189466996,CONNECTED,,backbone,
959436,117674826,CONNECTED,,backbone,
197331635,17840466,CONNECTED,,backbone,
99226504,807136,CONNECTED,,backbone,
76894668,109841273,CONNECTED,,backbone,
76894668,117752652,CONNECTED,,backbone,
9567142,62950064,CONNECTED,,backbone,
9567142,56052004,CONNECTED,,backbone,
148006270,136395409,CONNECTED,,backbone,
170776661,14464159,CONNECTED,,backbone,
154056571,1482456,CONNECTED,,backbone,
154056571,134650132,CONNECTED,,backbone,
154056571,63634235,CONNECTED,,backbone,
65562438,190617985,CONNECTED,,backbone,
1666735,120185813,CONNECTED,,backbone,
107055958,46393528,CONNECTED,,backbone,
138304334,174536179,CONNECTED,,backbone,
162784149,1875841,CONNECTED,,backbone,
66488647,197011494,CONNECTED,,backbone,
116088376,858186,CONNECTED,,backbone,
116088376,20316153,CONNECTED,,backbone,
116088376,159959193,CONNECTED,,backbone,
85661044,158363686,CONNECTED,,backbone,
899614,1971180,CONNECTED,,backbone,
139641053,618279,CONNECTED,,backbone,
42053995,130875345,CONNECTED,,backbone,
133047235,140972586,CONNECTED,,backbone,
17279781,191594075,CONNECTED,,backbone,
73195810,145992633,CONNECTED,,backbone,
171886122,153237681,CONNECTED,,backbone,
66909756,134644174,CONNECTED,,backbone,
66909756,126528607,CONNECTED,,backbone,
186967947,48699460,CONNECTED,,backbone,
167485496,130595371,CONNECTED,,backbone,
167485496,8313009,CONNECTED,,backbone,
131094648,57654,CONNECTED,,backbone,
1450567,172735996,CONNECTED,,backbone,
56179419,98273880,CONNECTED,,backbone,
1652858,1131453,CONNECTED,,backbone,
91453,19041404,CONNECTED,,backbone,
101134584,115292340,CONNECTED,,backbone,
101134584,179401178,CONNECTED,,backbone,
76690110,168148429,CONNECTED,,backbone,
76690110,70216905,CONNECTED,,backbone,
169879056,1630747,CONNECTED,,backbone,
144642493,147479311,CONNECTED,,backbone,
123740319,4985094,CONNECTED,,backbone,
178115082,157550284,CONNECTED,,backbone,
40702535,196816430,CONNECTED,,backbone,
40702535,123520922,CONNECTED,,backbone,
40702535,1069101,CONNECTED,,backbone,
199122411,500341,CONNECTED,,backbone,
178156604,11579075,CONNECTED,,backbone,
178156604,178579426,CONNECTED,,backbone,
1457714,570522,CONNECTED,,backbone,
9019551,1189055,CONNECTED,,backbone,
9019551,75299801,CONNECTED,,backbone,
82384374,91731808,CONNECTED,,backbone,
135638698,170203863,CONNECTED,,backbone,
1293649,95650528,CONNECTED,,backbone,
194267228,121250415,CONNECTED,,backbone,
194267228,128198126,CONNECTED,,backbone,
149907780,86158204,CONNECTED,,backbone,
41090070,50050401,CONNECTED,,backbone,
51922081,109942595,CONNECTED,,backbone,
171593446,79069899,CONNECTED,,backbone,
171593446,87686044,CONNECTED,,backbone,
93471011,144769880,CONNECTED,,backbone,
198525008,179401178,CONNECTED,,backbone,
124311675,190866628,CONNECTED,,backbone,
81213972,109468453,CONNECTED,,backbone,
187358609,1421540,CONNECTED,,backbone,
187358609,89348613,CONNECTED,,backbone,
114828232,1380202,CONNECTED,,backbone,
114828232,87176703,CONNECTED,,backbone,
114828232,1817480,CONNECTED,,backbone,
92678220,43632943,CONNECTED,,backbone,
92678220,87142764,CONNECTED,,backbone,
118658095,151327954,CONNECTED,,backbone,
118658095,193799570,CONNECTED,,backbone,
1204735,157872963,CONNECTED,,backbone,
95242531,192476600,CONNECTED,,backbone,
95242531,1928207,CONNECTED,,backbone,
52207593,78776237,CONNECTED,,backbone,
52207593,143502329,CONNECTED,,backbone,
14679922,57047026,CONNECTED,,backbone,
14679922,176238128,CONNECTED,,backbone,
15865328,1562221,CONNECTED,,backbone,
172770923,129357486,CONNECTED,,backbone,
172770923,182843246,CONNECTED,,backbone,
6681344,1275595,CONNECTED,,backbone,
6681344,192867133,CONNECTED,,backbone,
111800195,159693832,CONNECTED,,backbone,
1127151,1413115,CONNECTED,,backbone,
1305698,107163721,CONNECTED,,backbone,
4371968,192829348,CONNECTED,,backbone,
133737367,59239891,CONNECTED,,backbone,
133737367,162539562,CONNECTED,,backbone,
133737367,1522880,CONNECTED,,backbone,
185102785,898400,CONNECTED,,backbone,
96757428,69253353,CONNECTED,,backbone,
182468366,43540243,CONNECTED,,backbone,
182468366,97682342,CONNECTED,,backbone,
168304340,1838434,CONNECTED,,backbone,
168304340,1429725,CONNECTED,,backbone,
84140942,166455787,CONNECTED,,backbone,
102058016,191720341,CONNECTED,,backbone,
161334638,193296844,CONNECTED,,backbone,
161334638,14288716,CONNECTED,,backbone,
155753272,1105260,CONNECTED,,backbone,
165642279,1574849,CONNECTED,,backbone,
165642279,1051615,CONNECTED,,backbone,
938894,1464524,CONNECTED,,backbone,
93358685,68237104,CONNECTED,,backbone,
12283380,1071569,CONNECTED,,backbone,
12283380,79993437,CONNECTED,,backbone,
70242187,885374,CONNECTED,,backbone,
74926719,143594507,CONNECTED,,backbone,
785676,96023222,CONNECTED,,backbone,
185652629,95898738,CONNECTED,,backbone,
197851424,140269114,CONNECTED,,backbone,
98336961,183944920,CONNECTED,,backbone,
11194296,158532879,CONNECTED,,backbone,
107981027,1124135,CONNECTED,,backbone,
176974844,562888,CONNECTED,,backbone,
176974844,56532282,CONNECTED,,backbone,
750972,1150305,CONNECTED,,backbone,
181695,68191074,CONNECTED,,backbone,
172735996,93279762,CONNECTED,,backbone,
165496301,89591954,CONNECTED,,backbone,
6229517,129846044,CONNECTED,,backbone,
120428560,70459999,CONNECTED,,backbone,
120428560,41775457,CONNECTED,,backbone,
129535195,149142915,CONNECTED,,backbone,
129535195,198881302,CONNECTED,,backbone,
104670356,56819090,CONNECTED,,backbone,
43504949,1476006,CONNECTED,,backbone,
43504949,1317138,CONNECTED,,backbone,
109238415,88882014,CONNECTED,,backbone,
173528178,163562987,CONNECTED,,backbone,
164891610,61376327,CONNECTED,,backbone,
164891610,122439542,CONNECTED,,backbone,
583905,1756822,CONNECTED,,backbone,
173170636,99425393,CONNECTED,,backbone,
1691697,181509,CONNECTED,,backbone,
1691697,148619807,CONNECTED,,backbone,
84442206,921456,CONNECTED,,backbone,
84442206,176238128,CONNECTED,,backbone,
190587530,73112843,CONNECTED,,backbone,
1647844,199145585,CONNECTED,,backbone,
86090511,1467003,CONNECTED,,backbone,
86090511,137924730,CONNECTED,,backbone,
1376116,406759,CONNECTED,,backbone,
1376116,151710409,CONNECTED,,backbone,
1376116,154043192,CONNECTED,,backbone,
174079668,130785232,CONNECTED,,backbone,
183322019,125436564,CONNECTED,,backbone,
129835623,141390848,CONNECTED,,backbone,
93761152,1794458,CONNECTED,,backbone,
1938007,158061876,CONNECTED,,backbone,
43260956,1758009,CONNECTED,,backbone,
43260956,83496275,CONNECTED,,backbone,
54294835,199021070,CONNECTED,,backbone,
54294835,9043442,CONNECTED,,backbone,
180681252,199292,CONNECTED,,backbone,
180681252,70584254,CONNECTED,,backbone,
52677553,80142203,CONNECTED,,backbone,
137976709,1301202,CONNECTED,,backbone,
137976709,169323925,CONNECTED,,backbone,
1509188,10345977,CONNECTED,,backbone,
1509188,136844940,CONNECTED,,backbone,
102466924,134350055,CONNECTED,,backbone,
102466924,164318487,CONNECTED,,backbone,
88211358,119962231,CONNECTED,,backbone,
64157830,125096231,CONNECTED,,backbone,
64157830,143233,CONNECTED,,backbone,
57769320,106206993,CONNECTED,,backbone,
190519090,136522777,CONNECTED,,backbone,
190519090,71283679,CONNECTED,,backbone,
179171934,6542565,CONNECTED,,backbone,
179171934,64175803,CONNECTED,,backbone,
179171934,128388503,CONNECTED,,backbone,
69268136,163138329,CONNECTED,,backbone,
98190745,73135074,CONNECTED,,backbone,
19967432,92606019,CONNECTED,,backbone,
146493211,8356717,CONNECTED,,backbone,
170166628,154434023,CONNECTED,,backbone,
926182,173994672,CONNECTED,,backbone,
1396328,52173542,CONNECTED,,backbone,
93395737,87767963,CONNECTED,,backbone,
1530906,1783436,CONNECTED,,backbone,
7820488,1690952,CONNECTED,,backbone,
134772350,115609732,CONNECTED,,backbone,
132222763,1773255,CONNECTED,,backbone,
132222763,146489117,CONNECTED,,backbone,
132222763,62233377,CONNECTED,,backbone,
127109635,150528494,CONNECTED,,backbone,
842546,1382902,CONNECTED,,backbone,
134151470,1403588,CONNECTED,,backbone,
12579291,126771,CONNECTED,,backbone,
12579291,79657608,CONNECTED,,backbone,
118123076,69602242,CONNECTED,,backbone,
186269376,116071186,CONNECTED,,backbone,
150525841,5642540,CONNECTED,,backbone,
150525841,17840466,CONNECTED,,backbone,
93451485,128840768,CONNECTED,,backbone,
44306853,68075404,CONNECTED,,backbone,
44306853,12231662,CONNECTED,,backbone,
44306853,43075389,CONNECTED,,backbone,
172628793,187071665,CONNECTED,,backbone,
105873028,158284050,CONNECTED,,backbone,
150482298,191532559,CONNECTED,,backbone,
150482298,1101359,CONNECTED,,backbone,
916743,35009514,CONNECTED,,backbone,
55764073,56619135,CONNECTED,,backbone,
4733655,187808995,CONNECTED,,backbone,
153162873,672201,CONNECTED,,backbone,
1709849,12244015,CONNECTED,,backbone,
1709849,94325596,CONNECTED,,backbone,
1709849,146446605,CONNECTED,,backbone,
111856954,1418732,CONNECTED,,backbone,
194100571,173083361,CONNECTED,,backbone,
1503218,1372479,CONNECTED,,backbone,
1503218,6259315,CONNECTED,,backbone,
102413173,170188489,CONNECTED,,backbone,
45694372,158365769,CONNECTED,,backbone,
45694372,72572301,CONNECTED,,backbone,
45694372,1583410,CONNECTED,,backbone,
112832952,137964751,CONNECTED,,backbone,
6482667,69984222,CONNECTED,,backbone,
6482667,16010187,CONNECTED,,backbone,
130208,10450582,CONNECTED,,backbone,
130208,1064914,CONNECTED,,backbone,
109424,184013115,CONNECTED,,backbone,
160143878,115482711,CONNECTED,,backbone,
188019247,1271400,CONNECTED,,backbone,
16699309,185473687,CONNECTED,,backbone,
76993554,120823041,CONNECTED,,backbone,
105542067,159536072,CONNECTED,,backbone,
181671104,55824508,CONNECTED,,backbone,
181671104,198863313,CONNECTED,,backbone,
160476563,1382615,CONNECTED,,backbone,
160476563,54449882,CONNECTED,,backbone,
1526417,131360,CONNECTED,,backbone,
199587945,44423582,CONNECTED,,backbone,
199587945,17118247,CONNECTED,,backbone,
1299743,98869370,CONNECTED,,backbone,
1299743,102255031,CONNECTED,,backbone,
158935847,113232373,CONNECTED,,backbone,
168138233,138390759,CONNECTED,,backbone,
168138233,665423,CONNECTED,,backbone,
1750252,522212,CONNECTED,,backbone,
133325503,70864254,CONNECTED,,backbone,
111743324,1403331,CONNECTED,,backbone,
111743324,161819782,CONNECTED,,backbone,
91868463,80975535,CONNECTED,,backbone,
1517471,73592089,CONNECTED,,backbone,
1517471,107320099,CONNECTED,,backbone,
9880275,121594356,CONNECTED,,backbone,
9880275,1704210,CONNECTED,,backbone,
170421123,103094353,CONNECTED,,backbone,
170421123,129749558,CONNECTED,,backbone,
68970844,118638358,CONNECTED,,backbone,
10379,6598719,CONNECTED,,backbone,
160377045,176640690,CONNECTED,,backbone,
153563117,19754715,CONNECTED,,backbone,
87143289,173836055,CONNECTED,,backbone,
87143289,535595,CONNECTED,,backbone,
87143289,150797987,CONNECTED,,backbone,
114187906,44695171,CONNECTED,,backbone,
15663670,850556,CONNECTED,,backbone,
15663670,113840791,CONNECTED,,backbone,
117869325,194416297,CONNECTED,,backbone,
117869325,62206986,CONNECTED,,backbone,
121261939,147607,CONNECTED,,backbone,
94379561,124311675,CONNECTED,,backbone,
109432385,195168042,CONNECTED,,backbone,
109432385,120619830,CONNECTED,,backbone,
170145702,92678220,CONNECTED,,backbone,
170145702,1168742,CONNECTED,,backbone,
34617009,896878,CONNECTED,,backbone,
34617009,198863417,CONNECTED,,backbone,
147172151,176903879,CONNECTED,,backbone,
63012749,961249,CONNECTED,,backbone,
12483443,104682,CONNECTED,,backbone,
138950189,73215598,CONNECTED,,backbone,
59667056,146876205,CONNECTED,,backbone,
143862803,198912363,CONNECTED,,backbone,
59805226,13355462,CONNECTED,,backbone,
45744395,158195448,CONNECTED,,backbone,
186028065,83644567,CONNECTED,,backbone,
13495899,51006831,CONNECTED,,backbone,
13495899,195193537,CONNECTED,,backbone,
157484521,88526260,CONNECTED,,backbone,
157484521,119231855,CONNECTED,,backbone,
157484521,195467973,CONNECTED,,backbone,
1715176,149017059,CONNECTED,,backbone,
1715176,103578315,CONNECTED,,backbone,
162450999,1300373,CONNECTED,,backbone,
997569,127076165,CONNECTED,,backbone,
110925700,1870814,CONNECTED,,backbone,
110925700,100853851,CONNECTED,,backbone,
110925700,1989836,CONNECTED,,backbone,
10596171,72632547,CONNECTED,,backbone,
105492961,104443152,CONNECTED,,backbone,
147536626,1272291,CONNECTED,,backbone,
147536626,102250185,CONNECTED,,backbone,
99425393,34998133,CONNECTED,,backbone,
99425393,111405866,CONNECTED,,backbone,
106451,109739120,CONNECTED,,backbone,
106451,161467601,CONNECTED,,backbone,
618858,113897185,CONNECTED,,backbone,
8258843,112883531,CONNECTED,,backbone,
151318266,182854190,CONNECTED,,backbone,
1015543,731346,CONNECTED,,backbone,
156088403,127568675,CONNECTED,,backbone,
70076841,125236692,CONNECTED,,backbone,
130719109,633048,CONNECTED,,backbone,
1321924,772009,CONNECTED,,backbone,
881596,63699707,CONNECTED,,backbone,
881596,83635177,CONNECTED,,backbone,
517761,103364500,CONNECTED,,backbone,
188808332,15472098,CONNECTED,,backbone,
81699047,92987389,CONNECTED,,backbone,
1743006,110071634,CONNECTED,,backbone,
1743006,158756568,CONNECTED,,backbone,
136251504,62747668,CONNECTED,,backbone,
101637223,528038,CONNECTED,,backbone,
131832455,107727627,CONNECTED,,backbone,
131832455,139536641,CONNECTED,,backbone,
131832455,6316255,CONNECTED,,backbone,
131832455,42803906,CONNECTED,,backbone,
1706582,54368775,CONNECTED,,backbone,
1706582,17271400,CONNECTED,,backbone,
492319,19470036,CONNECTED,,backbone,
45763796,108440468,CONNECTED,,backbone,
149713014,508204,CONNECTED,,backbone,
171174678,135466201,CONNECTED,,backbone,
161755679,18575203,CONNECTED,,backbone,
65397993,59444069,CONNECTED,,backbone,
65397993,95249467,CONNECTED,,backbone,
17397987,177144390,CONNECTED,,backbone,
151685218,129551809,CONNECTED,,backbone,
124462737,107191093,CONNECTED,,backbone,
124462737,171641805,CONNECTED,,backbone,
627996,188503653,CONNECTED,,backbone,
181466773,8989012,CONNECTED,,backbone,
181466773,143502329,CONNECTED,,backbone,
160019262,69181514,CONNECTED,,backbone,
18039202,153357810,CONNECTED,,backbone,
81961209,1658181,CONNECTED,,backbone,
43042667,1005271,CONNECTED,,backbone,
43042667,61708549,CONNECTED,,backbone,
19242519,114926866,CONNECTED,,backbone,
19242519,164576251,CONNECTED,,backbone,
174046239,1348626,CONNECTED,,backbone,
174046239,107460954,CONNECTED,,backbone,
11428547,782228,CONNECTED,,backbone,
701326,1707076,CONNECTED,,backbone,
173087107,1839448,CONNECTED,,backbone,
79661003,1717943,CONNECTED,,backbone,
554312,1497933,CONNECTED,,backbone,
554312,53497052,CONNECTED,,backbone,
71439384,1545782,CONNECTED,,backbone,
1587127,174705539,CONNECTED,,backbone,
1587127,529971,CONNECTED,,backbone,
94433356,58707355,CONNECTED,,backbone,
190117529,57474676,CONNECTED,,backbone,
114287648,89572314,CONNECTED,,backbone,
1070347,46295567,CONNECTED,,backbone,
199212468,807940,CONNECTED,,backbone,
199212468,10744578,CONNECTED,,backbone,
1335621,157388077,CONNECTED,,backbone,
17860180,115887149,CONNECTED,,backbone,
77151262,43872837,CONNECTED,,backbone,
77151262,197376952,CONNECTED,,backbone,
80875226,177183931,CONNECTED,,backbone,
12534336,72703801,CONNECTED,,backbone,
184273097,114696795,CONNECTED,,backbone,
184273097,1104661,CONNECTED,,backbone,
40150148,54504716,CONNECTED,,backbone,
124890829,472052,CONNECTED,,backbone,
124890829,105316807,CONNECTED,,backbone,
1477352,95919582,CONNECTED,,backbone,
138700285,123493634,CONNECTED,,backbone,
1724561,72230842,CONNECTED,,backbone,
161780758,184018399,CONNECTED,,backbone,
1821343,169827426,CONNECTED,,backbone,
171095248,102394309,CONNECTED,,backbone,
116666478,824312,CONNECTED,,backbone,
153229170,192829348,CONNECTED,,backbone,
149041960,66083399,CONNECTED,,backbone,
149041960,41091761,CONNECTED,,backbone,
1414197,191581568,CONNECTED,,backbone,
56500856,58123947,CONNECTED,,backbone,
188752352,17028949,CONNECTED,,backbone,
188458180,85567811,CONNECTED,,backbone,
59522896,1017458,CONNECTED,,backbone,
59522896,9185576,CONNECTED,,backbone,
59522896,917059,CONNECTED,,backbone,
59522896,59444069,CONNECTED,,backbone,
152358668,132503547,CONNECTED,,backbone,
1671572,1434983,CONNECTED,,backbone,
105831360,1098798,CONNECTED,,backbone,
147235082,185888300,CONNECTED,,backbone,
1253414,139829323,CONNECTED,,backbone,
1253414,43003219,CONNECTED,,backbone,
1253414,864830,CONNECTED,,backbone,
1253414,96210181,CONNECTED,,backbone,
64176203,86704010,CONNECTED,,backbone,
45902663,147399908,CONNECTED,,backbone,
102120578,182159344,CONNECTED,,backbone,
102120578,189029266,CONNECTED,,backbone,
1784725,6333618,CONNECTED,,backbone,
1784725,35780091,CONNECTED,,backbone,
199222385,58116282,CONNECTED,,backbone,
199222385,112002903,CONNECTED,,backbone,
817837,1216390,CONNECTED,,backbone,
817837,63881282,CONNECTED,,backbone,
112382665,136375969,CONNECTED,,backbone,
59290845,125863040,CONNECTED,,backbone,
186919910,15400136,CONNECTED,,backbone,
133804516,170622100,CONNECTED,,backbone,
1238469,147719616,CONNECTED,,backbone,
138947374,103715031,CONNECTED,,backbone,
79901402,79275434,CONNECTED,,backbone,
90189009,107425369,CONNECTED,,backbone,
90189009,195994104,CONNECTED,,backbone,
106888516,183229695,CONNECTED,,backbone,
106888516,187663617,CONNECTED,,backbone,
110758795,142424756,CONNECTED,,backbone,
651524,86006569,CONNECTED,,backbone,
107642491,122033183,CONNECTED,,backbone,
101522858,93876061,CONNECTED,,backbone,
101522858,130333047,CONNECTED,,backbone,
60121423,1150401,CONNECTED,,backbone,
74090796,130664179,CONNECTED,,backbone,
74090796,177624434,CONNECTED,,backbone,
74090796,183294126,CONNECTED,,backbone,
12514384,196808138,CONNECTED,,backbone,
111605810,151852679,CONNECTED,,backbone,
166932309,62098058,CONNECTED,,backbone,
5881465,77766812,CONNECTED,,backbone,
99450048,119010874,CONNECTED,,backbone,
1674136,79146676,CONNECTED,,backbone,
1626478,192711619,CONNECTED,,backbone,
182222382,1318948,CONNECTED,,backbone,
112241763,105682636,CONNECTED,,backbone,
197665897,113298170,CONNECTED,,backbone,
197665897,136833997,CONNECTED,,backbone,
1252610,167656481,CONNECTED,,backbone,
178290978,116467300,CONNECTED,,backbone,
178290978,79900486,CONNECTED,,backbone,
18980026,112772446,CONNECTED,,backbone,
18980026,74895648,CONNECTED,,backbone,
18980026,76677021,CONNECTED,,backbone,
18980026,41865645,CONNECTED,,backbone,
62486541,137036540,CONNECTED,,backbone,
102784483,14374293,CONNECTED,,backbone,
147313333,133438994,CONNECTED,,backbone,
147313333,198778635,CONNECTED,,backbone,
147313333,178925055,CONNECTED,,backbone,
1667062,167321952,CONNECTED,,backbone,
113138940,1787156,CONNECTED,,backbone,
113138940,123451980,CONNECTED,,backbone,
93580810,934656,CONNECTED,,backbone,
93580810,4487959,CONNECTED,,backbone,
601306,133441031,CONNECTED,,backbone,
601306,1605947,CONNECTED,,backbone,
12781381,142966060,CONNECTED,,backbone,
65394759,172104436,CONNECTED,,backbone,
122011616,193699378,CONNECTED,,backbone,
122011616,166516818,CONNECTED,,backbone,
67970921,1107904,CONNECTED,,backbone,
140464518,141720155,CONNECTED,,backbone,
146689736,1626843,CONNECTED,,backbone,
100404655,140050748,CONNECTED,,backbone,
100404655,59122333,CONNECTED,,backbone,
58698123,102017078,CONNECTED,,backbone,
107246673,1070949,CONNECTED,,backbone,
56172176,63292,CONNECTED,,backbone,
56172176,53710619,CONNECTED,,backbone,
194153467,105890037,CONNECTED,,backbone,
52669383,97666827,CONNECTED,,backbone,
52669383,68191074,CONNECTED,,backbone,
164333398,106203837,CONNECTED,,backbone,
112709875,73786764,CONNECTED,,backbone,
50087568,70452701,CONNECTED,,backbone,
50087568,1303629,CONNECTED,,backbone,
172765286,1502449,CONNECTED,,backbone,
170669940,108113,CONNECTED,,backbone,
170669940,8125758,CONNECTED,,backbone,
451482,702218,CONNECTED,,backbone,
451482,1899570,CONNECTED,,backbone,
4594724,181709386,CONNECTED,,backbone,
87115671,76248457,CONNECTED,,backbone,
98572723,73181499,CONNECTED,,backbone,
131825295,83497366,CONNECTED,,backbone,
186294197,10723300,CONNECTED,,backbone,
144614045,93319686,CONNECTED,,backbone,
144916727,149099913,CONNECTED,,backbone,
187303208,689928,CONNECTED,,backbone,
153071886,75181198,CONNECTED,,backbone,
153071886,120150284,CONNECTED,,backbone,
116876038,1615920,CONNECTED,,backbone,
148478233,158719690,CONNECTED,,backbone,
148478233,106030148,CONNECTED,,backbone,
148478233,190132139,CONNECTED,,backbone,
1537053,96362196,CONNECTED,,backbone,
1537053,74690586,CONNECTED,,backbone,
69587477,71455226,CONNECTED,,backbone,
164837980,117466461,CONNECTED,,backbone,
56802851,142908985,CONNECTED,,backbone,
948911,128795245,CONNECTED,,backbone,
84044980,586843,CONNECTED,,backbone,
84044980,136900148,CONNECTED,,backbone,
183076372,1988920,CONNECTED,,backbone,
135954853,1116786,CONNECTED,,backbone,
135954853,153316694,CONNECTED,,backbone,
135954853,56184610,CONNECTED,,backbone,
973495,99902993,CONNECTED,,backbone,
516536,134731649,CONNECTED,,backbone,
189696122,535595,CONNECTED,,backbone,
79826977,59197976,CONNECTED,,backbone,
97142707,82985037,CONNECTED,,backbone,
17926611,98350696,CONNECTED,,backbone,
17926611,484171,CONNECTED,,backbone,
9540493,172623571,CONNECTED,,backbone,
188638825,57680363,CONNECTED,,backbone,
188638825,167955063,CONNECTED,,backbone,
126114759,59074441,CONNECTED,,backbone,
126114759,143341646,CONNECTED,,backbone,
191808,164409646,CONNECTED,,backbone,
188178774,50898703,CONNECTED,,backbone,
188178774,116637432,CONNECTED,,backbone,
44821981,89171485,CONNECTED,,backbone,
44821981,1809092,CONNECTED,,backbone,
44821981,76595044,CONNECTED,,backbone,
1508670,1318085,HIGH_PRIORITY,,priority,0.89
1508670,878229,HIGH_PRIORITY,,priority,0.92
1508670,97129641,HIGH_PRIORITY,,priority,0.89
1508670,154488643,HIGH_PRIORITY,,priority,0.9
1508670,124531452,HIGH_PRIORITY,,priority,0.97
1508670,55052570,HIGH_PRIORITY,,priority,0.86
1508670,175014617,HIGH_PRIORITY,,priority,0.98
1508670,145603491,HIGH_PRIORITY,,priority,0.93
1508670,987103,HIGH_PRIORITY,,priority,0.92
1508670,891864,HIGH_PRIORITY,,priority,0.99
1508670,103744321,HIGH_PRIORITY,,priority,0.93
1508670,125275309,HIGH_PRIORITY,,priority,0.95
1508670,146396462,HIGH_PRIORITY,,priority,0.98
1508670,1658153,HIGH_PRIORITY,,priority,0.87
1508670,176640197,HIGH_PRIORITY,,priority,0.86
793287,182140665,HIGH_PRIORITY,,priority,0.88
793287,58673665,HIGH_PRIORITY,,priority,0.86
793287,168714076,HIGH_PRIORITY,,priority,0.9
793287,50263759,HIGH_PRIORITY,,priority,0.96
793287,1158580,HIGH_PRIORITY,,priority,0.9
793287,123901818,HIGH_PRIORITY,,priority,0.9
793287,172438137,HIGH_PRIORITY,,priority,0.94
793287,184056589,HIGH_PRIORITY,,priority,0.93
793287,124323394,HIGH_PRIORITY,,priority,0.98
793287,71994411,HIGH_PRIORITY,,priority,0.85
793287,186997628,HIGH_PRIORITY,,priority,0.9
793287,92485291,HIGH_PRIORITY,,priority,0.98
793287,1482452,HIGH_PRIORITY,,priority,0.94
793287,56203672,HIGH_PRIORITY,,priority,0.94
793287,121279895,HIGH_PRIORITY,,priority,0.92
83583147,173658125,HIGH_PRIORITY,,priority,0.92
83583147,121541650,HIGH_PRIORITY,,priority,0.95
83583147,117758109,HIGH_PRIORITY,,priority,0.91
83583147,1562511,HIGH_PRIORITY,,priority,0.88
83583147,1896696,HIGH_PRIORITY,,priority,0.85
83583147,611282,HIGH_PRIORITY,,priority,0.92
83583147,586901,HIGH_PRIORITY,,priority,0.92
83583147,754862,HIGH_PRIORITY,,priority,0.91
83583147,1717998,HIGH_PRIORITY,,priority,0.94
83583147,850220,HIGH_PRIORITY,,priority,0.98
83583147,73596802,HIGH_PRIORITY,,priority,0.98
83583147,90419629,HIGH_PRIORITY,,priority,0.87
83583147,129124046,HIGH_PRIORITY,,priority,0.96
83583147,14409129,HIGH_PRIORITY,,priority,0.92
83583147,86257205,HIGH_PRIORITY,,priority,0.93
43261583,120465757,HIGH_PRIORITY,,priority,0.93
43261583,1857103,HIGH_PRIORITY,,priority,0.87
43261583,97647640,HIGH_PRIORITY,,priority,0.86
43261583,106443285,HIGH_PRIORITY,,priority,0.95
43261583,68488613,HIGH_PRIORITY,,priority,0.85
43261583,1831591,HIGH_PRIORITY,,priority,0.95
43261583,174700642,HIGH_PRIORITY,,priority,0.89
43261583,109258792,HIGH_PRIORITY,,priority,0.97
43261583,118317311,HIGH_PRIORITY,,priority,0.88
43261583,870964,HIGH_PRIORITY,,priority,0.86
43261583,557361,HIGH_PRIORITY,,priority,0.93
43261583,65543484,HIGH_PRIORITY,,priority,0.86
43261583,183063450,HIGH_PRIORITY,,priority,0.86
43261583,164333398,HIGH_PRIORITY,,priority,0.94
43261583,48500550,HIGH_PRIORITY,,priority,0.85
1204613,155587823,HIGH_PRIORITY,,priority,0.96
1204613,859954,HIGH_PRIORITY,,priority,0.96
1204613,106464168,HIGH_PRIORITY,,priority,0.96
1204613,14862959,HIGH_PRIORITY,,priority,0.97
1204613,69905744,HIGH_PRIORITY,,priority,0.87
1204613,583256,HIGH_PRIORITY,,priority,0.9
1204613,85889272,HIGH_PRIORITY,,priority,0.95
1204613,1122431,HIGH_PRIORITY,,priority,0.91
1204613,1698409,HIGH_PRIORITY,,priority,0.85
1204613,72614410,HIGH_PRIORITY,,priority,0.98
1204613,1546353,HIGH_PRIORITY,,priority,0.88
1204613,151526842,HIGH_PRIORITY,,priority,0.89
1204613,105256052,HIGH_PRIORITY,,priority,0.86
1204613,88018918,HIGH_PRIORITY,,priority,0.93
1204613,178969590,HIGH_PRIORITY,,priority,0.95
92473437,12187275,HIGH_PRIORITY,,priority,0.96
92473437,142966060,HIGH_PRIORITY,,priority,0.92
92473437,63737734,HIGH_PRIORITY,,priority,0.88
92473437,346313,HIGH_PRIORITY,,priority,0.89
92473437,104176564,HIGH_PRIORITY,,priority,0.9
92473437,43718,HIGH_PRIORITY,,priority,0.88
92473437,77635065,HIGH_PRIORITY,,priority,0.97
92473437,5098163,HIGH_PRIORITY,,priority,0.98
92473437,167433590,HIGH_PRIORITY,,priority,0.95
92473437,138727442,HIGH_PRIORITY,,priority,0.99
92473437,125995474,HIGH_PRIORITY,,priority,0.93
92473437,50898703,HIGH_PRIORITY,,priority,0.96
92473437,1922892,HIGH_PRIORITY,,priority,0.93
92473437,1189096,HIGH_PRIORITY,,priority,0.99
92473437,105751831,HIGH_PRIORITY,,priority,0.93
636543,90538731,HIGH_PRIORITY,,priority,0.91
636543,1574991,HIGH_PRIORITY,,priority,0.88
636543,58351896,HIGH_PRIORITY,,priority,0.92
636543,195626334,HIGH_PRIORITY,,priority,0.91
636543,179507717,HIGH_PRIORITY,,priority,0.9
636543,432859,HIGH_PRIORITY,,priority,0.98
636543,191455649,HIGH_PRIORITY,,priority,0.93
636543,177315818,HIGH_PRIORITY,,priority,0.91
636543,121364329,HIGH_PRIORITY,,priority,0.86
636543,171553597,HIGH_PRIORITY,,priority,0.9
636543,198329593,HIGH_PRIORITY,,priority,0.87
636543,4855228,HIGH_PRIORITY,,priority,0.97
636543,182471914,HIGH_PRIORITY,,priority,0.95
636543,133300117,HIGH_PRIORITY,,priority,0.89
636543,1206256,HIGH_PRIORITY,,priority,0.96
134751825,1629859,HIGH_PRIORITY,,priority,0.93
134751825,142481933,HIGH_PRIORITY,,priority,0.95
134751825,150749400,HIGH_PRIORITY,,priority,0.96
134751825,164174322,HIGH_PRIORITY,,priority,0.91
134751825,99431867,HIGH_PRIORITY,,priority,0.88
134751825,136699628,HIGH_PRIORITY,,priority,0.97
134751825,56364697,HIGH_PRIORITY,,priority,0.94
134751825,1846766,HIGH_PRIORITY,,priority,0.91
134751825,464114,HIGH_PRIORITY,,priority,0.91
134751825,138130045,HIGH_PRIORITY,,priority,0.92
134751825,127303619,HIGH_PRIORITY,,priority,0.88
134751825,161097970,HIGH_PRIORITY,,priority,0.93
134751825,84971059,HIGH_PRIORITY,,priority,0.96
134751825,1850771,HIGH_PRIORITY,,priority,0.88
134751825,95489656,HIGH_PRIORITY,,priority,0.93
160677550,113897185,HIGH_PRIORITY,,priority,0.88
160677550,195886255,HIGH_PRIORITY,,priority,0.98
160677550,124407463,HIGH_PRIORITY,,priority,0.9
160677550,2691651,HIGH_PRIORITY,,priority,0.93
160677550,119291624,HIGH_PRIORITY,,priority,0.96
160677550,1130769,HIGH_PRIORITY,,priority,0.96
160677550,127057883,HIGH_PRIORITY,,priority,0.88
160677550,170233023,HIGH_PRIORITY,,priority,0.97
160677550,159554849,HIGH_PRIORITY,,priority,0.91
160677550,126097174,HIGH_PRIORITY,,priority,0.85
160677550,187771162,HIGH_PRIORITY,,priority,0.96
160677550,42657825,HIGH_PRIORITY,,priority,0.97
160677550,133249168,HIGH_PRIORITY,,priority,0.94
160677550,959797,HIGH_PRIORITY,,priority,0.92
160677550,5916877,HIGH_PRIORITY,,priority,0.86
57068247,1132460,HIGH_PRIORITY,,priority,0.98
57068247,144566121,HIGH_PRIORITY,,priority,0.98
57068247,170083994,HIGH_PRIORITY,,priority,0.91
57068247,127303619,HIGH_PRIORITY,,priority,0.91
57068247,109315973,HIGH_PRIORITY,,priority,0.89
57068247,112995837,HIGH_PRIORITY,,priority,0.95
57068247,109524002,HIGH_PRIORITY,,priority,0.95
57068247,96761103,HIGH_PRIORITY,,priority,0.99
57068247,1521929,HIGH_PRIORITY,,priority,0.87
57068247,55521076,HIGH_PRIORITY,,priority,0.92
57068247,58364435,HIGH_PRIORITY,,priority,0.92
57068247,129346942,HIGH_PRIORITY,,priority,0.93
57068247,620446,HIGH_PRIORITY,,priority,0.89
57068247,744274,HIGH_PRIORITY,,priority,0.89
57068247,53614936,HIGH_PRIORITY,,priority,0.9
167980584,164942415,HIGH_PRIORITY,,priority,0.94
167980584,68717763,HIGH_PRIORITY,,priority,0.88
167980584,85496930,HIGH_PRIORITY,,priority,0.93
167980584,423940,HIGH_PRIORITY,,priority,0.98
167980584,78581810,HIGH_PRIORITY,,priority,0.92
167980584,1613316,HIGH_PRIORITY,,priority,0.95
167980584,924410,HIGH_PRIORITY,,priority,0.97
167980584,74973,HIGH_PRIORITY,,priority,0.89
167980584,113859,HIGH_PRIORITY,,priority,0.98
167980584,165114183,HIGH_PRIORITY,,priority,0.85
167980584,115890725,HIGH_PRIORITY,,priority,0.97
167980584,115610259,HIGH_PRIORITY,,priority,0.95
167980584,153877940,HIGH_PRIORITY,,priority,0.97
167980584,19064509,HIGH_PRIORITY,,priority,0.9
167980584,129504169,HIGH_PRIORITY,,priority,0.86
49330706,70296877,HIGH_PRIORITY,,priority,0.92
49330706,12014790,HIGH_PRIORITY,,priority,0.91
49330706,152506238,HIGH_PRIORITY,,priority,0.99
49330706,196209345,HIGH_PRIORITY,,priority,0.87
49330706,60482693,HIGH_PRIORITY,,priority,0.99
49330706,178446004,HIGH_PRIORITY,,priority,0.86
49330706,110206170,HIGH_PRIORITY,,priority,0.85
49330706,107827883,HIGH_PRIORITY,,priority,0.91
49330706,182326092,HIGH_PRIORITY,,priority,0.87
49330706,156039658,HIGH_PRIORITY,,priority,0.97
49330706,91821188,HIGH_PRIORITY,,priority,0.96
49330706,180254563,HIGH_PRIORITY,,priority,0.97
49330706,672002,HIGH_PRIORITY,,priority,0.94
49330706,111815517,HIGH_PRIORITY,,priority,0.86
49330706,125030299,HIGH_PRIORITY,,priority,0.85
1849334,158475096,HIGH_PRIORITY,,priority,0.98
1849334,124407463,HIGH_PRIORITY,,priority,0.9
1849334,94795877,HIGH_PRIORITY,,priority,0.87
1849334,136522607,HIGH_PRIORITY,,priority,0.89
1849334,72692293,HIGH_PRIORITY,,priority,0.97
1849334,165877011,HIGH_PRIORITY,,priority,0.91
1849334,401870,HIGH_PRIORITY,,priority,0.91
1849334,117674129,HIGH_PRIORITY,,priority,0.86
1849334,193253669,HIGH_PRIORITY,,priority,0.88
1849334,6477810,HIGH_PRIORITY,,priority,0.88
1849334,60555162,HIGH_PRIORITY,,priority,0.94
1849334,186286802,HIGH_PRIORITY,,priority,0.96
1849334,14311254,HIGH_PRIORITY,,priority,0.85
1849334,127592460,HIGH_PRIORITY,,priority,0.89
1849334,177866543,HIGH_PRIORITY,,priority,0.88
136316468,79560369,HIGH_PRIORITY,,priority,0.94
136316468,1949928,HIGH_PRIORITY,,priority,0.85
136316468,144462993,HIGH_PRIORITY,,priority,0.93
136316468,1757787,HIGH_PRIORITY,,priority,0.94
136316468,153110634,HIGH_PRIORITY,,priority,0.99
136316468,134716822,HIGH_PRIORITY,,priority,0.86
136316468,166294510,HIGH_PRIORITY,,priority,0.96
136316468,170545796,HIGH_PRIORITY,,priority,0.9
136316468,94303482,HIGH_PRIORITY,,priority,0.88
136316468,1250618,HIGH_PRIORITY,,priority,0.91
136316468,158377577,HIGH_PRIORITY,,priority,0.91
136316468,929009,HIGH_PRIORITY,,priority,0.99
136316468,98188757,HIGH_PRIORITY,,priority,0.92
136316468,1620498,HIGH_PRIORITY,,priority,0.96
136316468,96298754,HIGH_PRIORITY,,priority,0.93
1085729,116650458,HIGH_PRIORITY,,priority,0.87
1085729,181432155,HIGH_PRIORITY,,priority,0.99
1085729,148484601,HIGH_PRIORITY,,priority,0.91
1085729,179742359,HIGH_PRIORITY,,priority,0.93
1085729,158671089,HIGH_PRIORITY,,priority,0.9
1085729,104027268,HIGH_PRIORITY,,priority,0.86
1085729,43416016,HIGH_PRIORITY,,priority,0.94
1085729,113961690,HIGH_PRIORITY,,priority,0.85
1085729,99993966,HIGH_PRIORITY,,priority,0.86
1085729,134374121,HIGH_PRIORITY,,priority,0.97
1085729,11987089,HIGH_PRIORITY,,priority,0.88
1085729,184369537,HIGH_PRIORITY,,priority,0.95
1085729,99979407,HIGH_PRIORITY,,priority,0.92
1085729,190824647,HIGH_PRIORITY,,priority,0.9
1085729,113820750,HIGH_PRIORITY,,priority,0.91
141042797,190020118,HIGH_PRIORITY,,priority,0.87
141042797,457522,HIGH_PRIORITY,,priority,0.97
141042797,171785745,HIGH_PRIORITY,,priority,0.9
141042797,173220610,HIGH_PRIORITY,,priority,0.93
141042797,107339629,HIGH_PRIORITY,,priority,0.87
141042797,163351023,HIGH_PRIORITY,,priority,0.95
141042797,187268566,HIGH_PRIORITY,,priority,0.9
141042797,141297526,HIGH_PRIORITY,,priority,0.97
141042797,124599744,HIGH_PRIORITY,,priority,0.99
141042797,180854022,HIGH_PRIORITY,,priority,0.93
141042797,942334,HIGH_PRIORITY,,priority,0.91
141042797,80791976,HIGH_PRIORITY,,priority,0.92
141042797,194043218,HIGH_PRIORITY,,priority,0.88
141042797,92177856,HIGH_PRIORITY,,priority,0.92
141042797,167049622,HIGH_PRIORITY,,priority,0.86
1335962,64597862,HIGH_PRIORITY,,priority,0.96
1335962,173231285,HIGH_PRIORITY,,priority,0.9
1335962,124387248,HIGH_PRIORITY,,priority,0.91
1335962,93645895,HIGH_PRIORITY,,priority,0.99
1335962,177382979,HIGH_PRIORITY,,priority,0.95
1335962,119719572,HIGH_PRIORITY,,priority,0.98
1335962,108404143,HIGH_PRIORITY,,priority,0.95
1335962,190807486,HIGH_PRIORITY,,priority,0.99
1335962,940877,HIGH_PRIORITY,,priority,0.89
1335962,103027249,HIGH_PRIORITY,,priority,0.86
1335962,49164302,HIGH_PRIORITY,,priority,0.88
1335962,167708067,HIGH_PRIORITY,,priority,0.92
1335962,46655,HIGH_PRIORITY,,priority,0.98
1335962,180449535,HIGH_PRIORITY,,priority,0.96
1335962,73967119,HIGH_PRIORITY,,priority,0.94
176593093,4618746,HIGH_PRIORITY,,priority,0.95
176593093,1659415,HIGH_PRIORITY,,priority,0.99
176593093,132896563,HIGH_PRIORITY,,priority,0.97
176593093,1556422,HIGH_PRIORITY,,priority,0.94
176593093,599677,HIGH_PRIORITY,,priority,0.93
176593093,93232429,HIGH_PRIORITY,,priority,0.88
176593093,747619,HIGH_PRIORITY,,priority,0.95
176593093,174762252,HIGH_PRIORITY,,priority,0.99
176593093,76185,HIGH_PRIORITY,,priority,0.88
176593093,84403377,HIGH_PRIORITY,,priority,0.96
176593093,80739161,HIGH_PRIORITY,,priority,0.95
176593093,177198859,HIGH_PRIORITY,,priority,0.93
176593093,119305479,HIGH_PRIORITY,,priority,0.91
176593093,84869469,HIGH_PRIORITY,,priority,0.99
176593093,11319909,HIGH_PRIORITY,,priority,0.93
775976,123837767,HIGH_PRIORITY,,priority,0.96
775976,158778037,HIGH_PRIORITY,,priority,0.86
775976,142282374,HIGH_PRIORITY,,priority,0.9
775976,115578550,HIGH_PRIORITY,,priority,0.87
775976,1324209,HIGH_PRIORITY,,priority,0.9
775976,111875696,HIGH_PRIORITY,,priority,0.98
775976,148148390,HIGH_PRIORITY,,priority,0.86
775976,135485481,HIGH_PRIORITY,,priority,0.95
775976,190849681,HIGH_PRIORITY,,priority,0.94
775976,660815,HIGH_PRIORITY,,priority,0.87
775976,48771822,HIGH_PRIORITY,,priority,0.87
775976,87424396,HIGH_PRIORITY,,priority,0.93
775976,50042,HIGH_PRIORITY,,priority,0.92
775976,805933,HIGH_PRIORITY,,priority,0.94
775976,70851108,HIGH_PRIORITY,,priority,0.87
1400017,1862797,HIGH_PRIORITY,,priority,0.95
1400017,105826144,HIGH_PRIORITY,,priority,0.89
1400017,120633825,HIGH_PRIORITY,,priority,0.87
1400017,85692708,HIGH_PRIORITY,,priority,0.91
1400017,93389919,HIGH_PRIORITY,,priority,0.94
1400017,89592463,HIGH_PRIORITY,,priority,0.85
1400017,787111,HIGH_PRIORITY,,priority,0.88
1400017,20302757,HIGH_PRIORITY,,priority,0.92
1400017,190850315,HIGH_PRIORITY,,priority,0.89
1400017,158571778,HIGH_PRIORITY,,priority,0.92
1400017,54206437,HIGH_PRIORITY,,priority,0.88
1400017,172789125,HIGH_PRIORITY,,priority,0.97
1400017,93412598,HIGH_PRIORITY,,priority,0.97
1400017,181531663,HIGH_PRIORITY,,priority,0.98
1400017,111984967,HIGH_PRIORITY,,priority,0.95
88592478,1447604,HIGH_PRIORITY,,priority,0.99
88592478,183726790,HIGH_PRIORITY,,priority,0.93
88592478,180951830,HIGH_PRIORITY,,priority,0.91
88592478,76555667,HIGH_PRIORITY,,priority,0.9
88592478,131088949,HIGH_PRIORITY,,priority,0.98
88592478,6522303,HIGH_PRIORITY,,priority,0.96
88592478,1624880,HIGH_PRIORITY,,priority,0.88
88592478,42063961,HIGH_PRIORITY,,priority,0.99
88592478,105820229,HIGH_PRIORITY,,priority,0.92
88592478,134789593,HIGH_PRIORITY,,priority,0.89
88592478,187805532,HIGH_PRIORITY,,priority,0.92
88592478,60517800,HIGH_PRIORITY,,priority,0.88
88592478,8034514,HIGH_PRIORITY,,priority,0.95
88592478,104196486,HIGH_PRIORITY,,priority,0.97
88592478,97682342,HIGH_PRIORITY,,priority,0.97
7950544,14441595,HIGH_PRIORITY,,priority,0.91
7950544,61819591,HIGH_PRIORITY,,priority,0.98
7950544,47491612,HIGH_PRIORITY,,priority,0.89
7950544,163809142,HIGH_PRIORITY,,priority,0.97
7950544,184202238,HIGH_PRIORITY,,priority,0.96
7950544,129967292,HIGH_PRIORITY,,priority,0.93
7950544,964013,HIGH_PRIORITY,,priority,0.94
7950544,1803973,HIGH_PRIORITY,,priority,0.87
7950544,147395391,HIGH_PRIORITY,,priority,0.93
7950544,1439753,HIGH_PRIORITY,,priority,0.91
7950544,85593252,HIGH_PRIORITY,,priority,0.91
7950544,166372918,HIGH_PRIORITY,,priority,0.89
7950544,6917775,HIGH_PRIORITY,,priority,0.99
7950544,145781234,HIGH_PRIORITY,,priority,0.93
7950544,72781123,HIGH_PRIORITY,,priority,0.98
56779885,178592998,HIGH_PRIORITY,,priority,0.85
56779885,1411150,HIGH_PRIORITY,,priority,0.86
56779885,696688,HIGH_PRIORITY,,priority,0.92
56779885,185943,HIGH_PRIORITY,,priority,0.87
56779885,114792728,HIGH_PRIORITY,,priority,0.97
56779885,69192789,HIGH_PRIORITY,,priority,0.98
56779885,173220610,HIGH_PRIORITY,,priority,0.97
56779885,97043774,HIGH_PRIORITY,,priority,0.98
56779885,153744964,HIGH_PRIORITY,,priority,0.89
56779885,180487418,HIGH_PRIORITY,,priority,0.86
56779885,198367278,HIGH_PRIORITY,,priority,0.99
56779885,123553375,HIGH_PRIORITY,,priority,0.87
56779885,1096534,HIGH_PRIORITY,,priority,0.98
56779885,178012357,HIGH_PRIORITY,,priority,0.86
56779885,60410629,HIGH_PRIORITY,,priority,0.87
59481299,186704390,HIGH_PRIORITY,,priority,0.94
59481299,59235680,HIGH_PRIORITY,,priority,0.95
59481299,140139491,HIGH_PRIORITY,,priority,0.87
59481299,1211302,HIGH_PRIORITY,,priority,0.95
59481299,142395157,HIGH_PRIORITY,,priority,0.97
59481299,1421540,HIGH_PRIORITY,,priority,0.88
59481299,159536072,HIGH_PRIORITY,,priority,0.88
59481299,126025737,HIGH_PRIORITY,,priority,0.86
59481299,73774150,HIGH_PRIORITY,,priority,0.86
59481299,199498673,HIGH_PRIORITY,,priority,0.98
59481299,568420,HIGH_PRIORITY,,priority,0.92
59481299,6681059,HIGH_PRIORITY,,priority,0.96
59481299,186446311,HIGH_PRIORITY,,priority,0.98
59481299,129157838,HIGH_PRIORITY,,priority,0.93
59481299,188851492,HIGH_PRIORITY,,priority,0.91
60142848,79552328,HIGH_PRIORITY,,priority,0.95
60142848,184695799,HIGH_PRIORITY,,priority,0.99
60142848,44381734,HIGH_PRIORITY,,priority,0.88
60142848,148998060,HIGH_PRIORITY,,priority,0.88
60142848,5607693,HIGH_PRIORITY,,priority,0.94
60142848,110155930,HIGH_PRIORITY,,priority,0.91
60142848,86850783,HIGH_PRIORITY,,priority,0.93
60142848,1937951,HIGH_PRIORITY,,priority,0.99
60142848,1248598,HIGH_PRIORITY,,priority,0.91
60142848,111373984,HIGH_PRIORITY,,priority,0.97
60142848,82428994,HIGH_PRIORITY,,priority,0.92
60142848,6281662,HIGH_PRIORITY,,priority,0.92
60142848,127350325,HIGH_PRIORITY,,priority,0.87
60142848,160381845,HIGH_PRIORITY,,priority,0.9
60142848,191917253,HIGH_PRIORITY,,priority,0.9
500341,44905026,HIGH_PRIORITY,,priority,0.96
500341,161391673,HIGH_PRIORITY,,priority,0.89
500341,172390991,HIGH_PRIORITY,,priority,0.94
500341,5827679,HIGH_PRIORITY,,priority,0.92
500341,126971237,HIGH_PRIORITY,,priority,0.91
500341,146328835,HIGH_PRIORITY,,priority,0.9
500341,6695028,HIGH_PRIORITY,,priority,0.86
500341,187283555,HIGH_PRIORITY,,priority,0.88
500341,134006074,HIGH_PRIORITY,,priority,0.9
500341,84004108,HIGH_PRIORITY,,priority,0.9
500341,86434673,HIGH_PRIORITY,,priority,0.86
500341,1946477,HIGH_PRIORITY,,priority,0.96
500341,47428074,HIGH_PRIORITY,,priority,0.94
500341,802535,HIGH_PRIORITY,,priority,0.96
500341,1645719,HIGH_PRIORITY,,priority,0.89
1298171,1593807,HIGH_PRIORITY,,priority,0.98
1298171,189105779,HIGH_PRIORITY,,priority,0.95
1298171,1798983,HIGH_PRIORITY,,priority,0.95
1298171,32938911,HIGH_PRIORITY,,priority,0.96
1298171,155411354,HIGH_PRIORITY,,priority,0.94
1298171,147183194,HIGH_PRIORITY,,priority,0.92
1298171,187387822,HIGH_PRIORITY,,priority,0.93
1298171,406759,HIGH_PRIORITY,,priority,0.92
1298171,182726357,HIGH_PRIORITY,,priority,0.98
1298171,147765642,HIGH_PRIORITY,,priority,0.87
1298171,56315466,HIGH_PRIORITY,,priority,0.86
1298171,89993947,HIGH_PRIORITY,,priority,0.85
1298171,118167993,HIGH_PRIORITY,,priority,0.89
1298171,1895105,HIGH_PRIORITY,,priority,0.97
1298171,15758564,HIGH_PRIORITY,,priority,0.95
135638698,194000992,HIGH_PRIORITY,,priority,0.88
135638698,143844637,HIGH_PRIORITY,,priority,0.88
135638698,1120819,HIGH_PRIORITY,,priority,0.85
135638698,132912921,HIGH_PRIORITY,,priority,0.88
135638698,1136707,HIGH_PRIORITY,,priority,0.98
135638698,147083035,HIGH_PRIORITY,,priority,0.91
135638698,175328943,HIGH_PRIORITY,,priority,0.91
135638698,146461131,HIGH_PRIORITY,,priority,0.87
135638698,111685328,HIGH_PRIORITY,,priority,0.99
135638698,1667989,HIGH_PRIORITY,,priority,0.86
135638698,178514078,HIGH_PRIORITY,,priority,0.87
135638698,166715872,HIGH_PRIORITY,,priority,0.94
135638698,127262955,HIGH_PRIORITY,,priority,0.95
135638698,7679225,HIGH_PRIORITY,,priority,0.96
135638698,1362923,HIGH_PRIORITY,,priority,0.87
97959618,108404077,HIGH_PRIORITY,,priority,0.86
97959618,129684334,HIGH_PRIORITY,,priority,0.95
97959618,149716741,HIGH_PRIORITY,,priority,0.98
97959618,171660951,HIGH_PRIORITY,,priority,0.86
97959618,64939604,HIGH_PRIORITY,,priority,0.95
97959618,190927193,HIGH_PRIORITY,,priority,0.96
97959618,90071979,HIGH_PRIORITY,,priority,0.96
97959618,131218474,HIGH_PRIORITY,,priority,0.99
97959618,118445467,HIGH_PRIORITY,,priority,0.93
97959618,80373269,HIGH_PRIORITY,,priority,0.94
97959618,84058454,HIGH_PRIORITY,,priority,0.95
97959618,1044410,HIGH_PRIORITY,,priority,0.93
97959618,173579768,HIGH_PRIORITY,,priority,0.91
97959618,885414,HIGH_PRIORITY,,priority,0.99
97959618,161750672,HIGH_PRIORITY,,priority,0.94
63893060,98718775,HIGH_PRIORITY,,priority,0.91
63893060,139443060,HIGH_PRIORITY,,priority,0.98
63893060,1021195,HIGH_PRIORITY,,priority,0.88
63893060,135433032,HIGH_PRIORITY,,priority,0.94
63893060,180082667,HIGH_PRIORITY,,priority,0.87
63893060,185781584,HIGH_PRIORITY,,priority,0.96
63893060,42653583,HIGH_PRIORITY,,priority,0.9
63893060,105460254,HIGH_PRIORITY,,priority,0.9
63893060,47999747,HIGH_PRIORITY,,priority,0.9
63893060,164955525,HIGH_PRIORITY,,priority,0.88
63893060,129842913,HIGH_PRIORITY,,priority,0.93
63893060,58039800,HIGH_PRIORITY,,priority,0.86
63893060,15103136,HIGH_PRIORITY,,priority,0.99
63893060,435741,HIGH_PRIORITY,,priority,0.91
63893060,86299618,HIGH_PRIORITY,,priority,0.97
